date,strategy_id,market,category,sector_or_index,contribution,cumulative_contribution,portfolio_value_local,portfolio_value_usd_if_applicable,drawdown
2015-01-31,US_BROAD_INDEX_SPY,US,broad_index,SPY,1000.0,1000.0,990.2194358126707,,0.0
2015-02-28,US_BROAD_INDEX_SPY,US,broad_index,SPY,1000.0,2000.0,2078.9265247713697,,0.0
2015-03-31,US_BROAD_INDEX_SPY,US,broad_index,SPY,1000.0,3000.0,3018.3132658815216,,0.0
2015-04-30,US_BROAD_INDEX_SPY,US,broad_index,SPY,1000.0,4000.0,4058.024679108599,,0.0
2015-05-31,US_BROAD_INDEX_SPY,US,broad_index,SPY,1000.0,5000.0,5117.73486015131,,0.0
2015-06-30,US_BROAD_INDEX_SPY,US,broad_index,SPY,1000.0,6000.0,5960.50350211065,,0.0
2015-07-31,US_BROAD_INDEX_SPY,US,broad_index,SPY,1000.0,7000.0,7108.481346624547,,0.0
2015-08-31,US_BROAD_INDEX_SPY,US,broad_index,SPY,1000.0,8000.0,7614.4914938537,,0.0
2015-09-30,US_BROAD_INDEX_SPY,US,broad_index,SPY,1000.0,9000.0,8366.460300129836,,0.0
2015-10-31,US_BROAD_INDEX_SPY,US,broad_index,SPY,1000.0,10000.0,10123.508468848588,,0.0
2015-11-30,US_BROAD_INDEX_SPY,US,broad_index,SPY,1000.0,11000.0,11147.92536557137,,0.0
2015-12-31,US_BROAD_INDEX_SPY,US,broad_index,SPY,1000.0,12000.0,11858.39913844994,,0.0
2016-01-31,US_BROAD_INDEX_SPY,US,broad_index,SPY,1000.0,13000.0,12244.716453554662,,0.0
2016-02-29,US_BROAD_INDEX_SPY,US,broad_index,SPY,1000.0,14000.0,13245.835291257037,,0.0
2016-03-31,US_BROAD_INDEX_SPY,US,broad_index,SPY,1000.0,15000.0,15103.635555792018,,0.0
2016-04-30,US_BROAD_INDEX_SPY,US,broad_index,SPY,1000.0,16000.0,16173.642591652653,,0.0
2016-05-31,US_BROAD_INDEX_SPY,US,broad_index,SPY,1000.0,17000.0,17472.441073638103,,0.0
2016-06-30,US_BROAD_INDEX_SPY,US,broad_index,SPY,1000.0,18000.0,18444.18693019547,,0.0
2016-07-31,US_BROAD_INDEX_SPY,US,broad_index,SPY,1000.0,19000.0,20161.569629764203,,0.0
2016-08-31,US_BROAD_INDEX_SPY,US,broad_index,SPY,1000.0,20000.0,21194.531471665858,,0.0
2016-09-30,US_BROAD_INDEX_SPY,US,broad_index,SPY,1000.0,21000.0,22077.62476477945,,0.0
2016-10-31,US_BROAD_INDEX_SPY,US,broad_index,SPY,1000.0,22000.0,22681.587276107286,,0.0
2016-11-30,US_BROAD_INDEX_SPY,US,broad_index,SPY,1000.0,23000.0,24563.3310559856,,0.0
2016-12-31,US_BROAD_INDEX_SPY,US,broad_index,SPY,1000.0,24000.0,25923.499817664913,,0.0
2017-01-31,US_BROAD_INDEX_SPY,US,broad_index,SPY,1000.0,25000.0,27395.85838466892,,0.0
2017-02-28,US_BROAD_INDEX_SPY,US,broad_index,SPY,1000.0,26000.0,29511.575189691226,,0.0
2017-03-31,US_BROAD_INDEX_SPY,US,broad_index,SPY,1000.0,27000.0,30409.355142896973,,0.0
2017-04-30,US_BROAD_INDEX_SPY,US,broad_index,SPY,1000.0,28000.0,31718.907105261624,,0.0
2017-05-31,US_BROAD_INDEX_SPY,US,broad_index,SPY,1000.0,29000.0,33177.73535100615,,0.0
2017-06-30,US_BROAD_INDEX_SPY,US,broad_index,SPY,1000.0,30000.0,34219.81604379444,,0.0
2017-07-31,US_BROAD_INDEX_SPY,US,broad_index,SPY,1000.0,31000.0,35940.23937864709,,0.0
2017-08-31,US_BROAD_INDEX_SPY,US,broad_index,SPY,1000.0,32000.0,37045.18310545638,,0.0
2017-09-30,US_BROAD_INDEX_SPY,US,broad_index,SPY,1000.0,33000.0,38622.782925825464,,0.0
2017-10-31,US_BROAD_INDEX_SPY,US,broad_index,SPY,1000.0,34000.0,40550.54247057032,,0.0
2017-11-30,US_BROAD_INDEX_SPY,US,broad_index,SPY,1000.0,35000.0,42817.01680773228,,0.0
2017-12-31,US_BROAD_INDEX_SPY,US,broad_index,SPY,1000.0,36000.0,44129.43351254311,,0.0
2018-01-31,US_BROAD_INDEX_SPY,US,broad_index,SPY,1000.0,37000.0,47664.643220864375,,0.0
2018-02-28,US_BROAD_INDEX_SPY,US,broad_index,SPY,1000.0,38000.0,46943.26896298529,,-0.015134368142365854
2018-03-31,US_BROAD_INDEX_SPY,US,broad_index,SPY,1000.0,39000.0,46447.51751126906,,-0.025535189762262517
2018-04-30,US_BROAD_INDEX_SPY,US,broad_index,SPY,1000.0,40000.0,47717.79228106802,,0.0
2018-05-31,US_BROAD_INDEX_SPY,US,broad_index,SPY,1000.0,41000.0,49901.10935991254,,0.0
2018-06-30,US_BROAD_INDEX_SPY,US,broad_index,SPY,1000.0,42000.0,50947.376049907965,,0.0
2018-07-31,US_BROAD_INDEX_SPY,US,broad_index,SPY,0.0,42000.0,52834.800517945965,,0.0
2018-08-31,US_BROAD_INDEX_SPY,US,broad_index,SPY,1000.0,43000.0,55552.35628574812,,0.0
2018-09-30,US_BROAD_INDEX_SPY,US,broad_index,SPY,1000.0,44000.0,56635.339100832716,,0.0
2018-10-31,US_BROAD_INDEX_SPY,US,broad_index,SPY,1000.0,45000.0,53646.06705061629,,-0.05278103914756063
2018-11-30,US_BROAD_INDEX_SPY,US,broad_index,SPY,1000.0,46000.0,55634.28102113812,,-0.01767550253230276
2018-12-31,US_BROAD_INDEX_SPY,US,broad_index,SPY,0.0,46000.0,50441.21066135369,,-0.10936861220961515
2019-01-31,US_BROAD_INDEX_SPY,US,broad_index,SPY,1000.0,47000.0,55577.18206655666,,-0.01868368850749046
2019-02-28,US_BROAD_INDEX_SPY,US,broad_index,SPY,1000.0,48000.0,58400.35321510835,,0.0
2019-03-31,US_BROAD_INDEX_SPY,US,broad_index,SPY,1000.0,49000.0,60208.61655608372,,0.0
2019-04-30,US_BROAD_INDEX_SPY,US,broad_index,SPY,1000.0,50000.0,63691.60014152446,,0.0
2019-05-31,US_BROAD_INDEX_SPY,US,broad_index,SPY,1000.0,51000.0,60563.9171166129,,-0.04910667996975681
2019-06-30,US_BROAD_INDEX_SPY,US,broad_index,SPY,1000.0,52000.0,65502.603337990826,,0.0
2019-07-31,US_BROAD_INDEX_SPY,US,broad_index,SPY,1000.0,53000.0,67493.80653475058,,0.0
2019-08-31,US_BROAD_INDEX_SPY,US,broad_index,SPY,1000.0,54000.0,67392.03801629544,,-0.001507820104986074
2019-09-30,US_BROAD_INDEX_SPY,US,broad_index,SPY,1000.0,55000.0,69399.91443583282,,0.0
2019-10-31,US_BROAD_INDEX_SPY,US,broad_index,SPY,1000.0,56000.0,71974.55859077524,,0.0
2019-11-30,US_BROAD_INDEX_SPY,US,broad_index,SPY,1000.0,57000.0,75603.62181244396,,0.0
2019-12-31,US_BROAD_INDEX_SPY,US,broad_index,SPY,1000.0,58000.0,78455.60255061314,,0.0
2020-01-31,US_BROAD_INDEX_SPY,US,broad_index,SPY,0.0,58000.0,78423.92039810991,,-0.000403822690454637
2020-02-29,US_BROAD_INDEX_SPY,US,broad_index,SPY,1000.0,59000.0,73107.05538381392,,-0.06817291554607306
2020-03-31,US_BROAD_INDEX_SPY,US,broad_index,SPY,1000.0,60000.0,64446.0638828749,,-0.17856645302928406
2020-04-30,US_BROAD_INDEX_SPY,US,broad_index,SPY,1000.0,61000.0,73801.03895531956,,-0.05932735768985829
2020-05-31,US_BROAD_INDEX_SPY,US,broad_index,SPY,1000.0,62000.0,78373.82874170401,,-0.001042294065058964
2020-06-30,US_BROAD_INDEX_SPY,US,broad_index,SPY,1000.0,63000.0,80408.21493955195,,0.0
2020-07-31,US_BROAD_INDEX_SPY,US,broad_index,SPY,1000.0,64000.0,86198.38641743241,,0.0
2020-08-31,US_BROAD_INDEX_SPY,US,broad_index,SPY,1000.0,65000.0,93268.56776064957,,0.0
2020-09-30,US_BROAD_INDEX_SPY,US,broad_index,SPY,1000.0,66000.0,90362.54665445178,,-0.031157561180261344
2020-10-31,US_BROAD_INDEX_SPY,US,broad_index,SPY,1000.0,67000.0,89075.2369459402,,-0.04495974276640027
2020-11-30,US_BROAD_INDEX_SPY,US,broad_index,SPY,1000.0,68000.0,99826.75506366999,,0.0
2020-12-31,US_BROAD_INDEX_SPY,US,broad_index,SPY,1000.0,69000.0,104110.5876855112,,0.0
2021-01-31,US_BROAD_INDEX_SPY,US,broad_index,SPY,1000.0,70000.0,104050.62993653065,,-0.0005759044330982735
2021-02-28,US_BROAD_INDEX_SPY,US,broad_index,SPY,1000.0,71000.0,107938.36991962873,,0.0
2021-03-31,US_BROAD_INDEX_SPY,US,broad_index,SPY,1000.0,72000.0,113497.64953160856,,0.0
2021-04-30,US_BROAD_INDEX_SPY,US,broad_index,SPY,1000.0,73000.0,120530.84657727508,,0.0
2021-05-31,US_BROAD_INDEX_SPY,US,broad_index,SPY,1000.0,74000.0,122328.63359936034,,0.0
2021-06-30,US_BROAD_INDEX_SPY,US,broad_index,SPY,1000.0,75000.0,125682.59570599375,,0.0
2021-07-31,US_BROAD_INDEX_SPY,US,broad_index,SPY,1000.0,76000.0,129762.00523527505,,0.0
2021-08-31,US_BROAD_INDEX_SPY,US,broad_index,SPY,1000.0,77000.0,134650.48788570997,,0.0
2021-09-30,US_BROAD_INDEX_SPY,US,broad_index,SPY,1000.0,78000.0,128913.33249862211,,-0.04260775788616153
2021-10-31,US_BROAD_INDEX_SPY,US,broad_index,SPY,1000.0,79000.0,139028.18861381753,,0.0
2021-11-30,US_BROAD_INDEX_SPY,US,broad_index,SPY,1000.0,80000.0,138898.67563070965,,-0.0009315591636429427
2021-12-31,US_BROAD_INDEX_SPY,US,broad_index,SPY,1000.0,81000.0,145842.52061357928,,0.0
2022-01-31,US_BROAD_INDEX_SPY,US,broad_index,SPY,1000.0,82000.0,139093.493774717,,-0.04627612585457387
2022-02-28,US_BROAD_INDEX_SPY,US,broad_index,SPY,1000.0,83000.0,135946.44251839942,,-0.06785454648991064
2022-03-31,US_BROAD_INDEX_SPY,US,broad_index,SPY,1000.0,84000.0,141664.43552832963,,-0.028647921522967926
2022-04-30,US_BROAD_INDEX_SPY,US,broad_index,SPY,1000.0,85000.0,130152.60978811138,,-0.10758118249368097
2022-05-31,US_BROAD_INDEX_SPY,US,broad_index,SPY,1000.0,86000.0,131436.44844440185,,-0.09877827199207156
2022-06-30,US_BROAD_INDEX_SPY,US,broad_index,SPY,1000.0,87000.0,120988.09879597167,,-0.17041958485798026
2022-07-31,US_BROAD_INDEX_SPY,US,broad_index,SPY,1000.0,88000.0,133207.78159873787,,-0.08663275265461232
2022-08-31,US_BROAD_INDEX_SPY,US,broad_index,SPY,1000.0,89000.0,128735.7924474971,,-0.11729588938885492
2022-09-30,US_BROAD_INDEX_SPY,US,broad_index,SPY,1000.0,90000.0,117271.56165079538,,-0.19590280559182602
2022-10-31,US_BROAD_INDEX_SPY,US,broad_index,SPY,1000.0,91000.0,127837.20581722794,,-0.12345723812644312
2022-11-30,US_BROAD_INDEX_SPY,US,broad_index,SPY,1000.0,92000.0,136005.8138637585,,-0.06744745433935474
2022-12-31,US_BROAD_INDEX_SPY,US,broad_index,SPY,1000.0,93000.0,128555.43335976198,,-0.11853255951068438
2023-01-31,US_BROAD_INDEX_SPY,US,broad_index,SPY,1000.0,94000.0,137700.75406931905,,-0.05582573936604163
2023-02-28,US_BROAD_INDEX_SPY,US,broad_index,SPY,1000.0,95000.0,135216.49932283149,,-0.0728595559514652
2023-03-31,US_BROAD_INDEX_SPY,US,broad_index,SPY,1000.0,96000.0,140732.2296913341,,-0.035039787441587665
2023-04-30,US_BROAD_INDEX_SPY,US,broad_index,SPY,1000.0,97000.0,144000.0787947934,,-0.012633090891699348
2023-05-31,US_BROAD_INDEX_SPY,US,broad_index,SPY,1000.0,98000.0,145680.5880428851,,-0.001110324821683805
2023-06-30,US_BROAD_INDEX_SPY,US,broad_index,SPY,1000.0,99000.0,155581.2208543682,,0.0
2023-07-31,US_BROAD_INDEX_SPY,US,broad_index,SPY,1000.0,100000.0,161709.83995689076,,0.0
2023-08-31,US_BROAD_INDEX_SPY,US,broad_index,SPY,1000.0,101000.0,160075.33369104,,-0.010107648775649644
2023-09-30,US_BROAD_INDEX_SPY,US,broad_index,SPY,1000.0,102000.0,152899.61922405066,,-0.05448166132122054
2023-10-31,US_BROAD_INDEX_SPY,US,broad_index,SPY,1000.0,103000.0,150571.2112445443,,-0.06888033972030295
2023-11-30,US_BROAD_INDEX_SPY,US,broad_index,SPY,1000.0,104000.0,165413.6994913219,,0.0
2023-12-31,US_BROAD_INDEX_SPY,US,broad_index,SPY,1000.0,105000.0,173303.24163680588,,0.0
2024-01-31,US_BROAD_INDEX_SPY,US,broad_index,SPY,1000.0,106000.0,177089.81456330896,,0.0
2024-02-29,US_BROAD_INDEX_SPY,US,broad_index,SPY,1000.0,107000.0,187355.3286580748,,0.0
2024-03-31,US_BROAD_INDEX_SPY,US,broad_index,SPY,1000.0,108000.0,193907.44601710144,,0.0
2024-04-30,US_BROAD_INDEX_SPY,US,broad_index,SPY,1000.0,109000.0,187058.76442021012,,-0.03531933268971684
2024-05-31,US_BROAD_INDEX_SPY,US,broad_index,SPY,1000.0,110000.0,197571.97221404433,,0.0
2024-06-30,US_BROAD_INDEX_SPY,US,broad_index,SPY,1000.0,111000.0,204909.92608370364,,0.0
2024-07-31,US_BROAD_INDEX_SPY,US,broad_index,SPY,1000.0,112000.0,208395.06943148692,,0.0
2024-08-31,US_BROAD_INDEX_SPY,US,broad_index,SPY,1000.0,113000.0,214330.96746231942,,0.0
2024-09-30,US_BROAD_INDEX_SPY,US,broad_index,SPY,1000.0,114000.0,219206.56543319006,,0.0
2024-10-31,US_BROAD_INDEX_SPY,US,broad_index,SPY,1000.0,115000.0,218252.09558144122,,-0.004354202849091887
2024-11-30,US_BROAD_INDEX_SPY,US,broad_index,SPY,1000.0,116000.0,232289.8815975676,,0.0
2024-12-31,US_BROAD_INDEX_SPY,US,broad_index,SPY,1000.0,117000.0,226908.23993130118,,-0.023167783414646932
2025-01-31,US_BROAD_INDEX_SPY,US,broad_index,SPY,0.0,117000.0,233002.17484884404,,0.0
2025-02-28,US_BROAD_INDEX_SPY,US,broad_index,SPY,1000.0,118000.0,231033.49198638368,,-0.008449203805661895
2025-03-31,US_BROAD_INDEX_SPY,US,broad_index,SPY,1000.0,119000.0,218476.1947448387,,-0.06234268033518919
2025-04-30,US_BROAD_INDEX_SPY,US,broad_index,SPY,1000.0,120000.0,217581.0383866553,,-0.06618451725694371
2025-05-31,US_BROAD_INDEX_SPY,US,broad_index,SPY,1000.0,121000.0,232307.1079247404,,-0.0029830920014138717
2025-06-30,US_BROAD_INDEX_SPY,US,broad_index,SPY,1000.0,122000.0,244559.54875647713,,0.0
2025-07-31,US_BROAD_INDEX_SPY,US,broad_index,SPY,1000.0,123000.0,251216.1763514351,,0.0
2025-08-31,US_BROAD_INDEX_SPY,US,broad_index,SPY,1000.0,124000.0,257396.44376733407,,0.0
2025-09-30,US_BROAD_INDEX_SPY,US,broad_index,SPY,1000.0,125000.0,266864.6017265094,,0.0
2025-10-31,US_BROAD_INDEX_SPY,US,broad_index,SPY,1000.0,126000.0,274254.4467808622,,0.0
2025-11-30,US_BROAD_INDEX_SPY,US,broad_index,SPY,1000.0,127000.0,275801.7026695572,,0.0
2025-12-31,US_BROAD_INDEX_SPY,US,broad_index,SPY,1000.0,128000.0,276210.4126618089,,0.0
2026-01-31,US_BROAD_INDEX_SPY,US,broad_index,SPY,1000.0,129000.0,281280.8235281514,,0.0
2026-02-28,US_BROAD_INDEX_SPY,US,broad_index,SPY,1000.0,130000.0,279843.68879839237,,-0.005109252425148629
2026-03-31,US_BROAD_INDEX_SPY,US,broad_index,SPY,1000.0,131000.0,266254.68965624133,,-0.05342039917060392
2026-04-30,US_BROAD_INDEX_SPY,US,broad_index,SPY,1000.0,132000.0,293384.8741215996,,0.0
2015-01-31,US_BROAD_INDEX_QQQ,US,broad_index,QQQ,1000.0,1000.0,1003.6731371473942,,0.0
2015-02-28,US_BROAD_INDEX_QQQ,US,broad_index,QQQ,1000.0,2000.0,2133.2925623292995,,0.0
2015-03-31,US_BROAD_INDEX_QQQ,US,broad_index,QQQ,1000.0,3000.0,3051.371167095261,,0.0
2015-04-30,US_BROAD_INDEX_QQQ,US,broad_index,QQQ,1000.0,4000.0,4129.252593634273,,0.0
2015-05-31,US_BROAD_INDEX_QQQ,US,broad_index,QQQ,1000.0,5000.0,5244.486220461172,,0.0
2015-06-30,US_BROAD_INDEX_QQQ,US,broad_index,QQQ,1000.0,6000.0,6070.81856069192,,0.0
2015-07-31,US_BROAD_INDEX_QQQ,US,broad_index,QQQ,1000.0,7000.0,7382.839951031261,,0.0
2015-08-31,US_BROAD_INDEX_QQQ,US,broad_index,QQQ,1000.0,8000.0,7810.25599342492,,0.0
2015-09-30,US_BROAD_INDEX_QQQ,US,broad_index,QQQ,1000.0,9000.0,8608.43756539186,,0.0
2015-10-31,US_BROAD_INDEX_QQQ,US,broad_index,QQQ,1000.0,10000.0,10659.798706355503,,0.0
2015-11-30,US_BROAD_INDEX_QQQ,US,broad_index,QQQ,1000.0,11000.0,11712.82668576315,,0.0
2015-12-31,US_BROAD_INDEX_QQQ,US,broad_index,QQQ,1000.0,12000.0,12461.524460674516,,0.0
2016-01-31,US_BROAD_INDEX_QQQ,US,broad_index,QQQ,1000.0,13000.0,12569.842693656363,,0.0
2016-02-29,US_BROAD_INDEX_QQQ,US,broad_index,QQQ,1000.0,14000.0,13369.871663314565,,0.0
2016-03-31,US_BROAD_INDEX_QQQ,US,broad_index,QQQ,1000.0,15000.0,15277.307966208922,,0.0
2016-04-30,US_BROAD_INDEX_QQQ,US,broad_index,QQQ,1000.0,16000.0,15760.446563138139,,0.0
2016-05-31,US_BROAD_INDEX_QQQ,US,broad_index,QQQ,1000.0,17000.0,17499.13989016064,,0.0
2016-06-30,US_BROAD_INDEX_QQQ,US,broad_index,QQQ,1000.0,18000.0,18032.716871020304,,0.0
2016-07-31,US_BROAD_INDEX_QQQ,US,broad_index,QQQ,1000.0,19000.0,20400.028226270868,,0.0
2016-08-31,US_BROAD_INDEX_QQQ,US,broad_index,QQQ,1000.0,20000.0,21627.911023796223,,0.0
2016-09-30,US_BROAD_INDEX_QQQ,US,broad_index,QQQ,1000.0,21000.0,23057.847632035508,,0.0
2016-10-31,US_BROAD_INDEX_QQQ,US,broad_index,QQQ,1000.0,22000.0,23707.27353553895,,0.0
2016-11-30,US_BROAD_INDEX_QQQ,US,broad_index,QQQ,1000.0,23000.0,24823.29134891016,,0.0
2016-12-31,US_BROAD_INDEX_QQQ,US,broad_index,QQQ,1000.0,24000.0,26046.103939444634,,0.0
2017-01-31,US_BROAD_INDEX_QQQ,US,broad_index,QQQ,1000.0,25000.0,28425.84692590632,,0.0
2017-02-28,US_BROAD_INDEX_QQQ,US,broad_index,QQQ,1000.0,26000.0,30705.921953912824,,0.0
2017-03-31,US_BROAD_INDEX_QQQ,US,broad_index,QQQ,1000.0,27000.0,32274.959685660255,,0.0
2017-04-30,US_BROAD_INDEX_QQQ,US,broad_index,QQQ,1000.0,28000.0,34179.890149337174,,0.0
2017-05-31,US_BROAD_INDEX_QQQ,US,broad_index,QQQ,1000.0,29000.0,36542.40670776328,,0.0
2017-06-30,US_BROAD_INDEX_QQQ,US,broad_index,QQQ,1000.0,30000.0,36559.16457232635,,0.0
2017-07-31,US_BROAD_INDEX_QQQ,US,broad_index,QQQ,1000.0,31000.0,39092.33042423538,,0.0
2017-08-31,US_BROAD_INDEX_QQQ,US,broad_index,QQQ,1000.0,32000.0,40914.779298423586,,0.0
2017-09-30,US_BROAD_INDEX_QQQ,US,broad_index,QQQ,1000.0,33000.0,41707.57669388021,,0.0
2017-10-31,US_BROAD_INDEX_QQQ,US,broad_index,QQQ,1000.0,34000.0,44673.705599876506,,0.0
2017-11-30,US_BROAD_INDEX_QQQ,US,broad_index,QQQ,1000.0,35000.0,46570.19970388481,,0.0
2017-12-31,US_BROAD_INDEX_QQQ,US,broad_index,QQQ,1000.0,36000.0,47776.42028572395,,0.0
2018-01-31,US_BROAD_INDEX_QQQ,US,broad_index,QQQ,1000.0,37000.0,53028.05755314232,,0.0
2018-02-28,US_BROAD_INDEX_QQQ,US,broad_index,QQQ,1000.0,38000.0,53376.01611510458,,0.0
2018-03-31,US_BROAD_INDEX_QQQ,US,broad_index,QQQ,1000.0,39000.0,52073.3992325378,,-0.024404535545659883
2018-04-30,US_BROAD_INDEX_QQQ,US,broad_index,QQQ,1000.0,40000.0,53380.38011801325,,0.0
2018-05-31,US_BROAD_INDEX_QQQ,US,broad_index,QQQ,1000.0,41000.0,57451.599168684894,,0.0
2018-06-30,US_BROAD_INDEX_QQQ,US,broad_index,QQQ,1000.0,42000.0,58966.081754057195,,0.0
2018-07-31,US_BROAD_INDEX_QQQ,US,broad_index,QQQ,0.0,42000.0,60615.00329459838,,0.0
2018-08-31,US_BROAD_INDEX_QQQ,US,broad_index,QQQ,1000.0,43000.0,65174.31277168282,,0.0
2018-09-30,US_BROAD_INDEX_QQQ,US,broad_index,QQQ,1000.0,44000.0,65875.473676646,,0.0
2018-10-31,US_BROAD_INDEX_QQQ,US,broad_index,QQQ,1000.0,45000.0,61123.41959560755,,-0.07213692465217346
2018-11-30,US_BROAD_INDEX_QQQ,US,broad_index,QQQ,1000.0,46000.0,61944.555296509185,,-0.059671956203791086
2018-12-31,US_BROAD_INDEX_QQQ,US,broad_index,QQQ,0.0,46000.0,56418.297427217745,,-0.14356141552544138
2019-01-31,US_BROAD_INDEX_QQQ,US,broad_index,QQQ,1000.0,47000.0,62615.73505173704,,-0.049483342479017166
2019-02-28,US_BROAD_INDEX_QQQ,US,broad_index,QQQ,1000.0,48000.0,65501.08826710615,,-0.00568322910856845
2019-03-31,US_BROAD_INDEX_QQQ,US,broad_index,QQQ,1000.0,49000.0,68976.34006298776,,0.0
2019-04-30,US_BROAD_INDEX_QQQ,US,broad_index,QQQ,1000.0,50000.0,73800.98966512867,,0.0
2019-05-31,US_BROAD_INDEX_QQQ,US,broad_index,QQQ,1000.0,51000.0,68642.51223309163,,-0.06989713085750719
2019-06-30,US_BROAD_INDEX_QQQ,US,broad_index,QQQ,1000.0,52000.0,74747.12282732339,,0.0
2019-07-31,US_BROAD_INDEX_QQQ,US,broad_index,QQQ,1000.0,53000.0,77495.5189055028,,0.0
2019-08-31,US_BROAD_INDEX_QQQ,US,broad_index,QQQ,1000.0,54000.0,77057.6701890384,,-0.005649987543128925
2019-09-30,US_BROAD_INDEX_QQQ,US,broad_index,QQQ,1000.0,55000.0,78615.7712695103,,0.0
2019-10-31,US_BROAD_INDEX_QQQ,US,broad_index,QQQ,1000.0,56000.0,83118.76457465846,,0.0
2019-11-30,US_BROAD_INDEX_QQQ,US,broad_index,QQQ,1000.0,57000.0,87526.81513141489,,0.0
2019-12-31,US_BROAD_INDEX_QQQ,US,broad_index,QQQ,1000.0,58000.0,91781.95657462603,,0.0
2020-01-31,US_BROAD_INDEX_QQQ,US,broad_index,QQQ,0.0,58000.0,94570.68736801225,,0.0
2020-02-29,US_BROAD_INDEX_QQQ,US,broad_index,QQQ,1000.0,59000.0,89736.1040305852,,-0.051121372509578655
2020-03-31,US_BROAD_INDEX_QQQ,US,broad_index,QQQ,1000.0,60000.0,83913.70930350272,,-0.11268796242369457
2020-04-30,US_BROAD_INDEX_QQQ,US,broad_index,QQQ,1000.0,61000.0,97663.50448993251,,0.0
2020-05-31,US_BROAD_INDEX_QQQ,US,broad_index,QQQ,1000.0,62000.0,105173.78792858147,,0.0
2020-06-30,US_BROAD_INDEX_QQQ,US,broad_index,QQQ,1000.0,63000.0,112639.66096393151,,0.0
2020-07-31,US_BROAD_INDEX_QQQ,US,broad_index,QQQ,1000.0,64000.0,121988.05650088374,,0.0
2020-08-31,US_BROAD_INDEX_QQQ,US,broad_index,QQQ,1000.0,65000.0,136427.9189026514,,0.0
2020-09-30,US_BROAD_INDEX_QQQ,US,broad_index,QQQ,1000.0,66000.0,129460.3787112184,,-0.0510712194943376
2020-10-31,US_BROAD_INDEX_QQQ,US,broad_index,QQQ,1000.0,67000.0,126487.7966847358,,-0.072859883064026
2020-11-30,US_BROAD_INDEX_QQQ,US,broad_index,QQQ,1000.0,68000.0,141743.55599202783,,0.0
2020-12-31,US_BROAD_INDEX_QQQ,US,broad_index,QQQ,1000.0,69000.0,149461.42650227324,,0.0
2021-01-31,US_BROAD_INDEX_QQQ,US,broad_index,QQQ,1000.0,70000.0,150876.69213937462,,0.0
2021-02-28,US_BROAD_INDEX_QQQ,US,broad_index,QQQ,1000.0,71000.0,151627.70896132593,,0.0
2021-03-31,US_BROAD_INDEX_QQQ,US,broad_index,QQQ,1000.0,72000.0,155042.11788028548,,0.0
2021-04-30,US_BROAD_INDEX_QQQ,US,broad_index,QQQ,1000.0,73000.0,165228.00549710277,,0.0
2021-05-31,US_BROAD_INDEX_QQQ,US,broad_index,QQQ,1000.0,74000.0,164248.3128972186,,-0.005929337444561447
2021-06-30,US_BROAD_INDEX_QQQ,US,broad_index,QQQ,1000.0,75000.0,175395.09126067813,,0.0
2021-07-31,US_BROAD_INDEX_QQQ,US,broad_index,QQQ,1000.0,76000.0,181418.88133745635,,0.0
2021-08-31,US_BROAD_INDEX_QQQ,US,broad_index,QQQ,1000.0,77000.0,190108.28032935198,,0.0
2021-09-30,US_BROAD_INDEX_QQQ,US,broad_index,QQQ,1000.0,78000.0,180044.9854502626,,-0.05293454268091466
2021-10-31,US_BROAD_INDEX_QQQ,US,broad_index,QQQ,1000.0,79000.0,195294.1930333871,,0.0
2021-11-30,US_BROAD_INDEX_QQQ,US,broad_index,QQQ,1000.0,80000.0,200204.87881966023,,0.0
2021-12-31,US_BROAD_INDEX_QQQ,US,broad_index,QQQ,1000.0,81000.0,203252.5153660356,,0.0
2022-01-31,US_BROAD_INDEX_QQQ,US,broad_index,QQQ,1000.0,82000.0,186393.69715793894,,-0.08294518853917145
2022-02-28,US_BROAD_INDEX_QQQ,US,broad_index,QQQ,1000.0,83000.0,178988.68118583245,,-0.11937778057263711
2022-03-31,US_BROAD_INDEX_QQQ,US,broad_index,QQQ,1000.0,84000.0,188169.06377586653,,-0.07421040552932605
2022-04-30,US_BROAD_INDEX_QQQ,US,broad_index,QQQ,1000.0,85000.0,163466.86277286097,,-0.19574494574655082
2022-05-31,US_BROAD_INDEX_QQQ,US,broad_index,QQQ,1000.0,86000.0,161838.76644592176,,-0.20375516064601806
2022-06-30,US_BROAD_INDEX_QQQ,US,broad_index,QQQ,1000.0,87000.0,148042.2745364217,,-0.27163373958834547
2022-07-31,US_BROAD_INDEX_QQQ,US,broad_index,QQQ,1000.0,88000.0,167721.96812603978,,-0.17480987714227883
2022-08-31,US_BROAD_INDEX_QQQ,US,broad_index,QQQ,1000.0,89000.0,160061.06715086324,,-0.21250142040008352
2022-09-30,US_BROAD_INDEX_QQQ,US,broad_index,QQQ,1000.0,90000.0,143851.37483802266,,-0.2922529171215321
2022-10-31,US_BROAD_INDEX_QQQ,US,broad_index,QQQ,1000.0,91000.0,150604.02982962513,,-0.25902993348739767
2022-11-30,US_BROAD_INDEX_QQQ,US,broad_index,QQQ,1000.0,92000.0,160020.20063056186,,-0.21270248320232132
2022-12-31,US_BROAD_INDEX_QQQ,US,broad_index,QQQ,1000.0,93000.0,146198.18244356976,,-0.28070665113156024
2023-01-31,US_BROAD_INDEX_QQQ,US,broad_index,QQQ,1000.0,94000.0,162862.88942957425,,-0.19871648753632418
2023-02-28,US_BROAD_INDEX_QQQ,US,broad_index,QQQ,1000.0,95000.0,163274.04657967738,,-0.1966935991633922
2023-03-31,US_BROAD_INDEX_QQQ,US,broad_index,QQQ,1000.0,96000.0,179591.2157536954,,-0.1164133175411324
2023-04-30,US_BROAD_INDEX_QQQ,US,broad_index,QQQ,1000.0,97000.0,181517.3810709908,,-0.10693660669292177
2023-05-31,US_BROAD_INDEX_QQQ,US,broad_index,QQQ,1000.0,98000.0,196916.17159875718,,-0.031174737276276048
2023-06-30,US_BROAD_INDEX_QQQ,US,broad_index,QQQ,1000.0,99000.0,210082.96071965792,,0.0
2023-07-31,US_BROAD_INDEX_QQQ,US,broad_index,QQQ,1000.0,100000.0,219233.00074002633,,0.0
2023-08-31,US_BROAD_INDEX_QQQ,US,broad_index,QQQ,1000.0,101000.0,216978.41057657168,,-0.010283990803593539
2023-09-30,US_BROAD_INDEX_QQQ,US,broad_index,QQQ,1000.0,102000.0,206608.10867285982,,-0.05758664080932561
2023-10-31,US_BROAD_INDEX_QQQ,US,broad_index,QQQ,1000.0,103000.0,203326.8872019276,,-0.07255346359538598
2023-11-30,US_BROAD_INDEX_QQQ,US,broad_index,QQQ,1000.0,104000.0,226429.9661482216,,0.0
2023-12-31,US_BROAD_INDEX_QQQ,US,broad_index,QQQ,1000.0,105000.0,239527.83844971278,,0.0
2024-01-31,US_BROAD_INDEX_QQQ,US,broad_index,QQQ,1000.0,106000.0,244927.95073439358,,0.0
2024-02-29,US_BROAD_INDEX_QQQ,US,broad_index,QQQ,1000.0,107000.0,258888.31767828244,,0.0
2024-03-31,US_BROAD_INDEX_QQQ,US,broad_index,QQQ,1000.0,108000.0,262851.21503635164,,0.0
2024-04-30,US_BROAD_INDEX_QQQ,US,broad_index,QQQ,1000.0,109000.0,252321.94919157587,,-0.040057892992123326
2024-05-31,US_BROAD_INDEX_QQQ,US,broad_index,QQQ,1000.0,110000.0,268909.46167103946,,0.0
2024-06-30,US_BROAD_INDEX_QQQ,US,broad_index,QQQ,1000.0,111000.0,286900.03603244934,,0.0
2024-07-31,US_BROAD_INDEX_QQQ,US,broad_index,QQQ,1000.0,112000.0,283054.38782720605,,-0.013404139847540237
2024-08-31,US_BROAD_INDEX_QQQ,US,broad_index,QQQ,1000.0,113000.0,287245.6270224949,,0.0
2024-09-30,US_BROAD_INDEX_QQQ,US,broad_index,QQQ,1000.0,114000.0,295426.4947252306,,0.0
2024-10-31,US_BROAD_INDEX_QQQ,US,broad_index,QQQ,1000.0,115000.0,293879.4131337502,,-0.005236773339910886
2024-11-30,US_BROAD_INDEX_QQQ,US,broad_index,QQQ,1000.0,116000.0,310622.736037608,,0.0
2024-12-31,US_BROAD_INDEX_QQQ,US,broad_index,QQQ,1000.0,117000.0,312513.2472160513,,0.0
2025-01-31,US_BROAD_INDEX_QQQ,US,broad_index,QQQ,0.0,117000.0,319274.16918818245,,0.0
2025-02-28,US_BROAD_INDEX_QQQ,US,broad_index,QQQ,1000.0,118000.0,311616.52220215526,,-0.023984549096152274
2025-03-31,US_BROAD_INDEX_QQQ,US,broad_index,QQQ,1000.0,119000.0,288492.9291999052,,-0.09641005430080558
2025-04-30,US_BROAD_INDEX_QQQ,US,broad_index,QQQ,1000.0,120000.0,293542.72720924544,,-0.08059356021304286
2025-05-31,US_BROAD_INDEX_QQQ,US,broad_index,QQQ,1000.0,121000.0,321561.72355031205,,0.0
2025-06-30,US_BROAD_INDEX_QQQ,US,broad_index,QQQ,1000.0,122000.0,342757.143184346,,0.0
2025-07-31,US_BROAD_INDEX_QQQ,US,broad_index,QQQ,1000.0,123000.0,352098.9972595454,,0.0
2025-08-31,US_BROAD_INDEX_QQQ,US,broad_index,QQQ,1000.0,124000.0,356474.46553432336,,0.0
2025-09-30,US_BROAD_INDEX_QQQ,US,broad_index,QQQ,1000.0,125000.0,376259.0602965309,,0.0
2025-10-31,US_BROAD_INDEX_QQQ,US,broad_index,QQQ,1000.0,126000.0,395299.1200536858,,0.0
2025-11-30,US_BROAD_INDEX_QQQ,US,broad_index,QQQ,1000.0,127000.0,390129.5885256392,,-0.013077518430459725
2025-12-31,US_BROAD_INDEX_QQQ,US,broad_index,QQQ,1000.0,128000.0,388008.80056186207,,-0.018442539135512432
2026-01-31,US_BROAD_INDEX_QQQ,US,broad_index,QQQ,1000.0,129000.0,393781.94768204493,,-0.0038380362987775222
2026-02-28,US_BROAD_INDEX_QQQ,US,broad_index,QQQ,1000.0,130000.0,385536.9869840722,,-0.02469555982894118
2026-03-31,US_BROAD_INDEX_QQQ,US,broad_index,QQQ,1000.0,131000.0,367377.0581054284,,-0.07063527473692649
2026-04-30,US_BROAD_INDEX_QQQ,US,broad_index,QQQ,1000.0,132000.0,423703.6226291659,,0.0
2015-01-31,US_BROAD_INDEX_IWM,US,broad_index,IWM,1000.0,1000.0,996.8981508019608,,0.0
2015-02-28,US_BROAD_INDEX_IWM,US,broad_index,IWM,1000.0,2000.0,2091.307109659419,,0.0
2015-03-31,US_BROAD_INDEX_IWM,US,broad_index,IWM,1000.0,3000.0,3139.5203976141875,,0.0
2015-04-30,US_BROAD_INDEX_IWM,US,broad_index,IWM,1000.0,4000.0,4034.4426645778103,,0.0
2015-05-31,US_BROAD_INDEX_IWM,US,broad_index,IWM,1000.0,5000.0,5147.620923928646,,0.0
2015-06-30,US_BROAD_INDEX_IWM,US,broad_index,IWM,1000.0,6000.0,6188.725934411314,,0.0
2015-07-31,US_BROAD_INDEX_IWM,US,broad_index,IWM,1000.0,7000.0,7072.209397856286,,0.0
2015-08-31,US_BROAD_INDEX_IWM,US,broad_index,IWM,1000.0,8000.0,7565.600220217297,,0.0
2015-09-30,US_BROAD_INDEX_IWM,US,broad_index,IWM,1000.0,9000.0,8134.436526722923,,0.0
2015-10-31,US_BROAD_INDEX_IWM,US,broad_index,IWM,1000.0,10000.0,9611.617783978543,,0.0
2015-11-30,US_BROAD_INDEX_IWM,US,broad_index,IWM,1000.0,11000.0,10928.742353478643,,0.0
2015-12-31,US_BROAD_INDEX_IWM,US,broad_index,IWM,1000.0,12000.0,11274.747446696174,,0.0
2016-01-31,US_BROAD_INDEX_IWM,US,broad_index,IWM,1000.0,13000.0,11254.847819614202,,-0.00176497320015827
2016-02-29,US_BROAD_INDEX_IWM,US,broad_index,IWM,1000.0,14000.0,12246.231232615484,,0.0
2016-03-31,US_BROAD_INDEX_IWM,US,broad_index,IWM,1000.0,15000.0,14243.703639344822,,0.0
2016-04-30,US_BROAD_INDEX_IWM,US,broad_index,IWM,1000.0,16000.0,15514.483219612786,,0.0
2016-05-31,US_BROAD_INDEX_IWM,US,broad_index,IWM,1000.0,17000.0,16898.198364406217,,0.0
2016-06-30,US_BROAD_INDEX_IWM,US,broad_index,IWM,1000.0,18000.0,17898.488404103882,,0.0
2016-07-31,US_BROAD_INDEX_IWM,US,broad_index,IWM,1000.0,19000.0,19922.289628664006,,0.0
2016-08-31,US_BROAD_INDEX_IWM,US,broad_index,IWM,1000.0,20000.0,21310.05861461386,,0.0
2016-09-30,US_BROAD_INDEX_IWM,US,broad_index,IWM,1000.0,21000.0,22476.79857470615,,0.0
2016-10-31,US_BROAD_INDEX_IWM,US,broad_index,IWM,1000.0,22000.0,22401.56854779992,,-0.0033470081006504015
2016-11-30,US_BROAD_INDEX_IWM,US,broad_index,IWM,1000.0,23000.0,26006.042432836395,,0.0
2016-12-31,US_BROAD_INDEX_IWM,US,broad_index,IWM,1000.0,24000.0,27648.19707732166,,0.0
2017-01-31,US_BROAD_INDEX_IWM,US,broad_index,IWM,1000.0,25000.0,28720.078819483275,,0.0
2017-02-28,US_BROAD_INDEX_IWM,US,broad_index,IWM,1000.0,26000.0,30286.281933830698,,0.0
2017-03-31,US_BROAD_INDEX_IWM,US,broad_index,IWM,1000.0,27000.0,31191.643561484965,,0.0
2017-04-30,US_BROAD_INDEX_IWM,US,broad_index,IWM,1000.0,28000.0,32566.414034184152,,0.0
2017-05-31,US_BROAD_INDEX_IWM,US,broad_index,IWM,1000.0,29000.0,32909.06765568108,,0.0
2017-06-30,US_BROAD_INDEX_IWM,US,broad_index,IWM,1000.0,30000.0,35034.38835893717,,0.0
2017-07-31,US_BROAD_INDEX_IWM,US,broad_index,IWM,1000.0,31000.0,36179.72759070067,,0.0
2017-08-31,US_BROAD_INDEX_IWM,US,broad_index,IWM,1000.0,32000.0,36711.5004464491,,0.0
2017-09-30,US_BROAD_INDEX_IWM,US,broad_index,IWM,1000.0,33000.0,39991.98036555069,,0.0
2017-10-31,US_BROAD_INDEX_IWM,US,broad_index,IWM,1000.0,34000.0,41277.92971538656,,0.0
2017-11-30,US_BROAD_INDEX_IWM,US,broad_index,IWM,1000.0,35000.0,43512.91653961215,,0.0
2017-12-31,US_BROAD_INDEX_IWM,US,broad_index,IWM,1000.0,36000.0,44189.8171955343,,0.0
2018-01-31,US_BROAD_INDEX_IWM,US,broad_index,IWM,1000.0,37000.0,46336.39464514617,,0.0
2018-02-28,US_BROAD_INDEX_IWM,US,broad_index,IWM,1000.0,38000.0,45560.313271052306,,-0.016748851092909904
2018-03-31,US_BROAD_INDEX_IWM,US,broad_index,IWM,1000.0,39000.0,46991.76683162758,,0.0
2018-04-30,US_BROAD_INDEX_IWM,US,broad_index,IWM,1000.0,40000.0,48485.38523513903,,0.0
2018-05-31,US_BROAD_INDEX_IWM,US,broad_index,IWM,1000.0,41000.0,52532.27953792361,,0.0
2018-06-30,US_BROAD_INDEX_IWM,US,broad_index,IWM,1000.0,42000.0,53843.3116384591,,0.0
2018-07-31,US_BROAD_INDEX_IWM,US,broad_index,IWM,0.0,42000.0,54533.73392911502,,0.0
2018-08-31,US_BROAD_INDEX_IWM,US,broad_index,IWM,1000.0,43000.0,57928.6469680435,,0.0
2018-09-30,US_BROAD_INDEX_IWM,US,broad_index,IWM,1000.0,44000.0,57410.96799816045,,-0.008936493375525
2018-10-31,US_BROAD_INDEX_IWM,US,broad_index,IWM,1000.0,45000.0,52011.02472968315,,-0.10215364155880972
2018-11-30,US_BROAD_INDEX_IWM,US,broad_index,IWM,1000.0,46000.0,53891.26442640211,,-0.0696957852971885
2018-12-31,US_BROAD_INDEX_IWM,US,broad_index,IWM,0.0,46000.0,47281.091656622804,,-0.18380466088383604
2019-01-31,US_BROAD_INDEX_IWM,US,broad_index,IWM,1000.0,47000.0,53761.99256474944,,-0.07192735583126264
2019-02-28,US_BROAD_INDEX_IWM,US,broad_index,IWM,1000.0,48000.0,57584.395720564105,,-0.005942677164016938
2019-03-31,US_BROAD_INDEX_IWM,US,broad_index,IWM,1000.0,49000.0,57210.299261372995,,-0.012400560763429885
2019-04-30,US_BROAD_INDEX_IWM,US,broad_index,IWM,1000.0,50000.0,60169.93076553473,,0.0
2019-05-31,US_BROAD_INDEX_IWM,US,broad_index,IWM,1000.0,51000.0,56364.25037267865,,-0.06324887438687175
2019-06-30,US_BROAD_INDEX_IWM,US,broad_index,IWM,1000.0,52000.0,61120.84767808431,,0.0
2019-07-31,US_BROAD_INDEX_IWM,US,broad_index,IWM,1000.0,53000.0,62543.66004962326,,0.0
2019-08-31,US_BROAD_INDEX_IWM,US,broad_index,IWM,1000.0,54000.0,60465.84065622483,,-0.03322190277559468
2019-09-30,US_BROAD_INDEX_IWM,US,broad_index,IWM,1000.0,55000.0,62503.95729868473,,-0.0006348005682275217
2019-10-31,US_BROAD_INDEX_IWM,US,broad_index,IWM,1000.0,56000.0,65254.37239146701,,0.0
2019-11-30,US_BROAD_INDEX_IWM,US,broad_index,IWM,1000.0,57000.0,68924.85306067023,,0.0
2019-12-31,US_BROAD_INDEX_IWM,US,broad_index,IWM,1000.0,58000.0,71618.7234095733,,0.0
2020-01-31,US_BROAD_INDEX_IWM,US,broad_index,IWM,0.0,58000.0,69396.7146048336,,-0.031025529344225696
2020-02-29,US_BROAD_INDEX_IWM,US,broad_index,IWM,1000.0,59000.0,64137.05612272808,,-0.10446524219733781
2020-03-31,US_BROAD_INDEX_IWM,US,broad_index,IWM,1000.0,60000.0,50929.94461675515,,-0.288873883921431
2020-04-30,US_BROAD_INDEX_IWM,US,broad_index,IWM,1000.0,61000.0,59181.339545259194,,-0.17366106615985277
2020-05-31,US_BROAD_INDEX_IWM,US,broad_index,IWM,1000.0,62000.0,64172.05305748149,,-0.10397658597606907
2020-06-30,US_BROAD_INDEX_IWM,US,broad_index,IWM,1000.0,63000.0,67146.00974599925,,-0.06245173678949124
2020-07-31,US_BROAD_INDEX_IWM,US,broad_index,IWM,1000.0,64000.0,70132.10233007731,,-0.02075743616643793
2020-08-31,US_BROAD_INDEX_IWM,US,broad_index,IWM,1000.0,65000.0,74993.42057824688,,0.0
2020-09-30,US_BROAD_INDEX_IWM,US,broad_index,IWM,1000.0,66000.0,73220.45511118804,,-0.02364161353606951
2020-10-31,US_BROAD_INDEX_IWM,US,broad_index,IWM,1000.0,67000.0,75798.8844156181,,0.0
2020-11-30,US_BROAD_INDEX_IWM,US,broad_index,IWM,1000.0,68000.0,90775.2779916887,,0.0
2020-12-31,US_BROAD_INDEX_IWM,US,broad_index,IWM,1000.0,69000.0,99394.86378220202,,0.0
2021-01-31,US_BROAD_INDEX_IWM,US,broad_index,IWM,1000.0,70000.0,105241.476964877,,0.0
2021-02-28,US_BROAD_INDEX_IWM,US,broad_index,IWM,1000.0,71000.0,112790.72414033304,,0.0
2021-03-31,US_BROAD_INDEX_IWM,US,broad_index,IWM,1000.0,72000.0,115142.87251184156,,0.0
2021-04-30,US_BROAD_INDEX_IWM,US,broad_index,IWM,1000.0,73000.0,118204.3566696303,,0.0
2021-05-31,US_BROAD_INDEX_IWM,US,broad_index,IWM,1000.0,74000.0,119530.41851904456,,0.0
2021-06-30,US_BROAD_INDEX_IWM,US,broad_index,IWM,1000.0,75000.0,122583.79002735688,,0.0
2021-07-31,US_BROAD_INDEX_IWM,US,broad_index,IWM,1000.0,76000.0,119117.3714936369,,-0.028277952027314358
2021-08-31,US_BROAD_INDEX_IWM,US,broad_index,IWM,1000.0,77000.0,122772.79650902667,,0.0
2021-09-30,US_BROAD_INDEX_IWM,US,broad_index,IWM,1000.0,78000.0,119840.74835218351,,-0.023881904136862947
2021-10-31,US_BROAD_INDEX_IWM,US,broad_index,IWM,1000.0,79000.0,125978.16050995147,,0.0
2021-11-30,US_BROAD_INDEX_IWM,US,broad_index,IWM,1000.0,80000.0,121452.05432811572,,-0.035927704957068506
2021-12-31,US_BROAD_INDEX_IWM,US,broad_index,IWM,1000.0,81000.0,124831.44094695162,,-0.009102526647142641
2022-01-31,US_BROAD_INDEX_IWM,US,broad_index,IWM,1000.0,82000.0,113824.02570006845,,-0.09647810986193056
2022-02-28,US_BROAD_INDEX_IWM,US,broad_index,IWM,1000.0,83000.0,115999.02914868998,,-0.07921318521294969
2022-03-31,US_BROAD_INDEX_IWM,US,broad_index,IWM,1000.0,84000.0,118133.60742458771,,-0.06226915088781671
2022-04-30,US_BROAD_INDEX_IWM,US,broad_index,IWM,1000.0,85000.0,107358.28679470747,,-0.14780239400124556
2022-05-31,US_BROAD_INDEX_IWM,US,broad_index,IWM,1000.0,86000.0,108547.47389885668,,-0.13836276494700742
2022-06-30,US_BROAD_INDEX_IWM,US,broad_index,IWM,1000.0,87000.0,100113.79653345079,,-0.20530831591605564
2022-07-31,US_BROAD_INDEX_IWM,US,broad_index,IWM,1000.0,88000.0,111774.93591564453,,-0.11274354647514462
2022-08-31,US_BROAD_INDEX_IWM,US,broad_index,IWM,1000.0,89000.0,110510.961299667,,-0.12277683010828418
2022-09-30,US_BROAD_INDEX_IWM,US,broad_index,IWM,1000.0,90000.0,100248.02198374669,,-0.2042428498880349
2022-10-31,US_BROAD_INDEX_IWM,US,broad_index,IWM,1000.0,91000.0,112495.90456910233,,-0.10702058107749655
2022-11-30,US_BROAD_INDEX_IWM,US,broad_index,IWM,1000.0,92000.0,115999.72191283692,,-0.07920768613164755
2022-12-31,US_BROAD_INDEX_IWM,US,broad_index,IWM,1000.0,93000.0,108915.32058075628,,-0.1354428407283129
2023-01-31,US_BROAD_INDEX_IWM,US,broad_index,IWM,1000.0,94000.0,120706.01023107066,,-0.041849716312251976
2023-02-28,US_BROAD_INDEX_IWM,US,broad_index,IWM,1000.0,95000.0,119609.99609709732,,-0.05054974915553802
2023-03-31,US_BROAD_INDEX_IWM,US,broad_index,IWM,1000.0,96000.0,114341.66179191352,,-0.09236917471198307
2023-04-30,US_BROAD_INDEX_IWM,US,broad_index,IWM,1000.0,97000.0,113296.14408509957,,-0.10066837278394854
2023-05-31,US_BROAD_INDEX_IWM,US,broad_index,IWM,1000.0,98000.0,113380.41442974258,,-0.099999444580029
2023-06-30,US_BROAD_INDEX_IWM,US,broad_index,IWM,1000.0,99000.0,123201.30296513213,,-0.022042372531705528
2023-07-31,US_BROAD_INDEX_IWM,US,broad_index,IWM,1000.0,100000.0,131789.34076924567,,0.0
2023-08-31,US_BROAD_INDEX_IWM,US,broad_index,IWM,1000.0,101000.0,126055.08260366655,,-0.04351078874898857
2023-09-30,US_BROAD_INDEX_IWM,US,broad_index,IWM,1000.0,102000.0,119066.75369764146,,-0.09653729958237375
2023-10-31,US_BROAD_INDEX_IWM,US,broad_index,IWM,1000.0,103000.0,111796.39452799171,,-0.15170381856799992
2023-11-30,US_BROAD_INDEX_IWM,US,broad_index,IWM,1000.0,104000.0,123176.91265776906,,-0.06534995972516769
2023-12-31,US_BROAD_INDEX_IWM,US,broad_index,IWM,1000.0,105000.0,138689.86008762347,,0.0
2024-01-31,US_BROAD_INDEX_IWM,US,broad_index,IWM,1000.0,106000.0,134256.46064381048,,-0.03196628391586805
2024-02-29,US_BROAD_INDEX_IWM,US,broad_index,IWM,1000.0,107000.0,142858.50381469488,,0.0
2024-03-31,US_BROAD_INDEX_IWM,US,broad_index,IWM,1000.0,108000.0,148486.21584781256,,0.0
2024-04-30,US_BROAD_INDEX_IWM,US,broad_index,IWM,1000.0,109000.0,139282.04392854992,,-0.06198670945117388
2024-05-31,US_BROAD_INDEX_IWM,US,broad_index,IWM,1000.0,110000.0,147349.96771894285,,-0.007652212849402041
2024-06-30,US_BROAD_INDEX_IWM,US,broad_index,IWM,1000.0,111000.0,146285.60652581305,,-0.01482029365106167
2024-07-31,US_BROAD_INDEX_IWM,US,broad_index,IWM,1000.0,112000.0,162512.02350029585,,0.0
2024-08-31,US_BROAD_INDEX_IWM,US,broad_index,IWM,1000.0,113000.0,160826.75941917,,-0.010370088593000494
2024-09-30,US_BROAD_INDEX_IWM,US,broad_index,IWM,1000.0,114000.0,162456.88936747116,,-0.0003392618689816035
2024-10-31,US_BROAD_INDEX_IWM,US,broad_index,IWM,1000.0,115000.0,161158.4284582949,,-0.00832919935920001
2024-11-30,US_BROAD_INDEX_IWM,US,broad_index,IWM,1000.0,116000.0,180023.9210863302,,0.0
2024-12-31,US_BROAD_INDEX_IWM,US,broad_index,IWM,1000.0,117000.0,165380.20331981767,,-0.0813431774963404
2025-01-31,US_BROAD_INDEX_IWM,US,broad_index,IWM,0.0,117000.0,169511.70620570585,,-0.05839343359032399
2025-02-28,US_BROAD_INDEX_IWM,US,broad_index,IWM,1000.0,118000.0,161598.59718102872,,-0.10234930888137721
2025-03-31,US_BROAD_INDEX_IWM,US,broad_index,IWM,1000.0,119000.0,151151.733147486,,-0.1603797304525913
2025-04-30,US_BROAD_INDEX_IWM,US,broad_index,IWM,1000.0,120000.0,148633.86416600744,,-0.17436603275222357
2025-05-31,US_BROAD_INDEX_IWM,US,broad_index,IWM,1000.0,121000.0,157456.96151953237,,-0.12535533850513053
2025-06-30,US_BROAD_INDEX_IWM,US,broad_index,IWM,1000.0,122000.0,166719.586395738,,-0.07390314914989614
2025-07-31,US_BROAD_INDEX_IWM,US,broad_index,IWM,1000.0,123000.0,170505.62606584595,,-0.05287239030817335
2025-08-31,US_BROAD_INDEX_IWM,US,broad_index,IWM,1000.0,124000.0,183833.89162439175,,0.0
2025-09-30,US_BROAD_INDEX_IWM,US,broad_index,IWM,1000.0,125000.0,190178.93770865427,,0.0
2025-10-31,US_BROAD_INDEX_IWM,US,broad_index,IWM,1000.0,126000.0,194558.6477575925,,0.0
2025-11-30,US_BROAD_INDEX_IWM,US,broad_index,IWM,1000.0,127000.0,197577.89176485158,,0.0
2025-12-31,US_BROAD_INDEX_IWM,US,broad_index,IWM,1000.0,128000.0,196521.4742121492,,-0.005346840900396346
2026-01-31,US_BROAD_INDEX_IWM,US,broad_index,IWM,1000.0,129000.0,208303.86343626922,,0.0
2026-02-28,US_BROAD_INDEX_IWM,US,broad_index,IWM,1000.0,130000.0,210705.4185806265,,0.0
2026-03-31,US_BROAD_INDEX_IWM,US,broad_index,IWM,1000.0,131000.0,200845.96018436807,,-0.04679261911095889
2026-04-30,US_BROAD_INDEX_IWM,US,broad_index,IWM,1000.0,132000.0,225155.47702814912,,0.0
2021-03-31,CN_BROAD_INDEX_000300.SS,CN,broad_index,000300.SS,0.0,0.0,0.0,0.0,0.0
2021-04-30,CN_BROAD_INDEX_000300.SS,CN,broad_index,000300.SS,1000.0,1000.0,996.4661371380383,153.98475379879665,0.0
2021-05-31,CN_BROAD_INDEX_000300.SS,CN,broad_index,000300.SS,0.0,1000.0,1036.9354765187861,162.85068457083725,0.0
2021-06-30,CN_BROAD_INDEX_000300.SS,CN,broad_index,000300.SS,1000.0,2000.0,1992.7812194329297,308.3321057761039,0.0
2021-07-31,CN_BROAD_INDEX_000300.SS,CN,broad_index,000300.SS,1000.0,3000.0,2787.536894249846,431.82144240786425,0.0
2021-08-31,CN_BROAD_INDEX_000300.SS,CN,broad_index,000300.SS,1000.0,4000.0,3759.5312047018783,581.5117034980834,0.0
2021-09-30,CN_BROAD_INDEX_000300.SS,CN,broad_index,000300.SS,1000.0,5000.0,4819.912414529642,745.0093151108617,0.0
2021-10-31,CN_BROAD_INDEX_000300.SS,CN,broad_index,000300.SS,0.0,5000.0,4861.897781711094,760.8127555068621,0.0
2021-11-30,CN_BROAD_INDEX_000300.SS,CN,broad_index,000300.SS,1000.0,6000.0,5785.108589747271,905.7630364384863,0.0
2021-12-31,CN_BROAD_INDEX_000300.SS,CN,broad_index,000300.SS,1000.0,7000.0,6937.269013799669,1088.6943312813894,0.0
2022-01-31,CN_BROAD_INDEX_000300.SS,CN,broad_index,000300.SS,1000.0,8000.0,7338.323779094057,1155.4596084134964,0.0
2022-02-28,CN_BROAD_INDEX_000300.SS,CN,broad_index,000300.SS,0.0,8000.0,7367.07377496345,1166.4144700382399,0.0
2022-03-31,CN_BROAD_INDEX_000300.SS,CN,broad_index,000300.SS,1000.0,9000.0,7708.890308317633,1214.7253980795278,0.0
2022-04-30,CN_BROAD_INDEX_000300.SS,CN,broad_index,000300.SS,1000.0,10000.0,8275.192170357337,1249.0290639026596,0.0
2022-05-31,CN_BROAD_INDEX_000300.SS,CN,broad_index,000300.SS,0.0,10000.0,8430.301603692125,1265.7540778506973,0.0
2022-06-30,CN_BROAD_INDEX_000300.SS,CN,broad_index,000300.SS,1000.0,11000.0,10338.547082581881,1543.1127884732605,0.0
2022-07-31,CN_BROAD_INDEX_000300.SS,CN,broad_index,000300.SS,1000.0,12000.0,10544.404203677143,1563.106551492159,0.0
2022-08-31,CN_BROAD_INDEX_000300.SS,CN,broad_index,000300.SS,1000.0,13000.0,11304.900160203946,1635.8309012926122,0.0
2022-09-30,CN_BROAD_INDEX_000300.SS,CN,broad_index,000300.SS,1000.0,14000.0,11489.12528617057,1612.757813598844,0.0
2022-10-31,CN_BROAD_INDEX_000300.SS,CN,broad_index,000300.SS,0.0,14000.0,10594.759498619715,1461.0640024736383,-0.07784454997870045
2022-11-30,CN_BROAD_INDEX_000300.SS,CN,broad_index,000300.SS,1000.0,15000.0,12698.784835249531,1773.7219403312981,0.0
2022-12-31,CN_BROAD_INDEX_000300.SS,CN,broad_index,000300.SS,1000.0,16000.0,13738.560099683022,1973.0522591211138,0.0
2023-01-31,CN_BROAD_INDEX_000300.SS,CN,broad_index,000300.SS,1000.0,17000.0,15820.337330858518,2344.5178617900497,0.0
2023-02-28,CN_BROAD_INDEX_000300.SS,CN,broad_index,000300.SS,1000.0,18000.0,16463.5667009505,2370.939449601676,0.0
2023-03-31,CN_BROAD_INDEX_000300.SS,CN,broad_index,000300.SS,1000.0,19000.0,17384.226046717285,2530.3077212879884,0.0
2023-04-30,CN_BROAD_INDEX_000300.SS,CN,broad_index,000300.SS,0.0,19000.0,17290.502188990322,2497.797341045065,-0.00539131609742625
2023-05-31,CN_BROAD_INDEX_000300.SS,CN,broad_index,000300.SS,0.0,19000.0,16301.115990871951,2302.7427602283115,-0.06230418615903015
2023-06-30,CN_BROAD_INDEX_000300.SS,CN,broad_index,000300.SS,1000.0,20000.0,17496.620261571305,2412.727890475585,0.0
2023-07-31,CN_BROAD_INDEX_000300.SS,CN,broad_index,000300.SS,1000.0,21000.0,19311.30611876933,2718.8300967570563,0.0
2023-08-31,CN_BROAD_INDEX_000300.SS,CN,broad_index,000300.SS,1000.0,22000.0,19056.521815386383,2616.360343599634,-0.013193530350353404
2023-09-30,CN_BROAD_INDEX_000300.SS,CN,broad_index,000300.SS,1000.0,23000.0,19642.002294691356,2690.7220848074053,0.0
2023-10-31,CN_BROAD_INDEX_000300.SS,CN,broad_index,000300.SS,0.0,23000.0,19019.072789457157,2601.0411457861856,-0.031714154997454495
2023-11-30,CN_BROAD_INDEX_000300.SS,CN,broad_index,000300.SS,1000.0,24000.0,19582.43403382371,2766.310361786465,-0.003032697989437999
2023-12-31,CN_BROAD_INDEX_000300.SS,CN,broad_index,000300.SS,1000.0,25000.0,20230.62201736211,2846.576948881874,0.0
2024-01-31,CN_BROAD_INDEX_000300.SS,CN,broad_index,000300.SS,1000.0,26000.0,19909.808270559737,2806.5305359160657,-0.015857829113066758
2024-02-29,CN_BROAD_INDEX_000300.SS,CN,broad_index,000300.SS,1000.0,27000.0,22832.9301040685,3173.0030279826715,0.0
2024-03-31,CN_BROAD_INDEX_000300.SS,CN,broad_index,000300.SS,1000.0,28000.0,23966.541705513955,3316.4798438596354,0.0
2024-04-30,CN_BROAD_INDEX_000300.SS,CN,broad_index,000300.SS,1000.0,29000.0,25427.042734558745,3513.1385364804664,0.0
2024-05-31,CN_BROAD_INDEX_000300.SS,CN,broad_index,000300.SS,0.0,29000.0,25254.420180027962,3491.314048069352,-0.0067889355570306025
2024-06-30,CN_BROAD_INDEX_000300.SS,CN,broad_index,000300.SS,1000.0,30000.0,25378.971986094886,3492.2627710912525,-0.001890536346113274
2024-07-31,CN_BROAD_INDEX_000300.SS,CN,broad_index,000300.SS,1000.0,31000.0,26226.931640879877,3617.158571161208,0.0
2024-08-31,CN_BROAD_INDEX_000300.SS,CN,broad_index,000300.SS,1000.0,32000.0,26302.497821565456,3706.9266224856688,0.0
2024-09-30,CN_BROAD_INDEX_000300.SS,CN,broad_index,000300.SS,1000.0,33000.0,33052.24873589028,4714.812202629415,0.0
2024-10-31,CN_BROAD_INDEX_000300.SS,CN,broad_index,000300.SS,0.0,33000.0,32009.06457098119,4498.940894668324,-0.031561669925844776
2024-11-30,CN_BROAD_INDEX_000300.SS,CN,broad_index,000300.SS,1000.0,34000.0,33185.91479220888,4581.854681772827,0.0
2024-12-31,CN_BROAD_INDEX_000300.SS,CN,broad_index,000300.SS,1000.0,35000.0,34337.878487057926,4705.04357465444,0.0
2025-01-31,CN_BROAD_INDEX_000300.SS,CN,broad_index,000300.SS,0.0,35000.0,33309.63982038494,4638.64409348847,-0.029944734851937174
2025-02-28,CN_BROAD_INDEX_000300.SS,CN,broad_index,000300.SS,1000.0,36000.0,34958.20566103673,4798.458090451763,0.0
2025-03-31,CN_BROAD_INDEX_000300.SS,CN,broad_index,000300.SS,1000.0,37000.0,35933.45651521027,4947.603602355734,0.0
2025-04-30,CN_BROAD_INDEX_000300.SS,CN,broad_index,000300.SS,1000.0,38000.0,35825.02784363715,4928.467131713937,-0.003017485154182833
2025-05-31,CN_BROAD_INDEX_000300.SS,CN,broad_index,000300.SS,1000.0,39000.0,37481.353367122734,5203.069676101837,0.0
2025-06-30,CN_BROAD_INDEX_000300.SS,CN,broad_index,000300.SS,1000.0,40000.0,39437.770694194274,5498.775857142785,0.0
2025-07-31,CN_BROAD_INDEX_000300.SS,CN,broad_index,000300.SS,1000.0,41000.0,41869.14171124677,5834.281900960849,0.0
2025-08-31,CN_BROAD_INDEX_000300.SS,CN,broad_index,000300.SS,1000.0,42000.0,47292.53591642978,6611.566716553305,0.0
2025-09-30,CN_BROAD_INDEX_000300.SS,CN,broad_index,000300.SS,1000.0,43000.0,49837.21067773491,7000.198121587723,0.0
2025-10-31,CN_BROAD_INDEX_000300.SS,CN,broad_index,000300.SS,0.0,43000.0,49836.995684359106,7009.620052931425,-4.3139126945696856e-06
2025-11-30,CN_BROAD_INDEX_000300.SS,CN,broad_index,000300.SS,1000.0,44000.0,49604.853677112646,7010.494090223709,-0.004662319529172051
2025-12-31,CN_BROAD_INDEX_000300.SS,CN,broad_index,000300.SS,1000.0,45000.0,51753.17638885102,7397.432393331306,0.0
2026-01-31,CN_BROAD_INDEX_000300.SS,CN,broad_index,000300.SS,1000.0,46000.0,53588.284610600065,7712.764099548415,0.0
2026-02-28,CN_BROAD_INDEX_000300.SS,CN,broad_index,000300.SS,1000.0,47000.0,54650.8460662218,7988.838677828475,0.0
2026-03-31,CN_BROAD_INDEX_000300.SS,CN,broad_index,000300.SS,1000.0,48000.0,52592.95398440023,7609.37454788868,-0.03765526483026394
2026-04-30,CN_BROAD_INDEX_000300.SS,CN,broad_index,000300.SS,1000.0,49000.0,57422.65205906001,8412.342552298529,0.0
2015-01-31,US_SECTOR_TECH,US,sector,TECH,333.3333333333333,333.3333333333333,,,0.0
2015-02-28,US_SECTOR_TECH,US,sector,TECH,333.3333333333333,666.6666666666666,,,0.0
2015-03-31,US_SECTOR_TECH,US,sector,TECH,333.3333333333333,1000.0,,,0.0
2015-04-30,US_SECTOR_TECH,US,sector,TECH,333.3333333333333,1333.3333333333333,,,0.0
2015-05-31,US_SECTOR_TECH,US,sector,TECH,333.3333333333333,1666.6666666666665,,,0.0
2015-06-30,US_SECTOR_TECH,US,sector,TECH,333.3333333333333,2000.0,,,0.0
2015-07-31,US_SECTOR_TECH,US,sector,TECH,333.3333333333333,2333.333333333333,,,0.0
2015-08-31,US_SECTOR_TECH,US,sector,TECH,333.3333333333333,2666.6666666666665,,,0.0
2015-09-30,US_SECTOR_TECH,US,sector,TECH,333.3333333333333,3000.0,,,0.0
2015-10-31,US_SECTOR_TECH,US,sector,TECH,333.3333333333333,3333.333333333333,,,0.0
2015-11-30,US_SECTOR_TECH,US,sector,TECH,333.3333333333333,3666.6666666666665,,,0.0
2015-12-31,US_SECTOR_TECH,US,sector,TECH,333.3333333333333,4000.0,,,0.0
2016-01-31,US_SECTOR_TECH,US,sector,TECH,333.3333333333333,4333.333333333333,,,0.0
2016-02-29,US_SECTOR_TECH,US,sector,TECH,333.3333333333333,4666.666666666666,,,0.0
2016-03-31,US_SECTOR_TECH,US,sector,TECH,333.3333333333333,5000.0,16227.150933986142,,0.0
2016-04-30,US_SECTOR_TECH,US,sector,TECH,1000.0,6000.0,16829.83527390426,,0.0
2016-05-31,US_SECTOR_TECH,US,sector,TECH,1000.0,7000.0,18478.971699631897,,0.0
2016-06-30,US_SECTOR_TECH,US,sector,TECH,1000.0,8000.0,19507.498452893033,,0.0
2016-07-31,US_SECTOR_TECH,US,sector,TECH,1000.0,9000.0,21323.908412528144,,0.0
2016-08-31,US_SECTOR_TECH,US,sector,TECH,1000.0,10000.0,23261.703158465385,,0.0
2016-09-30,US_SECTOR_TECH,US,sector,TECH,1000.0,11000.0,24379.805965773194,,0.0
2016-10-31,US_SECTOR_TECH,US,sector,TECH,1000.0,12000.0,25488.725573580075,,0.0
2016-11-30,US_SECTOR_TECH,US,sector,TECH,1000.0,13000.0,27657.99041227906,,0.0
2016-12-31,US_SECTOR_TECH,US,sector,TECH,1000.0,14000.0,29980.42018742855,,0.0
2017-01-31,US_SECTOR_TECH,US,sector,TECH,1000.0,15000.0,32670.88268887342,,0.0
2017-02-28,US_SECTOR_TECH,US,sector,TECH,1000.0,16000.0,33843.88890355807,,0.0
2017-03-31,US_SECTOR_TECH,US,sector,TECH,1000.0,17000.0,35979.458353922964,,0.0
2017-04-30,US_SECTOR_TECH,US,sector,TECH,1000.0,18000.0,36996.73820252246,,0.0
2017-05-31,US_SECTOR_TECH,US,sector,TECH,1000.0,19000.0,42305.6234063228,,0.0
2017-06-30,US_SECTOR_TECH,US,sector,TECH,1000.0,20000.0,42763.757530673305,,0.0
2017-07-31,US_SECTOR_TECH,US,sector,TECH,1000.0,21000.0,46470.07602864533,,0.0
2017-08-31,US_SECTOR_TECH,US,sector,TECH,1000.0,22000.0,48590.20968493404,,0.0
2017-09-30,US_SECTOR_TECH,US,sector,TECH,1000.0,23000.0,49649.498248769494,,0.0
2017-10-31,US_SECTOR_TECH,US,sector,TECH,1000.0,24000.0,55489.92951343973,,0.0
2017-11-30,US_SECTOR_TECH,US,sector,TECH,1000.0,25000.0,57122.12117889209,,0.0
2017-12-31,US_SECTOR_TECH,US,sector,TECH,1000.0,26000.0,56095.39094391358,,-0.017974301615359296
2018-01-31,US_SECTOR_TECH,US,sector,TECH,1000.0,27000.0,62124.23164832283,,0.0
2018-02-28,US_SECTOR_TECH,US,sector,TECH,1000.0,28000.0,62561.694796698976,,0.0
2018-03-31,US_SECTOR_TECH,US,sector,TECH,1000.0,29000.0,61432.906153851836,,-0.018042807927682595
2018-04-30,US_SECTOR_TECH,US,sector,TECH,1000.0,30000.0,61626.71209387598,,-0.014944970814191013
2018-05-31,US_SECTOR_TECH,US,sector,TECH,1000.0,31000.0,67783.79715499115,,0.0
2018-06-30,US_SECTOR_TECH,US,sector,TECH,1000.0,32000.0,66447.77610875046,,-0.019710035470361775
2018-07-31,US_SECTOR_TECH,US,sector,TECH,0.0,32000.0,66438.96687341732,,-0.019839996253069214
2018-08-31,US_SECTOR_TECH,US,sector,TECH,1000.0,33000.0,71546.30556558503,,0.0
2018-09-30,US_SECTOR_TECH,US,sector,TECH,1000.0,34000.0,75291.77808145806,,0.0
2018-10-31,US_SECTOR_TECH,US,sector,TECH,1000.0,35000.0,66118.10499542538,,-0.12184163158037914
2018-11-30,US_SECTOR_TECH,US,sector,TECH,1000.0,36000.0,64130.42841532984,,-0.14824128145908272
2018-12-31,US_SECTOR_TECH,US,sector,TECH,0.0,36000.0,61267.4072063346,,-0.18626696343856447
2019-01-31,US_SECTOR_TECH,US,sector,TECH,1000.0,37000.0,65061.84120256572,,-0.13587057099149105
2019-02-28,US_SECTOR_TECH,US,sector,TECH,1000.0,38000.0,68959.47471152733,,-0.0841035174262961
2019-03-31,US_SECTOR_TECH,US,sector,TECH,1000.0,39000.0,75997.80666536815,,0.0
2019-04-30,US_SECTOR_TECH,US,sector,TECH,1000.0,40000.0,80809.80132022843,,0.0
2019-05-31,US_SECTOR_TECH,US,sector,TECH,1000.0,41000.0,69164.52042874292,,-0.14410728279529192
2019-06-30,US_SECTOR_TECH,US,sector,TECH,1000.0,42000.0,78607.85102878016,,-0.027248554698488997
2019-07-31,US_SECTOR_TECH,US,sector,TECH,1000.0,43000.0,80721.3858510282,,-0.0010941181361140363
2019-08-31,US_SECTOR_TECH,US,sector,TECH,1000.0,44000.0,81189.381271811,,0.0
2019-09-30,US_SECTOR_TECH,US,sector,TECH,1000.0,45000.0,82521.76593021321,,0.0
2019-10-31,US_SECTOR_TECH,US,sector,TECH,1000.0,46000.0,89301.44317706572,,0.0
2019-11-30,US_SECTOR_TECH,US,sector,TECH,1000.0,47000.0,96032.49416085792,,0.0
2019-12-31,US_SECTOR_TECH,US,sector,TECH,1000.0,48000.0,100480.65364435758,,0.0
2020-01-31,US_SECTOR_TECH,US,sector,TECH,0.0,48000.0,101699.95002013858,,0.0
2020-02-29,US_SECTOR_TECH,US,sector,TECH,1000.0,49000.0,102010.67312653127,,0.0
2020-03-31,US_SECTOR_TECH,US,sector,TECH,1000.0,50000.0,97591.49349097244,,-0.04332075752580713
2020-04-30,US_SECTOR_TECH,US,sector,TECH,1000.0,51000.0,110005.27237573141,,0.0
2020-05-31,US_SECTOR_TECH,US,sector,TECH,1000.0,52000.0,122095.64332561131,,0.0
2020-06-30,US_SECTOR_TECH,US,sector,TECH,1000.0,53000.0,132826.19971348063,,0.0
2020-07-31,US_SECTOR_TECH,US,sector,TECH,1000.0,54000.0,140156.07606079069,,0.0
2020-08-31,US_SECTOR_TECH,US,sector,TECH,1000.0,55000.0,163133.019122933,,0.0
2020-09-30,US_SECTOR_TECH,US,sector,TECH,1000.0,56000.0,163967.0023427246,,0.0
2020-10-31,US_SECTOR_TECH,US,sector,TECH,1000.0,57000.0,156404.43750370466,,-0.046122480322062766
2020-11-30,US_SECTOR_TECH,US,sector,TECH,1000.0,58000.0,170289.6872703976,,0.0
2020-12-31,US_SECTOR_TECH,US,sector,TECH,1000.0,59000.0,175257.63584343964,,0.0
2021-01-31,US_SECTOR_TECH,US,sector,TECH,1000.0,60000.0,179287.12819908845,,0.0
2021-02-28,US_SECTOR_TECH,US,sector,TECH,1000.0,61000.0,186575.51579308702,,0.0
2021-03-31,US_SECTOR_TECH,US,sector,TECH,1000.0,62000.0,185504.9645841228,,-0.005737897625063914
2021-04-30,US_SECTOR_TECH,US,sector,TECH,1000.0,63000.0,198057.62413001937,,0.0
2021-05-31,US_SECTOR_TECH,US,sector,TECH,1000.0,64000.0,207351.27780308304,,0.0
2021-06-30,US_SECTOR_TECH,US,sector,TECH,1000.0,64999.99999999999,234151.06380349348,,0.0
2021-07-31,US_SECTOR_TECH,US,sector,TECH,1000.0,66000.0,236230.50584763946,,0.0
2021-08-31,US_SECTOR_TECH,US,sector,TECH,1000.0,67000.0,258324.88150328916,,0.0
2021-09-30,US_SECTOR_TECH,US,sector,TECH,1000.0,68000.0,244303.28868148307,,-0.05427890933389456
2021-10-31,US_SECTOR_TECH,US,sector,TECH,1000.0,69000.0,288765.68208017916,,0.0
2021-11-30,US_SECTOR_TECH,US,sector,TECH,1000.0,70000.0,332384.4063463173,,0.0
2021-12-31,US_SECTOR_TECH,US,sector,TECH,1000.0,71000.0,330030.8959411493,,-0.007080688384387776
2022-01-31,US_SECTOR_TECH,US,sector,TECH,1000.0,72000.0,287829.45765800175,,-0.13404644693798592
2022-02-28,US_SECTOR_TECH,US,sector,TECH,1000.0,73000.0,285835.85814656346,,-0.14004432010343495
2022-03-31,US_SECTOR_TECH,US,sector,TECH,1000.0,74000.0,310737.89217422996,,-0.06512493895256166
2022-04-30,US_SECTOR_TECH,US,sector,TECH,1000.0,75000.0,245758.71238321156,,-0.2606190071168648
2022-05-31,US_SECTOR_TECH,US,sector,TECH,1000.0,76000.0,249485.5103120495,,-0.2494066943317851
2022-06-30,US_SECTOR_TECH,US,sector,TECH,1000.0,77000.0,214977.1424662049,,-0.35322735254247656
2022-07-31,US_SECTOR_TECH,US,sector,TECH,1000.0,78000.0,244901.41039748865,,-0.26319825562959337
2022-08-31,US_SECTOR_TECH,US,sector,TECH,1000.0,79000.0,219227.6792885678,,-0.3404393373973431
2022-09-30,US_SECTOR_TECH,US,sector,TECH,1000.0,80000.0,189641.64380186095,,-0.42945084010869666
2022-10-31,US_SECTOR_TECH,US,sector,TECH,1000.0,81000.0,201741.447272455,,-0.39304779821031394
2022-11-30,US_SECTOR_TECH,US,sector,TECH,1000.0,82000.0,238573.75475860285,,-0.2822354171752915
2022-12-31,US_SECTOR_TECH,US,sector,TECH,1000.0,83000.0,223679.3239009493,,-0.3270462764492815
2023-01-31,US_SECTOR_TECH,US,sector,TECH,1000.0,84000.0,258975.28853271776,,-0.22085608233111054
2023-02-28,US_SECTOR_TECH,US,sector,TECH,1000.0,85000.0,283343.55632612575,,-0.1475425714439053
2023-03-31,US_SECTOR_TECH,US,sector,TECH,1000.0,86000.0,326628.5528447735,,-0.01731685780573798
2023-04-30,US_SECTOR_TECH,US,sector,TECH,1000.0,87000.0,329835.79148052295,,-0.007667672782275239
2023-05-31,US_SECTOR_TECH,US,sector,TECH,1000.0,88000.0,420243.561539307,,0.0
2023-06-30,US_SECTOR_TECH,US,sector,TECH,1000.0,89000.0,458750.1555121469,,0.0
2023-07-31,US_SECTOR_TECH,US,sector,TECH,1000.0,90000.0,489346.9313294521,,0.0
2023-08-31,US_SECTOR_TECH,US,sector,TECH,1000.0,91000.0,507431.7518119196,,0.0
2023-09-30,US_SECTOR_TECH,US,sector,TECH,1000.0,92000.0,457986.8681718841,,-0.09744144599442084
2023-10-31,US_SECTOR_TECH,US,sector,TECH,1000.0,93000.0,449461.3527587739,,-0.11424275056920866
2023-11-30,US_SECTOR_TECH,US,sector,TECH,1000.0,94000.0,507672.15536626783,,0.0
2023-12-31,US_SECTOR_TECH,US,sector,TECH,1000.0,95000.0,550712.1668514407,,0.0
2024-01-31,US_SECTOR_TECH,US,sector,TECH,1000.0,96000.0,637910.4005358047,,0.0
2024-02-29,US_SECTOR_TECH,US,sector,TECH,1000.0,97000.0,765222.497677436,,0.0
2024-03-31,US_SECTOR_TECH,US,sector,TECH,1000.0,98000.0,839070.8202604969,,0.0
2024-04-30,US_SECTOR_TECH,US,sector,TECH,1000.0,99000.0,805164.902836713,,-0.040408886359863554
2024-05-31,US_SECTOR_TECH,US,sector,TECH,1000.0,100000.0,956500.9393012641,,0.0
2024-06-30,US_SECTOR_TECH,US,sector,TECH,1000.0,101000.0,1087657.5255123985,,0.0
2024-07-31,US_SECTOR_TECH,US,sector,TECH,1000.0,102000.0,1042463.5069450517,,-0.04155169941572896
2024-08-31,US_SECTOR_TECH,US,sector,TECH,1000.0,103000.0,1060411.915270903,,-0.025049806214194174
2024-09-30,US_SECTOR_TECH,US,sector,TECH,1000.0,104000.0,1090760.527807562,,0.0
2024-10-31,US_SECTOR_TECH,US,sector,TECH,1000.0,105000.0,1150516.7578715521,,0.0
2024-11-30,US_SECTOR_TECH,US,sector,TECH,1000.0,106000.0,1178147.0931642782,,0.0
2024-12-31,US_SECTOR_TECH,US,sector,TECH,1000.0,107000.0,1252487.8282163788,,0.0
2025-01-31,US_SECTOR_TECH,US,sector,TECH,0.0,107000.0,1150008.9282003355,,-0.08182027617943378
2025-02-28,US_SECTOR_TECH,US,sector,TECH,1000.0,108000.0,1145192.1073264652,,-0.08566607872166666
2025-03-31,US_SECTOR_TECH,US,sector,TECH,1000.0,109000.0,995666.6444475851,,-0.20504884597124043
2025-04-30,US_SECTOR_TECH,US,sector,TECH,1000.0,110000.0,1040172.8620188801,,-0.16951459440515965
2025-05-31,US_SECTOR_TECH,US,sector,TECH,1000.0,111000.0,1286320.6051613034,,0.0
2025-06-30,US_SECTOR_TECH,US,sector,TECH,1000.0,112000.0,1482658.9069577807,,0.0
2025-07-31,US_SECTOR_TECH,US,sector,TECH,1000.0,113000.0,1638934.6950211392,,0.0
2025-08-31,US_SECTOR_TECH,US,sector,TECH,1000.0,114000.0,1615955.7605966579,,-0.014020652863282615
2025-09-30,US_SECTOR_TECH,US,sector,TECH,1000.0,115000.0,1741096.2444079102,,0.0
2025-10-31,US_SECTOR_TECH,US,sector,TECH,1000.0,116000.0,1894903.0538835172,,0.0
2025-11-30,US_SECTOR_TECH,US,sector,TECH,1000.0,117000.0,1781671.7055910353,,-0.0597557474301492
2025-12-31,US_SECTOR_TECH,US,sector,TECH,1000.0,118000.0,1757714.3123370754,,-0.07239881811646234
2026-01-31,US_SECTOR_TECH,US,sector,TECH,1000.0,119000.0,1752172.7878522384,,-0.07532325505453148
2026-02-28,US_SECTOR_TECH,US,sector,TECH,1000.0,120000.0,1642104.1447695885,,-0.1334099433719466
2026-03-31,US_SECTOR_TECH,US,sector,TECH,1000.0,121000.0,1606030.8968462574,,-0.152446932018622
2026-04-30,US_SECTOR_TECH,US,sector,TECH,1000.0,122000.0,1948678.1829230161,,0.0
2015-01-31,US_SECTOR_COMMUNICATION,US,sector,COMMUNICATION,666.6666666666666,666.6666666666666,,,0.0
2015-02-28,US_SECTOR_COMMUNICATION,US,sector,COMMUNICATION,666.6666666666666,1333.3333333333333,,,0.0
2015-03-31,US_SECTOR_COMMUNICATION,US,sector,COMMUNICATION,666.6666666666666,2000.0,,,0.0
2015-04-30,US_SECTOR_COMMUNICATION,US,sector,COMMUNICATION,666.6666666666666,2666.6666666666665,,,0.0
2015-05-31,US_SECTOR_COMMUNICATION,US,sector,COMMUNICATION,666.6666666666666,3333.333333333333,,,0.0
2015-06-30,US_SECTOR_COMMUNICATION,US,sector,COMMUNICATION,666.6666666666666,4000.0,,,0.0
2015-07-31,US_SECTOR_COMMUNICATION,US,sector,COMMUNICATION,666.6666666666666,4666.666666666666,,,0.0
2015-08-31,US_SECTOR_COMMUNICATION,US,sector,COMMUNICATION,666.6666666666666,5333.333333333333,,,0.0
2015-09-30,US_SECTOR_COMMUNICATION,US,sector,COMMUNICATION,666.6666666666666,6000.0,,,0.0
2015-10-31,US_SECTOR_COMMUNICATION,US,sector,COMMUNICATION,666.6666666666666,6666.666666666666,,,0.0
2015-11-30,US_SECTOR_COMMUNICATION,US,sector,COMMUNICATION,666.6666666666666,7333.333333333333,,,0.0
2015-12-31,US_SECTOR_COMMUNICATION,US,sector,COMMUNICATION,666.6666666666666,8000.0,,,0.0
2016-01-31,US_SECTOR_COMMUNICATION,US,sector,COMMUNICATION,666.6666666666666,8666.666666666666,,,0.0
2016-02-29,US_SECTOR_COMMUNICATION,US,sector,COMMUNICATION,666.6666666666666,9333.333333333332,,,0.0
2016-03-31,US_SECTOR_COMMUNICATION,US,sector,COMMUNICATION,666.6666666666666,10000.0,17440.967310136915,,0.0
2016-04-30,US_SECTOR_COMMUNICATION,US,sector,COMMUNICATION,1000.0,11000.0,18140.103263049696,,0.0
2016-05-31,US_SECTOR_COMMUNICATION,US,sector,COMMUNICATION,1000.0,12000.0,19665.575044629095,,0.0
2016-06-30,US_SECTOR_COMMUNICATION,US,sector,COMMUNICATION,1000.0,13000.0,19843.413117896238,,0.0
2016-07-31,US_SECTOR_COMMUNICATION,US,sector,COMMUNICATION,1000.0,14000.0,22343.786456938054,,0.0
2016-08-31,US_SECTOR_COMMUNICATION,US,sector,COMMUNICATION,1000.0,15000.0,23580.480654348496,,0.0
2016-09-30,US_SECTOR_COMMUNICATION,US,sector,COMMUNICATION,1000.0,16000.0,24883.87726573898,,0.0
2016-10-31,US_SECTOR_COMMUNICATION,US,sector,COMMUNICATION,1000.0,17000.0,26760.984442132576,,0.0
2016-11-30,US_SECTOR_COMMUNICATION,US,sector,COMMUNICATION,1000.0,18000.0,26195.050907834386,,-0.02114770985058318
2016-12-31,US_SECTOR_COMMUNICATION,US,sector,COMMUNICATION,1000.0,19000.0,27301.406101814566,,0.0
2017-01-31,US_SECTOR_COMMUNICATION,US,sector,COMMUNICATION,1000.0,20000.0,30428.540812939413,,0.0
2017-02-28,US_SECTOR_COMMUNICATION,US,sector,COMMUNICATION,1000.0,21000.0,32232.265422745077,,0.0
2017-03-31,US_SECTOR_COMMUNICATION,US,sector,COMMUNICATION,1000.0,22000.0,34045.27063071782,,0.0
2017-04-30,US_SECTOR_COMMUNICATION,US,sector,COMMUNICATION,1000.0,23000.0,36994.84502372792,,0.0
2017-05-31,US_SECTOR_COMMUNICATION,US,sector,COMMUNICATION,1000.0,24000.0,39398.213471434574,,0.0
2017-06-30,US_SECTOR_COMMUNICATION,US,sector,COMMUNICATION,1000.0,25000.0,38939.28219544778,,-0.011648530112146897
2017-07-31,US_SECTOR_COMMUNICATION,US,sector,COMMUNICATION,1000.0,26000.0,43414.5164704278,,0.0
2017-08-31,US_SECTOR_COMMUNICATION,US,sector,COMMUNICATION,1000.0,27000.0,44498.888702185126,,0.0
2017-09-30,US_SECTOR_COMMUNICATION,US,sector,COMMUNICATION,1000.0,28000.0,45999.16735406337,,0.0
2017-10-31,US_SECTOR_COMMUNICATION,US,sector,COMMUNICATION,1000.0,29000.0,49639.304181848674,,0.0
2017-11-30,US_SECTOR_COMMUNICATION,US,sector,COMMUNICATION,1000.0,30000.0,49916.56278428038,,0.0
2017-12-31,US_SECTOR_COMMUNICATION,US,sector,COMMUNICATION,1000.0,31000.0,51380.20349264439,,0.0
2018-01-31,US_SECTOR_COMMUNICATION,US,sector,COMMUNICATION,1000.0,32000.0,59990.91486234671,,0.0
2018-02-28,US_SECTOR_COMMUNICATION,US,sector,COMMUNICATION,1000.0,33000.0,59966.920522358254,,-0.0003999662289450738
2018-03-31,US_SECTOR_COMMUNICATION,US,sector,COMMUNICATION,1000.0,34000.0,57941.83866258531,,-0.0341564419289679
2018-04-30,US_SECTOR_COMMUNICATION,US,sector,COMMUNICATION,1000.0,35000.0,61088.130648986196,,0.0
2018-05-31,US_SECTOR_COMMUNICATION,US,sector,COMMUNICATION,1000.0,36000.0,68201.01480864931,,0.0
2018-06-30,US_SECTOR_COMMUNICATION,US,sector,COMMUNICATION,1000.0,37000.0,72445.33593955493,,0.0
2018-07-31,US_SECTOR_COMMUNICATION,US,sector,COMMUNICATION,0.0,37000.0,68339.33852429631,,-0.05667718096696353
2018-08-31,US_SECTOR_COMMUNICATION,US,sector,COMMUNICATION,1000.0,38000.0,71682.55538857677,,-0.010529049815085269
2018-09-30,US_SECTOR_COMMUNICATION,US,sector,COMMUNICATION,1000.0,39000.0,71278.95543398277,,-0.016100146275052612
2018-10-31,US_SECTOR_COMMUNICATION,US,sector,COMMUNICATION,1000.0,40000.0,63861.88911337824,,-0.11848170368535982
2018-11-30,US_SECTOR_COMMUNICATION,US,sector,COMMUNICATION,1000.0,41000.0,62786.074439935684,,-0.13333172348981162
2018-12-31,US_SECTOR_COMMUNICATION,US,sector,COMMUNICATION,0.0,41000.0,59133.41340280573,,-0.18375127072163847
2019-01-31,US_SECTOR_COMMUNICATION,US,sector,COMMUNICATION,1000.0,42000.0,71107.98111402494,,-0.018460192201273314
2019-02-28,US_SECTOR_COMMUNICATION,US,sector,COMMUNICATION,1000.0,43000.0,72657.61207337008,,0.0
2019-03-31,US_SECTOR_COMMUNICATION,US,sector,COMMUNICATION,1000.0,44000.0,75231.68435606605,,0.0
2019-04-30,US_SECTOR_COMMUNICATION,US,sector,COMMUNICATION,1000.0,45000.0,81213.81285729307,,0.0
2019-05-31,US_SECTOR_COMMUNICATION,US,sector,COMMUNICATION,1000.0,46000.0,76208.362505058,,-0.0616329929125545
2019-06-30,US_SECTOR_COMMUNICATION,US,sector,COMMUNICATION,1000.0,47000.0,80595.87041871889,,-0.00760883422208019
2019-07-31,US_SECTOR_COMMUNICATION,US,sector,COMMUNICATION,1000.0,48000.0,81440.90234658985,,0.0
2019-08-31,US_SECTOR_COMMUNICATION,US,sector,COMMUNICATION,1000.0,49000.0,78549.54119507333,,-0.03550256772956291
2019-09-30,US_SECTOR_COMMUNICATION,US,sector,COMMUNICATION,1000.0,50000.0,77195.68443944077,,-0.05212636138389792
2019-10-31,US_SECTOR_COMMUNICATION,US,sector,COMMUNICATION,1000.0,51000.0,82519.78971675111,,0.0
2019-11-30,US_SECTOR_COMMUNICATION,US,sector,COMMUNICATION,1000.0,52000.0,88083.91636203526,,0.0
2019-12-31,US_SECTOR_COMMUNICATION,US,sector,COMMUNICATION,1000.0,53000.0,91124.15896489074,,0.0
2020-01-31,US_SECTOR_COMMUNICATION,US,sector,COMMUNICATION,0.0,53000.0,94416.87504532597,,0.0
2020-02-29,US_SECTOR_COMMUNICATION,US,sector,COMMUNICATION,1000.0,54000.0,93685.1413740794,,-0.007750030605178354
2020-03-31,US_SECTOR_COMMUNICATION,US,sector,COMMUNICATION,1000.0,55000.0,87176.77733172754,,-0.07668224255592797
2020-04-30,US_SECTOR_COMMUNICATION,US,sector,COMMUNICATION,1000.0,56000.0,101951.3608276831,,0.0
2020-05-31,US_SECTOR_COMMUNICATION,US,sector,COMMUNICATION,1000.0,57000.0,108163.41139604001,,0.0
2020-06-30,US_SECTOR_COMMUNICATION,US,sector,COMMUNICATION,1000.0,58000.0,111981.60348355416,,0.0
2020-07-31,US_SECTOR_COMMUNICATION,US,sector,COMMUNICATION,1000.0,59000.0,121695.47486460935,,0.0
2020-08-31,US_SECTOR_COMMUNICATION,US,sector,COMMUNICATION,1000.0,60000.0,135868.8698114345,,0.0
2020-09-30,US_SECTOR_COMMUNICATION,US,sector,COMMUNICATION,1000.0,61000.0,125279.38661329869,,-0.07793899524469748
2020-10-31,US_SECTOR_COMMUNICATION,US,sector,COMMUNICATION,1000.0,62000.0,128148.50547670464,,-0.05682217233016338
2020-11-30,US_SECTOR_COMMUNICATION,US,sector,COMMUNICATION,1000.0,63000.0,136101.49397089065,,0.0
2020-12-31,US_SECTOR_COMMUNICATION,US,sector,COMMUNICATION,1000.0,64000.0,140703.10013099946,,0.0
2021-01-31,US_SECTOR_COMMUNICATION,US,sector,COMMUNICATION,1000.0,64999.99999999999,140454.27287260583,,-0.0017684561190333924
2021-02-28,US_SECTOR_COMMUNICATION,US,sector,COMMUNICATION,1000.0,66000.0,146810.28200055726,,0.0
2021-03-31,US_SECTOR_COMMUNICATION,US,sector,COMMUNICATION,1000.0,67000.0,153565.08162740574,,0.0
2021-04-30,US_SECTOR_COMMUNICATION,US,sector,COMMUNICATION,1000.0,68000.0,166508.65782404857,,0.0
2021-05-31,US_SECTOR_COMMUNICATION,US,sector,COMMUNICATION,1000.0,69000.0,167286.71212611912,,0.0
2021-06-30,US_SECTOR_COMMUNICATION,US,sector,COMMUNICATION,1000.0,70000.0,176047.30478673443,,0.0
2021-07-31,US_SECTOR_COMMUNICATION,US,sector,COMMUNICATION,1000.0,71000.0,184181.63376610147,,0.0
2021-08-31,US_SECTOR_COMMUNICATION,US,sector,COMMUNICATION,1000.0,72000.0,199161.9715573038,,0.0
2021-09-30,US_SECTOR_COMMUNICATION,US,sector,COMMUNICATION,1000.0,73000.0,191097.30212933128,,-0.04049301864664518
2021-10-31,US_SECTOR_COMMUNICATION,US,sector,COMMUNICATION,1000.0,74000.0,204336.17901830585,,0.0
2021-11-30,US_SECTOR_COMMUNICATION,US,sector,COMMUNICATION,1000.0,75000.0,197727.9382716875,,-0.03234004266090502
2021-12-31,US_SECTOR_COMMUNICATION,US,sector,COMMUNICATION,1000.0,76000.0,198740.00222385486,,-0.02738710697898314
2022-01-31,US_SECTOR_COMMUNICATION,US,sector,COMMUNICATION,1000.0,77000.0,174044.72552381599,,-0.14824322173400406
2022-02-28,US_SECTOR_COMMUNICATION,US,sector,COMMUNICATION,1000.0,78000.0,153381.40510774078,,-0.24936736193936654
2022-03-31,US_SECTOR_COMMUNICATION,US,sector,COMMUNICATION,1000.0,79000.0,156736.98029110947,,-0.2329455261220878
2022-04-30,US_SECTOR_COMMUNICATION,US,sector,COMMUNICATION,1000.0,80000.0,122362.90993334659,,-0.4011686500099208
2022-05-31,US_SECTOR_COMMUNICATION,US,sector,COMMUNICATION,1000.0,81000.0,122567.9751207991,,-0.4001650823184933
2022-06-30,US_SECTOR_COMMUNICATION,US,sector,COMMUNICATION,1000.0,82000.0,112628.77935321358,,-0.4488064722834838
2022-07-31,US_SECTOR_COMMUNICATION,US,sector,COMMUNICATION,1000.0,83000.0,122335.4673780709,,-0.40130295102018504
2022-08-31,US_SECTOR_COMMUNICATION,US,sector,COMMUNICATION,1000.0,84000.0,119398.87786191292,,-0.4156743145754118
2022-09-30,US_SECTOR_COMMUNICATION,US,sector,COMMUNICATION,1000.0,85000.0,109360.16619937343,,-0.46480272497619624
2022-10-31,US_SECTOR_COMMUNICATION,US,sector,COMMUNICATION,1000.0,86000.0,107378.59889772108,,-0.47450030917872177
2022-11-30,US_SECTOR_COMMUNICATION,US,sector,COMMUNICATION,1000.0,87000.0,118482.17925447342,,-0.42016054218250326
2022-12-31,US_SECTOR_COMMUNICATION,US,sector,COMMUNICATION,1000.0,88000.0,111513.61877845487,,-0.454263952109701
2023-01-31,US_SECTOR_COMMUNICATION,US,sector,COMMUNICATION,1000.0,89000.0,130861.27196345972,,-0.35957855044487125
2023-02-28,US_SECTOR_COMMUNICATION,US,sector,COMMUNICATION,1000.0,90000.0,128641.32012406335,,-0.37044276377244595
2023-03-31,US_SECTOR_COMMUNICATION,US,sector,COMMUNICATION,1000.0,91000.0,147897.195430921,,-0.2762065134942581
2023-04-30,US_SECTOR_COMMUNICATION,US,sector,COMMUNICATION,1000.0,92000.0,155206.9161705016,,-0.24043350073313705
2023-05-31,US_SECTOR_COMMUNICATION,US,sector,COMMUNICATION,1000.0,93000.0,177905.62777493175,,-0.12934836782382167
2023-06-30,US_SECTOR_COMMUNICATION,US,sector,COMMUNICATION,1000.0,94000.0,186877.69497199607,,-0.08544000445826937
2023-07-31,US_SECTOR_COMMUNICATION,US,sector,COMMUNICATION,1000.0,95000.0,202184.64616415574,,-0.010529377932418704
2023-08-31,US_SECTOR_COMMUNICATION,US,sector,COMMUNICATION,1000.0,96000.0,199776.61288979976,,-0.022314042233791673
2023-09-30,US_SECTOR_COMMUNICATION,US,sector,COMMUNICATION,1000.0,97000.0,191992.69517227818,,-0.06040772566722925
2023-10-31,US_SECTOR_COMMUNICATION,US,sector,COMMUNICATION,1000.0,98000.0,193129.89355264243,,-0.05484239511329748
2023-11-30,US_SECTOR_COMMUNICATION,US,sector,COMMUNICATION,1000.0,99000.0,212210.20713250458,,0.0
2023-12-31,US_SECTOR_COMMUNICATION,US,sector,COMMUNICATION,1000.0,100000.0,224970.86948262385,,0.0
2024-01-31,US_SECTOR_COMMUNICATION,US,sector,COMMUNICATION,1000.0,101000.0,243412.10219687072,,0.0
2024-02-29,US_SECTOR_COMMUNICATION,US,sector,COMMUNICATION,1000.0,102000.0,270047.10579357203,,0.0
2024-03-31,US_SECTOR_COMMUNICATION,US,sector,COMMUNICATION,1000.0,103000.0,278241.31491603557,,0.0
2024-04-30,US_SECTOR_COMMUNICATION,US,sector,COMMUNICATION,1000.0,104000.0,267381.3818464554,,-0.0390306273274239
2024-05-31,US_SECTOR_COMMUNICATION,US,sector,COMMUNICATION,1000.0,105000.0,293615.7106892866,,0.0
2024-06-30,US_SECTOR_COMMUNICATION,US,sector,COMMUNICATION,1000.0,106000.0,312998.73245413916,,0.0
2024-07-31,US_SECTOR_COMMUNICATION,US,sector,COMMUNICATION,1000.0,107000.0,295103.1741731399,,-0.05717453914488718
2024-08-31,US_SECTOR_COMMUNICATION,US,sector,COMMUNICATION,1000.0,108000.0,310446.5617086573,,-0.00815393316602584
2024-09-30,US_SECTOR_COMMUNICATION,US,sector,COMMUNICATION,1000.0,109000.0,325527.073098768,,0.0
2024-10-31,US_SECTOR_COMMUNICATION,US,sector,COMMUNICATION,1000.0,110000.0,334538.47187224985,,0.0
2024-11-30,US_SECTOR_COMMUNICATION,US,sector,COMMUNICATION,1000.0,111000.0,351983.93774133356,,0.0
2024-12-31,US_SECTOR_COMMUNICATION,US,sector,COMMUNICATION,1000.0,112000.0,368924.75594310544,,0.0
2025-01-31,US_SECTOR_COMMUNICATION,US,sector,COMMUNICATION,0.0,112000.0,412433.2164479471,,0.0
2025-02-28,US_SECTOR_COMMUNICATION,US,sector,COMMUNICATION,1000.0,113000.0,387757.4045991712,,-0.05982983635822215
2025-03-31,US_SECTOR_COMMUNICATION,US,sector,COMMUNICATION,1000.0,114000.0,351859.8861608178,,-0.14686821495323035
2025-04-30,US_SECTOR_COMMUNICATION,US,sector,COMMUNICATION,1000.0,115000.0,374358.33562305453,,-0.09231768758299795
2025-05-31,US_SECTOR_COMMUNICATION,US,sector,COMMUNICATION,1000.0,116000.0,415702.171902858,,0.0
2025-06-30,US_SECTOR_COMMUNICATION,US,sector,COMMUNICATION,1000.0,117000.0,457070.98689774406,,0.0
2025-07-31,US_SECTOR_COMMUNICATION,US,sector,COMMUNICATION,1000.0,118000.0,453529.38789497584,,-0.007748466002635503
2025-08-31,US_SECTOR_COMMUNICATION,US,sector,COMMUNICATION,1000.0,119000.0,466297.7300347779,,0.0
2025-09-30,US_SECTOR_COMMUNICATION,US,sector,COMMUNICATION,1000.0,120000.0,484635.37827914965,,0.0
2025-10-31,US_SECTOR_COMMUNICATION,US,sector,COMMUNICATION,1000.0,121000.0,480232.799587736,,-0.009084311399317084
2025-11-30,US_SECTOR_COMMUNICATION,US,sector,COMMUNICATION,1000.0,122000.0,500989.64004608884,,0.0
2025-12-31,US_SECTOR_COMMUNICATION,US,sector,COMMUNICATION,1000.0,123000.0,482421.10562956874,,-0.03706370937094003
2026-01-31,US_SECTOR_COMMUNICATION,US,sector,COMMUNICATION,1000.0,124000.0,499659.0412238197,,-0.002655940793799077
2026-02-28,US_SECTOR_COMMUNICATION,US,sector,COMMUNICATION,1000.0,125000.0,484055.38714890496,,-0.03380160295455611
2026-03-31,US_SECTOR_COMMUNICATION,US,sector,COMMUNICATION,1000.0,126000.0,451322.4790314211,,-0.0991380999617049
2026-04-30,US_SECTOR_COMMUNICATION,US,sector,COMMUNICATION,1000.0,127000.0,511971.92648682575,,0.0
2015-01-31,US_SECTOR_CONSUMER_DISCRETIONARY,US,sector,CONSUMER_DISCRETIONARY,666.6666666666666,666.6666666666666,,,0.0
2015-02-28,US_SECTOR_CONSUMER_DISCRETIONARY,US,sector,CONSUMER_DISCRETIONARY,666.6666666666666,1333.3333333333333,,,0.0
2015-03-31,US_SECTOR_CONSUMER_DISCRETIONARY,US,sector,CONSUMER_DISCRETIONARY,666.6666666666666,2000.0,,,0.0
2015-04-30,US_SECTOR_CONSUMER_DISCRETIONARY,US,sector,CONSUMER_DISCRETIONARY,666.6666666666666,2666.6666666666665,,,0.0
2015-05-31,US_SECTOR_CONSUMER_DISCRETIONARY,US,sector,CONSUMER_DISCRETIONARY,666.6666666666666,3333.333333333333,,,0.0
2015-06-30,US_SECTOR_CONSUMER_DISCRETIONARY,US,sector,CONSUMER_DISCRETIONARY,666.6666666666666,4000.0,,,0.0
2015-07-31,US_SECTOR_CONSUMER_DISCRETIONARY,US,sector,CONSUMER_DISCRETIONARY,666.6666666666666,4666.666666666666,,,0.0
2015-08-31,US_SECTOR_CONSUMER_DISCRETIONARY,US,sector,CONSUMER_DISCRETIONARY,666.6666666666666,5333.333333333333,,,0.0
2015-09-30,US_SECTOR_CONSUMER_DISCRETIONARY,US,sector,CONSUMER_DISCRETIONARY,666.6666666666666,6000.0,,,0.0
2015-10-31,US_SECTOR_CONSUMER_DISCRETIONARY,US,sector,CONSUMER_DISCRETIONARY,666.6666666666666,6666.666666666666,,,0.0
2015-11-30,US_SECTOR_CONSUMER_DISCRETIONARY,US,sector,CONSUMER_DISCRETIONARY,666.6666666666666,7333.333333333333,,,0.0
2015-12-31,US_SECTOR_CONSUMER_DISCRETIONARY,US,sector,CONSUMER_DISCRETIONARY,666.6666666666666,8000.0,,,0.0
2016-01-31,US_SECTOR_CONSUMER_DISCRETIONARY,US,sector,CONSUMER_DISCRETIONARY,666.6666666666666,8666.666666666666,,,0.0
2016-02-29,US_SECTOR_CONSUMER_DISCRETIONARY,US,sector,CONSUMER_DISCRETIONARY,666.6666666666666,9333.333333333332,,,0.0
2016-03-31,US_SECTOR_CONSUMER_DISCRETIONARY,US,sector,CONSUMER_DISCRETIONARY,666.6666666666666,10000.0,17087.560316274255,,0.0
2016-04-30,US_SECTOR_CONSUMER_DISCRETIONARY,US,sector,CONSUMER_DISCRETIONARY,1000.0,11000.0,18839.04454879057,,0.0
2016-05-31,US_SECTOR_CONSUMER_DISCRETIONARY,US,sector,CONSUMER_DISCRETIONARY,1000.0,12000.0,20467.819572824486,,0.0
2016-06-30,US_SECTOR_CONSUMER_DISCRETIONARY,US,sector,CONSUMER_DISCRETIONARY,1000.0,13000.0,21113.923909420126,,0.0
2016-07-31,US_SECTOR_CONSUMER_DISCRETIONARY,US,sector,CONSUMER_DISCRETIONARY,1000.0,14000.0,23348.579014188548,,0.0
2016-08-31,US_SECTOR_CONSUMER_DISCRETIONARY,US,sector,CONSUMER_DISCRETIONARY,1000.0,15000.0,24105.004804568925,,0.0
2016-09-30,US_SECTOR_CONSUMER_DISCRETIONARY,US,sector,CONSUMER_DISCRETIONARY,1000.0,16000.0,25650.803632337782,,0.0
2016-10-31,US_SECTOR_CONSUMER_DISCRETIONARY,US,sector,CONSUMER_DISCRETIONARY,1000.0,17000.0,25504.631946803405,,-0.005698522651746436
2016-11-30,US_SECTOR_CONSUMER_DISCRETIONARY,US,sector,CONSUMER_DISCRETIONARY,1000.0,18000.0,26324.420426405086,,0.0
2016-12-31,US_SECTOR_CONSUMER_DISCRETIONARY,US,sector,CONSUMER_DISCRETIONARY,1000.0,19000.0,27964.440088696123,,0.0
2017-01-31,US_SECTOR_CONSUMER_DISCRETIONARY,US,sector,CONSUMER_DISCRETIONARY,1000.0,20000.0,30920.663015942155,,0.0
2017-02-28,US_SECTOR_CONSUMER_DISCRETIONARY,US,sector,CONSUMER_DISCRETIONARY,1000.0,21000.0,32740.250607615966,,0.0
2017-03-31,US_SECTOR_CONSUMER_DISCRETIONARY,US,sector,CONSUMER_DISCRETIONARY,1000.0,22000.0,35051.86324531859,,0.0
2017-04-30,US_SECTOR_CONSUMER_DISCRETIONARY,US,sector,CONSUMER_DISCRETIONARY,1000.0,23000.0,38038.9838251578,,0.0
2017-05-31,US_SECTOR_CONSUMER_DISCRETIONARY,US,sector,CONSUMER_DISCRETIONARY,1000.0,24000.0,40549.81989410427,,0.0
2017-06-30,US_SECTOR_CONSUMER_DISCRETIONARY,US,sector,CONSUMER_DISCRETIONARY,1000.0,25000.0,41503.23476352842,,0.0
2017-07-31,US_SECTOR_CONSUMER_DISCRETIONARY,US,sector,CONSUMER_DISCRETIONARY,1000.0,26000.0,41703.85966143682,,0.0
2017-08-31,US_SECTOR_CONSUMER_DISCRETIONARY,US,sector,CONSUMER_DISCRETIONARY,1000.0,27000.0,43354.41033410779,,0.0
2017-09-30,US_SECTOR_CONSUMER_DISCRETIONARY,US,sector,CONSUMER_DISCRETIONARY,1000.0,28000.0,44822.39643594456,,0.0
2017-10-31,US_SECTOR_CONSUMER_DISCRETIONARY,US,sector,CONSUMER_DISCRETIONARY,1000.0,29000.0,48431.1367995989,,0.0
2017-11-30,US_SECTOR_CONSUMER_DISCRETIONARY,US,sector,CONSUMER_DISCRETIONARY,1000.0,30000.0,51443.47184070968,,0.0
2017-12-31,US_SECTOR_CONSUMER_DISCRETIONARY,US,sector,CONSUMER_DISCRETIONARY,1000.0,31000.0,53285.163028319155,,0.0
2018-01-31,US_SECTOR_CONSUMER_DISCRETIONARY,US,sector,CONSUMER_DISCRETIONARY,1000.0,32000.0,62015.47349905739,,0.0
2018-02-28,US_SECTOR_CONSUMER_DISCRETIONARY,US,sector,CONSUMER_DISCRETIONARY,1000.0,33000.0,62149.13453119518,,0.0
2018-03-31,US_SECTOR_CONSUMER_DISCRETIONARY,US,sector,CONSUMER_DISCRETIONARY,1000.0,34000.0,59148.329272496,,-0.048283942830981134
2018-04-30,US_SECTOR_CONSUMER_DISCRETIONARY,US,sector,CONSUMER_DISCRETIONARY,1000.0,35000.0,64120.37738647014,,0.0
2018-05-31,US_SECTOR_CONSUMER_DISCRETIONARY,US,sector,CONSUMER_DISCRETIONARY,1000.0,36000.0,66277.28689256971,,0.0
2018-06-30,US_SECTOR_CONSUMER_DISCRETIONARY,US,sector,CONSUMER_DISCRETIONARY,1000.0,37000.0,71526.7258300414,,0.0
2018-07-31,US_SECTOR_CONSUMER_DISCRETIONARY,US,sector,CONSUMER_DISCRETIONARY,0.0,37000.0,71846.04692306588,,0.0
2018-08-31,US_SECTOR_CONSUMER_DISCRETIONARY,US,sector,CONSUMER_DISCRETIONARY,1000.0,38000.0,78175.19080972,,0.0
2018-09-30,US_SECTOR_CONSUMER_DISCRETIONARY,US,sector,CONSUMER_DISCRETIONARY,1000.0,39000.0,78321.85461853522,,0.0
2018-10-31,US_SECTOR_CONSUMER_DISCRETIONARY,US,sector,CONSUMER_DISCRETIONARY,1000.0,40000.0,70113.93721900113,,-0.104797280905956
2018-11-30,US_SECTOR_CONSUMER_DISCRETIONARY,US,sector,CONSUMER_DISCRETIONARY,1000.0,41000.0,74024.11319683125,,-0.05487282499419878
2018-12-31,US_SECTOR_CONSUMER_DISCRETIONARY,US,sector,CONSUMER_DISCRETIONARY,0.0,41000.0,68423.66699867469,,-0.12637836103434252
2019-01-31,US_SECTOR_CONSUMER_DISCRETIONARY,US,sector,CONSUMER_DISCRETIONARY,1000.0,42000.0,74403.05288559702,,-0.050034588072826305
2019-02-28,US_SECTOR_CONSUMER_DISCRETIONARY,US,sector,CONSUMER_DISCRETIONARY,1000.0,43000.0,74388.58005211195,,-0.0502193747272736
2019-03-31,US_SECTOR_CONSUMER_DISCRETIONARY,US,sector,CONSUMER_DISCRETIONARY,1000.0,44000.0,77618.95190166413,,-0.008974541273244365
2019-04-30,US_SECTOR_CONSUMER_DISCRETIONARY,US,sector,CONSUMER_DISCRETIONARY,1000.0,45000.0,81423.88806062182,,0.0
2019-05-31,US_SECTOR_CONSUMER_DISCRETIONARY,US,sector,CONSUMER_DISCRETIONARY,1000.0,46000.0,75056.80769204901,,-0.07819671254008867
2019-06-30,US_SECTOR_CONSUMER_DISCRETIONARY,US,sector,CONSUMER_DISCRETIONARY,1000.0,47000.0,82619.06364800123,,0.0
2019-07-31,US_SECTOR_CONSUMER_DISCRETIONARY,US,sector,CONSUMER_DISCRETIONARY,1000.0,48000.0,84535.01488285438,,0.0
2019-08-31,US_SECTOR_CONSUMER_DISCRETIONARY,US,sector,CONSUMER_DISCRETIONARY,1000.0,49000.0,84503.17069953708,,-0.00037669814527656787
2019-09-30,US_SECTOR_CONSUMER_DISCRETIONARY,US,sector,CONSUMER_DISCRETIONARY,1000.0,50000.0,85855.11013981506,,0.0
2019-10-31,US_SECTOR_CONSUMER_DISCRETIONARY,US,sector,CONSUMER_DISCRETIONARY,1000.0,51000.0,91939.56666638813,,0.0
2019-11-30,US_SECTOR_CONSUMER_DISCRETIONARY,US,sector,CONSUMER_DISCRETIONARY,1000.0,52000.0,92490.48404637112,,0.0
2019-12-31,US_SECTOR_CONSUMER_DISCRETIONARY,US,sector,CONSUMER_DISCRETIONARY,1000.0,53000.0,99066.676416897,,0.0
2020-01-31,US_SECTOR_CONSUMER_DISCRETIONARY,US,sector,CONSUMER_DISCRETIONARY,0.0,53000.0,116551.94972730425,,0.0
2020-02-29,US_SECTOR_CONSUMER_DISCRETIONARY,US,sector,CONSUMER_DISCRETIONARY,1000.0,54000.0,114103.31911629414,,-0.0210089202002983
2020-03-31,US_SECTOR_CONSUMER_DISCRETIONARY,US,sector,CONSUMER_DISCRETIONARY,1000.0,55000.0,104648.90935767209,,-0.10212648005873447
2020-04-30,US_SECTOR_CONSUMER_DISCRETIONARY,US,sector,CONSUMER_DISCRETIONARY,1000.0,56000.0,136916.5356037293,,0.0
2020-05-31,US_SECTOR_CONSUMER_DISCRETIONARY,US,sector,CONSUMER_DISCRETIONARY,1000.0,57000.0,143995.9305883455,,0.0
2020-06-30,US_SECTOR_CONSUMER_DISCRETIONARY,US,sector,CONSUMER_DISCRETIONARY,1000.0,58000.0,166615.97849128058,,0.0
2020-07-31,US_SECTOR_CONSUMER_DISCRETIONARY,US,sector,CONSUMER_DISCRETIONARY,1000.0,59000.0,199317.59460665734,,0.0
2020-08-31,US_SECTOR_CONSUMER_DISCRETIONARY,US,sector,CONSUMER_DISCRETIONARY,1000.0,60000.0,269918.39002397796,,0.0
2020-09-30,US_SECTOR_CONSUMER_DISCRETIONARY,US,sector,CONSUMER_DISCRETIONARY,1000.0,61000.0,242850.27835168553,,-0.10028257678140368
2020-10-31,US_SECTOR_CONSUMER_DISCRETIONARY,US,sector,CONSUMER_DISCRETIONARY,1000.0,62000.0,227891.85371053137,,-0.15570090022289032
2020-11-30,US_SECTOR_CONSUMER_DISCRETIONARY,US,sector,CONSUMER_DISCRETIONARY,1000.0,63000.0,284715.80898006127,,0.0
2020-12-31,US_SECTOR_CONSUMER_DISCRETIONARY,US,sector,CONSUMER_DISCRETIONARY,1000.0,64000.0,325596.6541072878,,0.0
2021-01-31,US_SECTOR_CONSUMER_DISCRETIONARY,US,sector,CONSUMER_DISCRETIONARY,1000.0,64999.99999999999,351159.3710721643,,0.0
2021-02-28,US_SECTOR_CONSUMER_DISCRETIONARY,US,sector,CONSUMER_DISCRETIONARY,1000.0,66000.0,313685.92994550243,,-0.1067134874181129
2021-03-31,US_SECTOR_CONSUMER_DISCRETIONARY,US,sector,CONSUMER_DISCRETIONARY,1000.0,67000.0,319479.7271576642,,-0.0902144340268505
2021-04-30,US_SECTOR_CONSUMER_DISCRETIONARY,US,sector,CONSUMER_DISCRETIONARY,1000.0,68000.0,344555.8297568806,,-0.018804969649881955
2021-05-31,US_SECTOR_CONSUMER_DISCRETIONARY,US,sector,CONSUMER_DISCRETIONARY,1000.0,69000.0,314443.8947037138,,-0.10455502371003308
2021-06-30,US_SECTOR_CONSUMER_DISCRETIONARY,US,sector,CONSUMER_DISCRETIONARY,1000.0,70000.0,336674.10550833534,,-0.041249833429198635
2021-07-31,US_SECTOR_CONSUMER_DISCRETIONARY,US,sector,CONSUMER_DISCRETIONARY,1000.0,71000.0,338350.5988729632,,-0.03647566676091583
2021-08-31,US_SECTOR_CONSUMER_DISCRETIONARY,US,sector,CONSUMER_DISCRETIONARY,1000.0,72000.0,356722.7271208718,,0.0
2021-09-30,US_SECTOR_CONSUMER_DISCRETIONARY,US,sector,CONSUMER_DISCRETIONARY,1000.0,73000.0,364750.39159485116,,0.0
2021-10-31,US_SECTOR_CONSUMER_DISCRETIONARY,US,sector,CONSUMER_DISCRETIONARY,1000.0,74000.0,472852.4432402787,,0.0
2021-11-30,US_SECTOR_CONSUMER_DISCRETIONARY,US,sector,CONSUMER_DISCRETIONARY,1000.0,75000.0,490774.85389793554,,0.0
2021-12-31,US_SECTOR_CONSUMER_DISCRETIONARY,US,sector,CONSUMER_DISCRETIONARY,1000.0,76000.0,463971.82067691087,,-0.0546137052624925
2022-01-31,US_SECTOR_CONSUMER_DISCRETIONARY,US,sector,CONSUMER_DISCRETIONARY,1000.0,77000.0,413495.24989516474,,-0.1574644735543894
2022-02-28,US_SECTOR_CONSUMER_DISCRETIONARY,US,sector,CONSUMER_DISCRETIONARY,1000.0,78000.0,389186.0490710173,,-0.20699676036793288
2022-03-31,US_SECTOR_CONSUMER_DISCRETIONARY,US,sector,CONSUMER_DISCRETIONARY,1000.0,79000.0,452898.2396863198,,-0.07717716975673086
2022-04-30,US_SECTOR_CONSUMER_DISCRETIONARY,US,sector,CONSUMER_DISCRETIONARY,1000.0,80000.0,373203.05878407904,,-0.2395636088117657
2022-05-31,US_SECTOR_CONSUMER_DISCRETIONARY,US,sector,CONSUMER_DISCRETIONARY,1000.0,81000.0,339543.8921288751,,-0.3081473318527264
2022-06-30,US_SECTOR_CONSUMER_DISCRETIONARY,US,sector,CONSUMER_DISCRETIONARY,1000.0,82000.0,303582.1533312052,,-0.38142276255592356
2022-07-31,US_SECTOR_CONSUMER_DISCRETIONARY,US,sector,CONSUMER_DISCRETIONARY,1000.0,83000.0,388280.82900138246,,-0.20884123153927595
2022-08-31,US_SECTOR_CONSUMER_DISCRETIONARY,US,sector,CONSUMER_DISCRETIONARY,1000.0,84000.0,363814.72886405763,,-0.2586932154846737
2022-09-30,US_SECTOR_CONSUMER_DISCRETIONARY,US,sector,CONSUMER_DISCRETIONARY,1000.0,85000.0,346119.4856097439,,-0.29474894065838797
2022-10-31,US_SECTOR_CONSUMER_DISCRETIONARY,US,sector,CONSUMER_DISCRETIONARY,1000.0,86000.0,311445.60698282707,,-0.36540023493624807
2022-11-30,US_SECTOR_CONSUMER_DISCRETIONARY,US,sector,CONSUMER_DISCRETIONARY,1000.0,87000.0,284887.03510170715,,-0.41951582718833846
2022-12-31,US_SECTOR_CONSUMER_DISCRETIONARY,US,sector,CONSUMER_DISCRETIONARY,1000.0,88000.0,214275.31917835548,,-0.5633938506089038
2023-01-31,US_SECTOR_CONSUMER_DISCRETIONARY,US,sector,CONSUMER_DISCRETIONARY,1000.0,89000.0,271879.99419523514,,-0.446018898409622
2023-02-28,US_SECTOR_CONSUMER_DISCRETIONARY,US,sector,CONSUMER_DISCRETIONARY,1000.0,90000.0,292085.9283733814,,-0.40484740395007013
2023-03-31,US_SECTOR_CONSUMER_DISCRETIONARY,US,sector,CONSUMER_DISCRETIONARY,1000.0,91000.0,299525.1043347704,,-0.38968938209482623
2023-04-30,US_SECTOR_CONSUMER_DISCRETIONARY,US,sector,CONSUMER_DISCRETIONARY,1000.0,92000.0,264136.5152950598,,-0.46179696617057886
2023-05-31,US_SECTOR_CONSUMER_DISCRETIONARY,US,sector,CONSUMER_DISCRETIONARY,1000.0,93000.0,306319.04831790447,,-0.37584608118164015
2023-06-30,US_SECTOR_CONSUMER_DISCRETIONARY,US,sector,CONSUMER_DISCRETIONARY,1000.0,94000.0,369585.20751533605,,-0.24693532160431922
2023-07-31,US_SECTOR_CONSUMER_DISCRETIONARY,US,sector,CONSUMER_DISCRETIONARY,1000.0,95000.0,381682.1585933373,,-0.22228664414677982
2023-08-31,US_SECTOR_CONSUMER_DISCRETIONARY,US,sector,CONSUMER_DISCRETIONARY,1000.0,96000.0,376168.28907748905,,-0.23352167273892308
2023-09-30,US_SECTOR_CONSUMER_DISCRETIONARY,US,sector,CONSUMER_DISCRETIONARY,1000.0,97000.0,358712.752125831,,-0.2690889737385954
2023-10-31,US_SECTOR_CONSUMER_DISCRETIONARY,US,sector,CONSUMER_DISCRETIONARY,1000.0,98000.0,315474.1901640083,,-0.3571916171776474
2023-11-30,US_SECTOR_CONSUMER_DISCRETIONARY,US,sector,CONSUMER_DISCRETIONARY,1000.0,99000.0,364819.1931020342,,-0.2566465249706861
2023-12-31,US_SECTOR_CONSUMER_DISCRETIONARY,US,sector,CONSUMER_DISCRETIONARY,1000.0,100000.0,382895.47429981537,,-0.2198143990901282
2024-01-31,US_SECTOR_CONSUMER_DISCRETIONARY,US,sector,CONSUMER_DISCRETIONARY,1000.0,101000.0,331496.671719627,,-0.3245443015534634
2024-02-29,US_SECTOR_CONSUMER_DISCRETIONARY,US,sector,CONSUMER_DISCRETIONARY,1000.0,102000.0,363615.4892251515,,-0.2590991850190207
2024-03-31,US_SECTOR_CONSUMER_DISCRETIONARY,US,sector,CONSUMER_DISCRETIONARY,1000.0,103000.0,343602.3067715288,,-0.29987792968099714
2024-04-30,US_SECTOR_CONSUMER_DISCRETIONARY,US,sector,CONSUMER_DISCRETIONARY,1000.0,104000.0,339068.58397401916,,-0.30911581699633317
2024-05-31,US_SECTOR_CONSUMER_DISCRETIONARY,US,sector,CONSUMER_DISCRETIONARY,1000.0,105000.0,336286.84644698515,,-0.31478386927109886
2024-06-30,US_SECTOR_CONSUMER_DISCRETIONARY,US,sector,CONSUMER_DISCRETIONARY,1000.0,106000.0,367301.4237263994,,-0.25158874622621646
2024-07-31,US_SECTOR_CONSUMER_DISCRETIONARY,US,sector,CONSUMER_DISCRETIONARY,1000.0,107000.0,400391.66074414185,,-0.18416427091961463
2024-08-31,US_SECTOR_CONSUMER_DISCRETIONARY,US,sector,CONSUMER_DISCRETIONARY,1000.0,108000.0,379919.4185324401,,-0.2258783930860272
2024-09-30,US_SECTOR_CONSUMER_DISCRETIONARY,US,sector,CONSUMER_DISCRETIONARY,1000.0,109000.0,436484.9623877795,,-0.11062076852341439
2024-10-31,US_SECTOR_CONSUMER_DISCRETIONARY,US,sector,CONSUMER_DISCRETIONARY,1000.0,110000.0,424478.7729498711,,-0.13508451058874296
2024-11-30,US_SECTOR_CONSUMER_DISCRETIONARY,US,sector,CONSUMER_DISCRETIONARY,1000.0,111000.0,533394.2326138399,,0.0
2024-12-31,US_SECTOR_CONSUMER_DISCRETIONARY,US,sector,CONSUMER_DISCRETIONARY,1000.0,112000.0,587895.2806881081,,0.0
2025-01-31,US_SECTOR_CONSUMER_DISCRETIONARY,US,sector,CONSUMER_DISCRETIONARY,0.0,112000.0,604228.0190487585,,0.0
2025-02-28,US_SECTOR_CONSUMER_DISCRETIONARY,US,sector,CONSUMER_DISCRETIONARY,1000.0,113000.0,483368.7776913229,,-0.2000225702007421
2025-03-31,US_SECTOR_CONSUMER_DISCRETIONARY,US,sector,CONSUMER_DISCRETIONARY,1000.0,114000.0,433667.2705855832,,-0.28227878066907697
2025-04-30,US_SECTOR_CONSUMER_DISCRETIONARY,US,sector,CONSUMER_DISCRETIONARY,1000.0,115000.0,451255.7009239787,,-0.2531698519469612
2025-05-31,US_SECTOR_CONSUMER_DISCRETIONARY,US,sector,CONSUMER_DISCRETIONARY,1000.0,116000.0,526277.2270696217,,-0.12900889982204977
2025-06-30,US_SECTOR_CONSUMER_DISCRETIONARY,US,sector,CONSUMER_DISCRETIONARY,1000.0,117000.0,509054.88720509293,,-0.15751194721737252
2025-07-31,US_SECTOR_CONSUMER_DISCRETIONARY,US,sector,CONSUMER_DISCRETIONARY,1000.0,118000.0,510618.20705952856,,-0.15492464605762693
2025-08-31,US_SECTOR_CONSUMER_DISCRETIONARY,US,sector,CONSUMER_DISCRETIONARY,1000.0,119000.0,540173.7836776946,,-0.10601003818377219
2025-09-30,US_SECTOR_CONSUMER_DISCRETIONARY,US,sector,CONSUMER_DISCRETIONARY,1000.0,120000.0,638460.8278705381,,0.0
2025-10-31,US_SECTOR_CONSUMER_DISCRETIONARY,US,sector,CONSUMER_DISCRETIONARY,1000.0,121000.0,660782.1988811862,,0.0
2025-11-30,US_SECTOR_CONSUMER_DISCRETIONARY,US,sector,CONSUMER_DISCRETIONARY,1000.0,122000.0,625618.8461773944,,-0.05321473968779606
2025-12-31,US_SECTOR_CONSUMER_DISCRETIONARY,US,sector,CONSUMER_DISCRETIONARY,1000.0,123000.0,640799.3287614781,,-0.03024123554409068
2026-01-31,US_SECTOR_CONSUMER_DISCRETIONARY,US,sector,CONSUMER_DISCRETIONARY,1000.0,124000.0,635271.8696388146,,-0.03860625980173924
2026-02-28,US_SECTOR_CONSUMER_DISCRETIONARY,US,sector,CONSUMER_DISCRETIONARY,1000.0,125000.0,592892.4028075674,,-0.10274156323909374
2026-03-31,US_SECTOR_CONSUMER_DISCRETIONARY,US,sector,CONSUMER_DISCRETIONARY,1000.0,126000.0,553274.6739228116,,-0.16269736857379424
2026-04-30,US_SECTOR_CONSUMER_DISCRETIONARY,US,sector,CONSUMER_DISCRETIONARY,1000.0,127000.0,610529.9194390982,,-0.07604968706356409
2015-01-31,US_SECTOR_CONSUMER_STAPLES,US,sector,CONSUMER_STAPLES,1000.0,1000.0,973.0577305453816,,0.0
2015-02-28,US_SECTOR_CONSUMER_STAPLES,US,sector,CONSUMER_STAPLES,1000.0,2000.0,1958.8072760746181,,0.0
2015-03-31,US_SECTOR_CONSUMER_STAPLES,US,sector,CONSUMER_STAPLES,1000.0,3000.0,2934.4666999785723,,0.0
2015-04-30,US_SECTOR_CONSUMER_STAPLES,US,sector,CONSUMER_STAPLES,1000.0,4000.0,3751.70428882549,,0.0
2015-05-31,US_SECTOR_CONSUMER_STAPLES,US,sector,CONSUMER_STAPLES,1000.0,5000.0,4640.5150275858505,,0.0
2015-06-30,US_SECTOR_CONSUMER_STAPLES,US,sector,CONSUMER_STAPLES,1000.0,6000.0,5450.512649414777,,0.0
2015-07-31,US_SECTOR_CONSUMER_STAPLES,US,sector,CONSUMER_STAPLES,1000.0,7000.0,6596.860425584364,,0.0
2015-08-31,US_SECTOR_CONSUMER_STAPLES,US,sector,CONSUMER_STAPLES,1000.0,8000.0,7059.0281467675195,,0.0
2015-09-30,US_SECTOR_CONSUMER_STAPLES,US,sector,CONSUMER_STAPLES,1000.0,9000.0,8210.657038371846,,0.0
2015-10-31,US_SECTOR_CONSUMER_STAPLES,US,sector,CONSUMER_STAPLES,1000.0,10000.0,9351.315375282866,,0.0
2015-11-30,US_SECTOR_CONSUMER_STAPLES,US,sector,CONSUMER_STAPLES,1000.0,11000.0,10430.17819239252,,0.0
2015-12-31,US_SECTOR_CONSUMER_STAPLES,US,sector,CONSUMER_STAPLES,1000.0,12000.0,11796.575000300845,,0.0
2016-01-31,US_SECTOR_CONSUMER_STAPLES,US,sector,CONSUMER_STAPLES,1000.0,13000.0,12933.012344606108,,0.0
2016-02-29,US_SECTOR_CONSUMER_STAPLES,US,sector,CONSUMER_STAPLES,1000.0,14000.0,13819.153649285094,,0.0
2016-03-31,US_SECTOR_CONSUMER_STAPLES,US,sector,CONSUMER_STAPLES,1000.0,15000.0,15345.970584880566,,0.0
2016-04-30,US_SECTOR_CONSUMER_STAPLES,US,sector,CONSUMER_STAPLES,1000.0,16000.0,15737.415726789244,,0.0
2016-05-31,US_SECTOR_CONSUMER_STAPLES,US,sector,CONSUMER_STAPLES,1000.0,17000.0,17134.779689659666,,0.0
2016-06-30,US_SECTOR_CONSUMER_STAPLES,US,sector,CONSUMER_STAPLES,1000.0,18000.0,18930.201829027636,,0.0
2016-07-31,US_SECTOR_CONSUMER_STAPLES,US,sector,CONSUMER_STAPLES,1000.0,19000.0,20430.549973251014,,0.0
2016-08-31,US_SECTOR_CONSUMER_STAPLES,US,sector,CONSUMER_STAPLES,1000.0,20000.0,21200.15883889151,,0.0
2016-09-30,US_SECTOR_CONSUMER_STAPLES,US,sector,CONSUMER_STAPLES,1000.0,21000.0,22032.13730193185,,0.0
2016-10-31,US_SECTOR_CONSUMER_STAPLES,US,sector,CONSUMER_STAPLES,1000.0,22000.0,22331.062091313885,,0.0
2016-11-30,US_SECTOR_CONSUMER_STAPLES,US,sector,CONSUMER_STAPLES,1000.0,23000.0,23087.000106644984,,0.0
2016-12-31,US_SECTOR_CONSUMER_STAPLES,US,sector,CONSUMER_STAPLES,1000.0,24000.0,24630.964300764703,,0.0
2017-01-31,US_SECTOR_CONSUMER_STAPLES,US,sector,CONSUMER_STAPLES,1000.0,25000.0,25924.688582462964,,0.0
2017-02-28,US_SECTOR_CONSUMER_STAPLES,US,sector,CONSUMER_STAPLES,1000.0,26000.0,28571.80197274257,,0.0
2017-03-31,US_SECTOR_CONSUMER_STAPLES,US,sector,CONSUMER_STAPLES,1000.0,27000.0,29021.857819019486,,0.0
2017-04-30,US_SECTOR_CONSUMER_STAPLES,US,sector,CONSUMER_STAPLES,1000.0,28000.0,30749.998619733735,,0.0
2017-05-31,US_SECTOR_CONSUMER_STAPLES,US,sector,CONSUMER_STAPLES,1000.0,29000.0,32491.542977182085,,0.0
2017-06-30,US_SECTOR_CONSUMER_STAPLES,US,sector,CONSUMER_STAPLES,1000.0,30000.0,31628.47240544638,,-0.026562929693484106
2017-07-31,US_SECTOR_CONSUMER_STAPLES,US,sector,CONSUMER_STAPLES,1000.0,31000.0,33619.15300047296,,0.0
2017-08-31,US_SECTOR_CONSUMER_STAPLES,US,sector,CONSUMER_STAPLES,1000.0,32000.0,34392.99655824355,,0.0
2017-09-30,US_SECTOR_CONSUMER_STAPLES,US,sector,CONSUMER_STAPLES,1000.0,33000.0,35756.20434362028,,0.0
2017-10-31,US_SECTOR_CONSUMER_STAPLES,US,sector,CONSUMER_STAPLES,1000.0,34000.0,37327.92932589229,,0.0
2017-11-30,US_SECTOR_CONSUMER_STAPLES,US,sector,CONSUMER_STAPLES,1000.0,35000.0,42200.529625632465,,0.0
2017-12-31,US_SECTOR_CONSUMER_STAPLES,US,sector,CONSUMER_STAPLES,1000.0,36000.0,43839.67777114881,,0.0
2018-01-31,US_SECTOR_CONSUMER_STAPLES,US,sector,CONSUMER_STAPLES,1000.0,37000.0,46036.63821256534,,0.0
2018-02-28,US_SECTOR_CONSUMER_STAPLES,US,sector,CONSUMER_STAPLES,1000.0,38000.0,42737.80798140088,,-0.07165662740039233
2018-03-31,US_SECTOR_CONSUMER_STAPLES,US,sector,CONSUMER_STAPLES,1000.0,39000.0,43476.10424037215,,-0.05561948203885815
2018-04-30,US_SECTOR_CONSUMER_STAPLES,US,sector,CONSUMER_STAPLES,1000.0,40000.0,44044.68461390096,,-0.043268876182203375
2018-05-31,US_SECTOR_CONSUMER_STAPLES,US,sector,CONSUMER_STAPLES,1000.0,41000.0,44198.05006167433,,-0.03993749809448904
2018-06-30,US_SECTOR_CONSUMER_STAPLES,US,sector,CONSUMER_STAPLES,1000.0,42000.0,47534.12982296419,,0.0
2018-07-31,US_SECTOR_CONSUMER_STAPLES,US,sector,CONSUMER_STAPLES,0.0,42000.0,49533.42575910041,,0.0
2018-08-31,US_SECTOR_CONSUMER_STAPLES,US,sector,CONSUMER_STAPLES,1000.0,43000.0,53447.238036801406,,0.0
2018-09-30,US_SECTOR_CONSUMER_STAPLES,US,sector,CONSUMER_STAPLES,1000.0,44000.0,54277.98230759849,,0.0
2018-10-31,US_SECTOR_CONSUMER_STAPLES,US,sector,CONSUMER_STAPLES,1000.0,45000.0,56937.97827324589,,0.0
2018-11-30,US_SECTOR_CONSUMER_STAPLES,US,sector,CONSUMER_STAPLES,1000.0,46000.0,58696.778274437165,,0.0
2018-12-31,US_SECTOR_CONSUMER_STAPLES,US,sector,CONSUMER_STAPLES,0.0,46000.0,54738.39413227736,,-0.06743784341369391
2019-01-31,US_SECTOR_CONSUMER_STAPLES,US,sector,CONSUMER_STAPLES,1000.0,47000.0,58196.09321569497,,-0.008530026237577093
2019-02-28,US_SECTOR_CONSUMER_STAPLES,US,sector,CONSUMER_STAPLES,1000.0,48000.0,60652.836755579156,,0.0
2019-03-31,US_SECTOR_CONSUMER_STAPLES,US,sector,CONSUMER_STAPLES,1000.0,49000.0,64711.460222581765,,0.0
2019-04-30,US_SECTOR_CONSUMER_STAPLES,US,sector,CONSUMER_STAPLES,1000.0,50000.0,67676.89345952995,,0.0
2019-05-31,US_SECTOR_CONSUMER_STAPLES,US,sector,CONSUMER_STAPLES,1000.0,51000.0,67053.35962221716,,-0.009213393308096438
2019-06-30,US_SECTOR_CONSUMER_STAPLES,US,sector,CONSUMER_STAPLES,1000.0,52000.0,73940.98290430865,,0.0
2019-07-31,US_SECTOR_CONSUMER_STAPLES,US,sector,CONSUMER_STAPLES,1000.0,53000.0,77824.22420158876,,0.0
2019-08-31,US_SECTOR_CONSUMER_STAPLES,US,sector,CONSUMER_STAPLES,1000.0,54000.0,82204.73698013707,,0.0
2019-09-30,US_SECTOR_CONSUMER_STAPLES,US,sector,CONSUMER_STAPLES,1000.0,55000.0,84397.63191029683,,0.0
2019-10-31,US_SECTOR_CONSUMER_STAPLES,US,sector,CONSUMER_STAPLES,1000.0,56000.0,86069.96747426447,,0.0
2019-11-30,US_SECTOR_CONSUMER_STAPLES,US,sector,CONSUMER_STAPLES,1000.0,57000.0,87266.11029771029,,0.0
2019-12-31,US_SECTOR_CONSUMER_STAPLES,US,sector,CONSUMER_STAPLES,1000.0,58000.0,88193.92658169243,,0.0
2020-01-31,US_SECTOR_CONSUMER_STAPLES,US,sector,CONSUMER_STAPLES,0.0,58000.0,88359.24360223145,,0.0
2020-02-29,US_SECTOR_CONSUMER_STAPLES,US,sector,CONSUMER_STAPLES,1000.0,59000.0,82459.97237820392,,-0.06676461888452095
2020-03-31,US_SECTOR_CONSUMER_STAPLES,US,sector,CONSUMER_STAPLES,1000.0,60000.0,84559.70153138947,,-0.04300107058347464
2020-04-30,US_SECTOR_CONSUMER_STAPLES,US,sector,CONSUMER_STAPLES,1000.0,61000.0,91361.85006858483,,0.0
2020-05-31,US_SECTOR_CONSUMER_STAPLES,US,sector,CONSUMER_STAPLES,1000.0,62000.0,93148.15391907607,,0.0
2020-06-30,US_SECTOR_CONSUMER_STAPLES,US,sector,CONSUMER_STAPLES,1000.0,63000.0,93316.01598071774,,0.0
2020-07-31,US_SECTOR_CONSUMER_STAPLES,US,sector,CONSUMER_STAPLES,1000.0,64000.0,102121.2807781331,,0.0
2020-08-31,US_SECTOR_CONSUMER_STAPLES,US,sector,CONSUMER_STAPLES,1000.0,64999.99999999999,109863.56704982248,,0.0
2020-09-30,US_SECTOR_CONSUMER_STAPLES,US,sector,CONSUMER_STAPLES,1000.0,66000.0,112132.87027586887,,0.0
2020-10-31,US_SECTOR_CONSUMER_STAPLES,US,sector,CONSUMER_STAPLES,1000.0,67000.0,112663.3543741089,,0.0
2020-11-30,US_SECTOR_CONSUMER_STAPLES,US,sector,CONSUMER_STAPLES,1000.0,68000.0,121885.98974008104,,0.0
2020-12-31,US_SECTOR_CONSUMER_STAPLES,US,sector,CONSUMER_STAPLES,1000.0,69000.0,118840.60623234502,,-0.02498550911577479
2021-01-31,US_SECTOR_CONSUMER_STAPLES,US,sector,CONSUMER_STAPLES,1000.0,70000.0,113134.05013166244,,-0.07180431177596296
2021-02-28,US_SECTOR_CONSUMER_STAPLES,US,sector,CONSUMER_STAPLES,1000.0,71000.0,107432.38170077505,,-0.11858301409479441
2021-03-31,US_SECTOR_CONSUMER_STAPLES,US,sector,CONSUMER_STAPLES,1000.0,72000.0,115782.0816430393,,-0.05007883276870606
2021-04-30,US_SECTOR_CONSUMER_STAPLES,US,sector,CONSUMER_STAPLES,1000.0,73000.0,119803.70173814759,,-0.017083899522610305
2021-05-31,US_SECTOR_CONSUMER_STAPLES,US,sector,CONSUMER_STAPLES,1000.0,74000.0,122538.18570062239,,0.0
2021-06-30,US_SECTOR_CONSUMER_STAPLES,US,sector,CONSUMER_STAPLES,1000.0,75000.0,125473.20859123924,,0.0
2021-07-31,US_SECTOR_CONSUMER_STAPLES,US,sector,CONSUMER_STAPLES,1000.0,76000.0,133181.7239126936,,0.0
2021-08-31,US_SECTOR_CONSUMER_STAPLES,US,sector,CONSUMER_STAPLES,1000.0,77000.0,139096.46271553016,,0.0
2021-09-30,US_SECTOR_CONSUMER_STAPLES,US,sector,CONSUMER_STAPLES,1000.0,78000.0,136083.12974914495,,-0.021663620393768405
2021-10-31,US_SECTOR_CONSUMER_STAPLES,US,sector,CONSUMER_STAPLES,1000.0,79000.0,146347.33987331536,,0.0
2021-11-30,US_SECTOR_CONSUMER_STAPLES,US,sector,CONSUMER_STAPLES,1000.0,80000.0,151404.95311341473,,0.0
2021-12-31,US_SECTOR_CONSUMER_STAPLES,US,sector,CONSUMER_STAPLES,1000.0,81000.0,162611.66618589283,,0.0
2022-01-31,US_SECTOR_CONSUMER_STAPLES,US,sector,CONSUMER_STAPLES,1000.0,82000.0,153086.00292431092,,-0.05857921196559449
2022-02-28,US_SECTOR_CONSUMER_STAPLES,US,sector,CONSUMER_STAPLES,1000.0,83000.0,153245.35124232038,,-0.05759928031771813
2022-03-31,US_SECTOR_CONSUMER_STAPLES,US,sector,CONSUMER_STAPLES,1000.0,84000.0,165021.4857288152,,0.0
2022-04-30,US_SECTOR_CONSUMER_STAPLES,US,sector,CONSUMER_STAPLES,1000.0,85000.0,163629.18199488526,,-0.008437105797350221
2022-05-31,US_SECTOR_CONSUMER_STAPLES,US,sector,CONSUMER_STAPLES,1000.0,86000.0,144727.42345978593,,-0.12297830297309958
2022-06-30,US_SECTOR_CONSUMER_STAPLES,US,sector,CONSUMER_STAPLES,1000.0,87000.0,144093.7392181353,,-0.12681831349568073
2022-07-31,US_SECTOR_CONSUMER_STAPLES,US,sector,CONSUMER_STAPLES,1000.0,88000.0,155276.48275313564,,-0.059052934426331694
2022-08-31,US_SECTOR_CONSUMER_STAPLES,US,sector,CONSUMER_STAPLES,1000.0,89000.0,153535.9445486903,,-0.06960027737842224
2022-09-30,US_SECTOR_CONSUMER_STAPLES,US,sector,CONSUMER_STAPLES,1000.0,90000.0,143349.11906564716,,-0.1313305753335835
2022-10-31,US_SECTOR_CONSUMER_STAPLES,US,sector,CONSUMER_STAPLES,1000.0,91000.0,154915.71816734967,,-0.06123910178625252
2022-11-30,US_SECTOR_CONSUMER_STAPLES,US,sector,CONSUMER_STAPLES,1000.0,92000.0,168782.79957874207,,0.0
2022-12-31,US_SECTOR_CONSUMER_STAPLES,US,sector,CONSUMER_STAPLES,1000.0,93000.0,155678.28566292673,,-0.077641287788343
2023-01-31,US_SECTOR_CONSUMER_STAPLES,US,sector,CONSUMER_STAPLES,1000.0,94000.0,162104.76894736776,,-0.039565824527390964
2023-02-28,US_SECTOR_CONSUMER_STAPLES,US,sector,CONSUMER_STAPLES,1000.0,95000.0,157270.49803055887,,-0.06820778880855317
2023-03-31,US_SECTOR_CONSUMER_STAPLES,US,sector,CONSUMER_STAPLES,1000.0,96000.0,165313.96468277855,,-0.020552063981763773
2023-04-30,US_SECTOR_CONSUMER_STAPLES,US,sector,CONSUMER_STAPLES,1000.0,97000.0,170809.8373420975,,0.0
2023-05-31,US_SECTOR_CONSUMER_STAPLES,US,sector,CONSUMER_STAPLES,1000.0,98000.0,167196.19669985396,,-0.021155928127290252
2023-06-30,US_SECTOR_CONSUMER_STAPLES,US,sector,CONSUMER_STAPLES,1000.0,99000.0,178454.17216909645,,0.0
2023-07-31,US_SECTOR_CONSUMER_STAPLES,US,sector,CONSUMER_STAPLES,1000.0,100000.0,185019.81509722405,,0.0
2023-08-31,US_SECTOR_CONSUMER_STAPLES,US,sector,CONSUMER_STAPLES,1000.0,101000.0,184700.70036886545,,-0.001724759740954855
2023-09-30,US_SECTOR_CONSUMER_STAPLES,US,sector,CONSUMER_STAPLES,1000.0,102000.0,184274.94069384626,,-0.004025916915906413
2023-10-31,US_SECTOR_CONSUMER_STAPLES,US,sector,CONSUMER_STAPLES,1000.0,103000.0,186043.8813585614,,0.0
2023-11-30,US_SECTOR_CONSUMER_STAPLES,US,sector,CONSUMER_STAPLES,1000.0,104000.0,191355.015917386,,0.0
2023-12-31,US_SECTOR_CONSUMER_STAPLES,US,sector,CONSUMER_STAPLES,1000.0,105000.0,200539.20398351803,,0.0
2024-01-31,US_SECTOR_CONSUMER_STAPLES,US,sector,CONSUMER_STAPLES,1000.0,106000.0,212875.1154672603,,0.0
2024-02-29,US_SECTOR_CONSUMER_STAPLES,US,sector,CONSUMER_STAPLES,1000.0,107000.0,225413.5639193228,,0.0
2024-03-31,US_SECTOR_CONSUMER_STAPLES,US,sector,CONSUMER_STAPLES,1000.0,108000.0,227534.7010327237,,0.0
2024-04-30,US_SECTOR_CONSUMER_STAPLES,US,sector,CONSUMER_STAPLES,1000.0,109000.0,226558.263376387,,-0.0042913790815417956
2024-05-31,US_SECTOR_CONSUMER_STAPLES,US,sector,CONSUMER_STAPLES,1000.0,110000.0,247847.083357642,,0.0
2024-06-30,US_SECTOR_CONSUMER_STAPLES,US,sector,CONSUMER_STAPLES,1000.0,111000.0,257038.93607626218,,0.0
2024-07-31,US_SECTOR_CONSUMER_STAPLES,US,sector,CONSUMER_STAPLES,1000.0,112000.0,253437.78820965858,,-0.01401012594269047
2024-08-31,US_SECTOR_CONSUMER_STAPLES,US,sector,CONSUMER_STAPLES,1000.0,113000.0,278140.97217699734,,0.0
2024-09-30,US_SECTOR_CONSUMER_STAPLES,US,sector,CONSUMER_STAPLES,1000.0,114000.0,282728.08599914634,,0.0
2024-10-31,US_SECTOR_CONSUMER_STAPLES,US,sector,CONSUMER_STAPLES,1000.0,115000.0,280367.34964122565,,-0.00834984734388155
2024-11-30,US_SECTOR_CONSUMER_STAPLES,US,sector,CONSUMER_STAPLES,1000.0,116000.0,312771.70489877317,,0.0
2024-12-31,US_SECTOR_CONSUMER_STAPLES,US,sector,CONSUMER_STAPLES,1000.0,117000.0,298835.25378314935,,-0.04455790244879814
2025-01-31,US_SECTOR_CONSUMER_STAPLES,US,sector,CONSUMER_STAPLES,0.0,117000.0,316529.40667199134,,0.0
2025-02-28,US_SECTOR_CONSUMER_STAPLES,US,sector,CONSUMER_STAPLES,1000.0,118000.0,331221.7357987885,,0.0
2025-03-31,US_SECTOR_CONSUMER_STAPLES,US,sector,CONSUMER_STAPLES,1000.0,119000.0,303306.39755391376,,-0.08427991048821994
2025-04-30,US_SECTOR_CONSUMER_STAPLES,US,sector,CONSUMER_STAPLES,1000.0,120000.0,319475.0129896787,,-0.03546483077501203
2025-05-31,US_SECTOR_CONSUMER_STAPLES,US,sector,CONSUMER_STAPLES,1000.0,121000.0,331760.08044711757,,0.0
2025-06-30,US_SECTOR_CONSUMER_STAPLES,US,sector,CONSUMER_STAPLES,1000.0,122000.0,320144.2117557937,,-0.03501285831516855
2025-07-31,US_SECTOR_CONSUMER_STAPLES,US,sector,CONSUMER_STAPLES,1000.0,123000.0,310405.7917998593,,-0.06436666104758228
2025-08-31,US_SECTOR_CONSUMER_STAPLES,US,sector,CONSUMER_STAPLES,1000.0,124000.0,313271.72417235526,,-0.05572809196888697
2025-09-30,US_SECTOR_CONSUMER_STAPLES,US,sector,CONSUMER_STAPLES,1000.0,125000.0,317220.236275821,,-0.04382638246199189
2025-10-31,US_SECTOR_CONSUMER_STAPLES,US,sector,CONSUMER_STAPLES,1000.0,126000.0,312654.22222230263,,-0.057589382661909494
2025-11-30,US_SECTOR_CONSUMER_STAPLES,US,sector,CONSUMER_STAPLES,1000.0,127000.0,323847.9095334024,,-0.02384907461757246
2025-12-31,US_SECTOR_CONSUMER_STAPLES,US,sector,CONSUMER_STAPLES,1000.0,128000.0,316108.22361225204,,-0.04717824041328693
2026-01-31,US_SECTOR_CONSUMER_STAPLES,US,sector,CONSUMER_STAPLES,1000.0,128999.99999999999,341330.83354659076,,0.0
2026-02-28,US_SECTOR_CONSUMER_STAPLES,US,sector,CONSUMER_STAPLES,1000.0,129999.99999999999,369374.51962517895,,0.0
2026-03-31,US_SECTOR_CONSUMER_STAPLES,US,sector,CONSUMER_STAPLES,1000.0,130999.99999999999,355079.6281313835,,-0.03870026418796054
2026-04-30,US_SECTOR_CONSUMER_STAPLES,US,sector,CONSUMER_STAPLES,1000.0,132000.0,366386.9569378327,,-0.008088166694275126
2015-01-31,US_SECTOR_FINANCIALS,US,sector,FINANCIALS,1000.0,1000.0,955.6994624488942,,0.0
2015-02-28,US_SECTOR_FINANCIALS,US,sector,FINANCIALS,1000.0,2000.0,2065.6362116118025,,0.0
2015-03-31,US_SECTOR_FINANCIALS,US,sector,FINANCIALS,1000.0,3000.0,2994.6792808541973,,0.0
2015-04-30,US_SECTOR_FINANCIALS,US,sector,FINANCIALS,1000.0,4000.0,4040.054616097354,,0.0
2015-05-31,US_SECTOR_FINANCIALS,US,sector,FINANCIALS,1000.0,5000.0,5180.65228144313,,0.0
2015-06-30,US_SECTOR_FINANCIALS,US,sector,FINANCIALS,1000.0,6000.0,6097.5076808036665,,0.0
2015-07-31,US_SECTOR_FINANCIALS,US,sector,FINANCIALS,1000.0,7000.0,7510.548373009289,,0.0
2015-08-31,US_SECTOR_FINANCIALS,US,sector,FINANCIALS,1000.0,8000.0,7996.308818749583,,0.0
2015-09-30,US_SECTOR_FINANCIALS,US,sector,FINANCIALS,1000.0,9000.0,8719.358461157837,,0.0
2015-10-31,US_SECTOR_FINANCIALS,US,sector,FINANCIALS,1000.0,10000.0,10384.852655656108,,0.0
2015-11-30,US_SECTOR_FINANCIALS,US,sector,FINANCIALS,1000.0,11000.0,11534.476091337958,,0.0
2015-12-31,US_SECTOR_FINANCIALS,US,sector,FINANCIALS,1000.0,12000.0,12336.953879610683,,0.0
2016-01-31,US_SECTOR_FINANCIALS,US,sector,FINANCIALS,1000.0,13000.0,12666.721623951336,,0.0
2016-02-29,US_SECTOR_FINANCIALS,US,sector,FINANCIALS,1000.0,14000.0,13463.443716261521,,0.0
2016-03-31,US_SECTOR_FINANCIALS,US,sector,FINANCIALS,1000.0,15000.0,15230.120445575545,,0.0
2016-04-30,US_SECTOR_FINANCIALS,US,sector,FINANCIALS,1000.0,16000.0,16769.921587982462,,0.0
2016-05-31,US_SECTOR_FINANCIALS,US,sector,FINANCIALS,1000.0,17000.0,17905.440639419096,,0.0
2016-06-30,US_SECTOR_FINANCIALS,US,sector,FINANCIALS,1000.0,18000.0,18392.44733496891,,0.0
2016-07-31,US_SECTOR_FINANCIALS,US,sector,FINANCIALS,1000.0,19000.0,19920.93512077553,,0.0
2016-08-31,US_SECTOR_FINANCIALS,US,sector,FINANCIALS,1000.0,20000.0,21860.617730251062,,0.0
2016-09-30,US_SECTOR_FINANCIALS,US,sector,FINANCIALS,1000.0,21000.0,22627.835977789502,,0.0
2016-10-31,US_SECTOR_FINANCIALS,US,sector,FINANCIALS,1000.0,22000.0,23911.078275030486,,0.0
2016-11-30,US_SECTOR_FINANCIALS,US,sector,FINANCIALS,1000.0,23000.0,26425.999622100324,,0.0
2016-12-31,US_SECTOR_FINANCIALS,US,sector,FINANCIALS,1000.0,24000.0,28562.434113210285,,0.0
2017-01-31,US_SECTOR_FINANCIALS,US,sector,FINANCIALS,1000.0,25000.0,29933.856592014075,,0.0
2017-02-28,US_SECTOR_FINANCIALS,US,sector,FINANCIALS,1000.0,26000.0,32780.99236992287,,0.0
2017-03-31,US_SECTOR_FINANCIALS,US,sector,FINANCIALS,1000.0,27000.0,33200.445222940776,,0.0
2017-04-30,US_SECTOR_FINANCIALS,US,sector,FINANCIALS,1000.0,28000.0,34275.04631365844,,0.0
2017-05-31,US_SECTOR_FINANCIALS,US,sector,FINANCIALS,1000.0,29000.0,35090.3963130694,,0.0
2017-06-30,US_SECTOR_FINANCIALS,US,sector,FINANCIALS,1000.0,30000.0,37545.83514230213,,0.0
2017-07-31,US_SECTOR_FINANCIALS,US,sector,FINANCIALS,1000.0,31000.0,39771.6352646464,,0.0
2017-08-31,US_SECTOR_FINANCIALS,US,sector,FINANCIALS,1000.0,32000.0,41615.4090773628,,0.0
2017-09-30,US_SECTOR_FINANCIALS,US,sector,FINANCIALS,1000.0,33000.0,43767.42945093257,,0.0
2017-10-31,US_SECTOR_FINANCIALS,US,sector,FINANCIALS,1000.0,34000.0,46547.371336944125,,0.0
2017-11-30,US_SECTOR_FINANCIALS,US,sector,FINANCIALS,1000.0,35000.0,49050.67944973975,,0.0
2017-12-31,US_SECTOR_FINANCIALS,US,sector,FINANCIALS,1000.0,36000.0,51095.237027075396,,0.0
2018-01-31,US_SECTOR_FINANCIALS,US,sector,FINANCIALS,1000.0,37000.0,56481.200786718735,,0.0
2018-02-28,US_SECTOR_FINANCIALS,US,sector,FINANCIALS,1000.0,38000.0,56698.005652716354,,0.0
2018-03-31,US_SECTOR_FINANCIALS,US,sector,FINANCIALS,1000.0,39000.0,55550.72140866076,,-0.020235001757960995
2018-04-30,US_SECTOR_FINANCIALS,US,sector,FINANCIALS,1000.0,40000.0,57041.86533326743,,0.0
2018-05-31,US_SECTOR_FINANCIALS,US,sector,FINANCIALS,1000.0,41000.0,58151.45975519823,,0.0
2018-06-30,US_SECTOR_FINANCIALS,US,sector,FINANCIALS,1000.0,42000.0,58462.01176959378,,0.0
2018-07-31,US_SECTOR_FINANCIALS,US,sector,FINANCIALS,0.0,42000.0,62203.85470655297,,0.0
2018-08-31,US_SECTOR_FINANCIALS,US,sector,FINANCIALS,1000.0,43000.0,65841.6844784626,,0.0
2018-09-30,US_SECTOR_FINANCIALS,US,sector,FINANCIALS,1000.0,44000.0,67553.70669859168,,0.0
2018-10-31,US_SECTOR_FINANCIALS,US,sector,FINANCIALS,1000.0,45000.0,64826.802992484016,,-0.040366455659856616
2018-11-30,US_SECTOR_FINANCIALS,US,sector,FINANCIALS,1000.0,46000.0,68149.24229910495,,0.0
2018-12-31,US_SECTOR_FINANCIALS,US,sector,FINANCIALS,0.0,46000.0,62368.713711787364,,-0.08482161198428333
2019-01-31,US_SECTOR_FINANCIALS,US,sector,FINANCIALS,1000.0,47000.0,65258.70444183701,,-0.04241482017630449
2019-02-28,US_SECTOR_FINANCIALS,US,sector,FINANCIALS,1000.0,48000.0,68373.33929431498,,0.0
2019-03-31,US_SECTOR_FINANCIALS,US,sector,FINANCIALS,1000.0,49000.0,70160.69159500556,,0.0
2019-04-30,US_SECTOR_FINANCIALS,US,sector,FINANCIALS,1000.0,50000.0,77435.77642007369,,0.0
2019-05-31,US_SECTOR_FINANCIALS,US,sector,FINANCIALS,1000.0,51000.0,73670.1969686991,,-0.04862841990434833
2019-06-30,US_SECTOR_FINANCIALS,US,sector,FINANCIALS,1000.0,52000.0,79906.93685873742,,0.0
2019-07-31,US_SECTOR_FINANCIALS,US,sector,FINANCIALS,1000.0,53000.0,81846.24393527684,,0.0
2019-08-31,US_SECTOR_FINANCIALS,US,sector,FINANCIALS,1000.0,54000.0,81843.68075658014,,-3.1316998477360515e-05
2019-09-30,US_SECTOR_FINANCIALS,US,sector,FINANCIALS,1000.0,55000.0,83413.9599169021,,0.0
2019-10-31,US_SECTOR_FINANCIALS,US,sector,FINANCIALS,1000.0,56000.0,87953.6445147853,,0.0
2019-11-30,US_SECTOR_FINANCIALS,US,sector,FINANCIALS,1000.0,57000.0,92533.3646391375,,0.0
2019-12-31,US_SECTOR_FINANCIALS,US,sector,FINANCIALS,1000.0,58000.0,96739.46731140465,,0.0
2020-01-31,US_SECTOR_FINANCIALS,US,sector,FINANCIALS,0.0,58000.0,97070.22293203772,,0.0
2020-02-29,US_SECTOR_FINANCIALS,US,sector,FINANCIALS,1000.0,59000.0,88577.61436545456,,-0.08748932793251271
2020-03-31,US_SECTOR_FINANCIALS,US,sector,FINANCIALS,1000.0,60000.0,76265.79051221733,,-0.2143235257055741
2020-04-30,US_SECTOR_FINANCIALS,US,sector,FINANCIALS,1000.0,61000.0,82891.52196953745,,-0.1460664304070598
2020-05-31,US_SECTOR_FINANCIALS,US,sector,FINANCIALS,1000.0,62000.0,87534.29729659992,,-0.09823739296564961
2020-06-30,US_SECTOR_FINANCIALS,US,sector,FINANCIALS,1000.0,63000.0,86381.43192699249,,-0.11011400491506888
2020-07-31,US_SECTOR_FINANCIALS,US,sector,FINANCIALS,1000.0,64000.0,89620.89668815667,,-0.07674162084799768
2020-08-31,US_SECTOR_FINANCIALS,US,sector,FINANCIALS,1000.0,64999.99999999999,98975.94613211163,,0.0
2020-09-30,US_SECTOR_FINANCIALS,US,sector,FINANCIALS,1000.0,66000.0,95702.49606414759,,-0.033073187939973624
2020-10-31,US_SECTOR_FINANCIALS,US,sector,FINANCIALS,1000.0,67000.0,91759.47841397175,,-0.07291132846062859
2020-11-30,US_SECTOR_FINANCIALS,US,sector,FINANCIALS,1000.0,68000.0,107879.18227748771,,0.0
2020-12-31,US_SECTOR_FINANCIALS,US,sector,FINANCIALS,1000.0,69000.0,113605.10921764345,,0.0
2021-01-31,US_SECTOR_FINANCIALS,US,sector,FINANCIALS,1000.0,70000.0,108857.56724492152,,-0.04178986319732009
2021-02-28,US_SECTOR_FINANCIALS,US,sector,FINANCIALS,1000.0,71000.0,120934.93160801327,,0.0
2021-03-31,US_SECTOR_FINANCIALS,US,sector,FINANCIALS,1000.0,72000.0,125232.30528927533,,0.0
2021-04-30,US_SECTOR_FINANCIALS,US,sector,FINANCIALS,1000.0,73000.0,134305.78843440057,,0.0
2021-05-31,US_SECTOR_FINANCIALS,US,sector,FINANCIALS,1000.0,74000.0,138848.11004842343,,0.0
2021-06-30,US_SECTOR_FINANCIALS,US,sector,FINANCIALS,1000.0,75000.0,137225.47208645544,,-0.011686424549834326
2021-07-31,US_SECTOR_FINANCIALS,US,sector,FINANCIALS,1000.0,76000.0,140100.0066395532,,0.0
2021-08-31,US_SECTOR_FINANCIALS,US,sector,FINANCIALS,1000.0,77000.0,140537.92285570467,,0.0
2021-09-30,US_SECTOR_FINANCIALS,US,sector,FINANCIALS,1000.0,78000.0,139282.6291239555,,-0.008932064073823187
2021-10-31,US_SECTOR_FINANCIALS,US,sector,FINANCIALS,1000.0,79000.0,141565.58308122837,,0.0
2021-11-30,US_SECTOR_FINANCIALS,US,sector,FINANCIALS,1000.0,80000.0,133522.29973894765,,-0.05681665816800678
2021-12-31,US_SECTOR_FINANCIALS,US,sector,FINANCIALS,1000.0,81000.0,143149.66042253393,,0.0
2022-01-31,US_SECTOR_FINANCIALS,US,sector,FINANCIALS,1000.0,82000.0,145558.64720824984,,0.0
2022-02-28,US_SECTOR_FINANCIALS,US,sector,FINANCIALS,1000.0,83000.0,143341.43860794484,,-0.015232407299944505
2022-03-31,US_SECTOR_FINANCIALS,US,sector,FINANCIALS,1000.0,84000.0,148849.4202862471,,0.0
2022-04-30,US_SECTOR_FINANCIALS,US,sector,FINANCIALS,1000.0,85000.0,137968.37112139093,,-0.07310105167981984
2022-05-31,US_SECTOR_FINANCIALS,US,sector,FINANCIALS,1000.0,86000.0,141659.0350416599,,-0.04830643767882754
2022-06-30,US_SECTOR_FINANCIALS,US,sector,FINANCIALS,1000.0,87000.0,126108.66786789117,,-0.1527768961049629
2022-07-31,US_SECTOR_FINANCIALS,US,sector,FINANCIALS,1000.0,88000.0,136065.52175419033,,-0.08588477205670339
2022-08-31,US_SECTOR_FINANCIALS,US,sector,FINANCIALS,1000.0,89000.0,130093.63088665136,,-0.1260051222472156
2022-09-30,US_SECTOR_FINANCIALS,US,sector,FINANCIALS,1000.0,90000.0,120642.64580555959,,-0.18949871908432062
2022-10-31,US_SECTOR_FINANCIALS,US,sector,FINANCIALS,1000.0,91000.0,140507.37691936866,,-0.05604350591917757
2022-11-30,US_SECTOR_FINANCIALS,US,sector,FINANCIALS,1000.0,92000.0,151816.46440937038,,0.0
2022-12-31,US_SECTOR_FINANCIALS,US,sector,FINANCIALS,1000.0,93000.0,147569.17129162326,,-0.027976498690513357
2023-01-31,US_SECTOR_FINANCIALS,US,sector,FINANCIALS,1000.0,94000.0,156743.34063874785,,0.0
2023-02-28,US_SECTOR_FINANCIALS,US,sector,FINANCIALS,1000.0,95000.0,155166.31630122394,,-0.010061188763090957
2023-03-31,US_SECTOR_FINANCIALS,US,sector,FINANCIALS,1000.0,96000.0,153829.38596930285,,-0.01859061225548902
2023-04-30,US_SECTOR_FINANCIALS,US,sector,FINANCIALS,1000.0,97000.0,162724.5896667691,,0.0
2023-05-31,US_SECTOR_FINANCIALS,US,sector,FINANCIALS,1000.0,98000.0,158521.8267760923,,-0.025827460368978837
2023-06-30,US_SECTOR_FINANCIALS,US,sector,FINANCIALS,1000.0,99000.0,170565.39489579725,,0.0
2023-07-31,US_SECTOR_FINANCIALS,US,sector,FINANCIALS,1000.0,100000.0,177820.38243752372,,0.0
2023-08-31,US_SECTOR_FINANCIALS,US,sector,FINANCIALS,1000.0,101000.0,178321.7496186213,,0.0
2023-09-30,US_SECTOR_FINANCIALS,US,sector,FINANCIALS,1000.0,102000.0,172932.9790200686,,-0.03021936813696443
2023-10-31,US_SECTOR_FINANCIALS,US,sector,FINANCIALS,1000.0,103000.0,171687.21190647403,,-0.0372054319023711
2023-11-30,US_SECTOR_FINANCIALS,US,sector,FINANCIALS,1000.0,104000.0,187857.04923763985,,0.0
2023-12-31,US_SECTOR_FINANCIALS,US,sector,FINANCIALS,1000.0,105000.0,194288.6794580386,,0.0
2024-01-31,US_SECTOR_FINANCIALS,US,sector,FINANCIALS,1000.0,106000.0,205109.72690220585,,0.0
2024-02-29,US_SECTOR_FINANCIALS,US,sector,FINANCIALS,1000.0,107000.0,217420.20774334198,,0.0
2024-03-31,US_SECTOR_FINANCIALS,US,sector,FINANCIALS,1000.0,108000.0,224557.2999235554,,0.0
2024-04-30,US_SECTOR_FINANCIALS,US,sector,FINANCIALS,1000.0,109000.0,215295.5721278105,,-0.04124438528116346
2024-05-31,US_SECTOR_FINANCIALS,US,sector,FINANCIALS,1000.0,110000.0,224509.396824846,,-0.00021332238464624837
2024-06-30,US_SECTOR_FINANCIALS,US,sector,FINANCIALS,1000.0,111000.0,221201.70694835827,,-0.014943148035443292
2024-07-31,US_SECTOR_FINANCIALS,US,sector,FINANCIALS,1000.0,112000.0,232677.62090425007,,0.0
2024-08-31,US_SECTOR_FINANCIALS,US,sector,FINANCIALS,1000.0,113000.0,247961.64083016035,,0.0
2024-09-30,US_SECTOR_FINANCIALS,US,sector,FINANCIALS,1000.0,114000.0,240527.99621658988,,-0.02997901041743025
2024-10-31,US_SECTOR_FINANCIALS,US,sector,FINANCIALS,1000.0,115000.0,248248.1054535378,,0.0
2024-11-30,US_SECTOR_FINANCIALS,US,sector,FINANCIALS,1000.0,116000.0,272774.8406796494,,0.0
2024-12-31,US_SECTOR_FINANCIALS,US,sector,FINANCIALS,1000.0,117000.0,264845.99220424774,,-0.029067374599673547
2025-01-31,US_SECTOR_FINANCIALS,US,sector,FINANCIALS,0.0,117000.0,285514.1828443131,,0.0
2025-02-28,US_SECTOR_FINANCIALS,US,sector,FINANCIALS,1000.0,118000.0,299886.78791050916,,0.0
2025-03-31,US_SECTOR_FINANCIALS,US,sector,FINANCIALS,1000.0,119000.0,293484.85700507404,,-0.021347825791330138
2025-04-30,US_SECTOR_FINANCIALS,US,sector,FINANCIALS,1000.0,120000.0,292913.356252847,,-0.023253547467863536
2025-05-31,US_SECTOR_FINANCIALS,US,sector,FINANCIALS,1000.0,121000.0,301641.79196912306,,0.0
2025-06-30,US_SECTOR_FINANCIALS,US,sector,FINANCIALS,1000.0,122000.0,306196.9928823752,,0.0
2025-07-31,US_SECTOR_FINANCIALS,US,sector,FINANCIALS,1000.0,123000.0,304197.8891586021,,-0.0065288156652179895
2025-08-31,US_SECTOR_FINANCIALS,US,sector,FINANCIALS,1000.0,124000.0,314928.5221388525,,0.0
2025-09-30,US_SECTOR_FINANCIALS,US,sector,FINANCIALS,1000.0,125000.0,318218.7469722846,,0.0
2025-10-31,US_SECTOR_FINANCIALS,US,sector,FINANCIALS,1000.0,126000.0,312586.33447787847,,-0.017699813565341956
2025-11-30,US_SECTOR_FINANCIALS,US,sector,FINANCIALS,1000.0,127000.0,319356.2244976894,,0.0
2025-12-31,US_SECTOR_FINANCIALS,US,sector,FINANCIALS,1000.0,128000.0,326685.2253428131,,0.0
2026-01-31,US_SECTOR_FINANCIALS,US,sector,FINANCIALS,1000.0,128999.99999999999,308368.540201228,,-0.05606829975969736
2026-02-28,US_SECTOR_FINANCIALS,US,sector,FINANCIALS,1000.0,129999.99999999999,311333.70303316,,-0.04699178633972109
2026-03-31,US_SECTOR_FINANCIALS,US,sector,FINANCIALS,1000.0,130999.99999999999,299550.3790280436,,-0.08306113717354399
2026-04-30,US_SECTOR_FINANCIALS,US,sector,FINANCIALS,1000.0,132000.0,306383.0933137728,,-0.06214585311513827
2015-01-31,US_SECTOR_HEALTHCARE,US,sector,HEALTHCARE,1000.0,1000.0,1021.838506488921,,0.0
2015-02-28,US_SECTOR_HEALTHCARE,US,sector,HEALTHCARE,1000.0,2000.0,2067.7949093165175,,0.0
2015-03-31,US_SECTOR_HEALTHCARE,US,sector,HEALTHCARE,1000.0,3000.0,3134.789764325632,,0.0
2015-04-30,US_SECTOR_HEALTHCARE,US,sector,HEALTHCARE,1000.0,4000.0,4013.237256288333,,0.0
2015-05-31,US_SECTOR_HEALTHCARE,US,sector,HEALTHCARE,1000.0,5000.0,5317.835037497032,,0.0
2015-06-30,US_SECTOR_HEALTHCARE,US,sector,HEALTHCARE,1000.0,6000.0,6434.024533707826,,0.0
2015-07-31,US_SECTOR_HEALTHCARE,US,sector,HEALTHCARE,1000.0,7000.0,7510.862610163176,,0.0
2015-08-31,US_SECTOR_HEALTHCARE,US,sector,HEALTHCARE,1000.0,8000.0,8132.710085006285,,0.0
2015-09-30,US_SECTOR_HEALTHCARE,US,sector,HEALTHCARE,1000.0,9000.0,9190.444840170663,,0.0
2015-10-31,US_SECTOR_HEALTHCARE,US,sector,HEALTHCARE,1000.0,10000.0,10400.145781072593,,0.0
2015-11-30,US_SECTOR_HEALTHCARE,US,sector,HEALTHCARE,1000.0,11000.0,11263.059946673533,,0.0
2015-12-31,US_SECTOR_HEALTHCARE,US,sector,HEALTHCARE,1000.0,12000.0,12578.764451732199,,0.0
2016-01-31,US_SECTOR_HEALTHCARE,US,sector,HEALTHCARE,1000.0,13000.0,13293.618406174115,,0.0
2016-02-29,US_SECTOR_HEALTHCARE,US,sector,HEALTHCARE,1000.0,14000.0,14079.960971006756,,0.0
2016-03-31,US_SECTOR_HEALTHCARE,US,sector,HEALTHCARE,1000.0,15000.0,15640.931963515926,,0.0
2016-04-30,US_SECTOR_HEALTHCARE,US,sector,HEALTHCARE,1000.0,16000.0,17216.77925744685,,0.0
2016-05-31,US_SECTOR_HEALTHCARE,US,sector,HEALTHCARE,1000.0,17000.0,18314.176994710488,,0.0
2016-06-30,US_SECTOR_HEALTHCARE,US,sector,HEALTHCARE,1000.0,18000.0,20496.33352184373,,0.0
2016-07-31,US_SECTOR_HEALTHCARE,US,sector,HEALTHCARE,1000.0,19000.0,22182.065385601785,,0.0
2016-08-31,US_SECTOR_HEALTHCARE,US,sector,HEALTHCARE,1000.0,20000.0,21959.72019391876,,-0.010023646933587448
2016-09-30,US_SECTOR_HEALTHCARE,US,sector,HEALTHCARE,1000.0,21000.0,23334.35903115927,,0.0
2016-10-31,US_SECTOR_HEALTHCARE,US,sector,HEALTHCARE,1000.0,22000.0,23655.102242235876,,0.0
2016-11-30,US_SECTOR_HEALTHCARE,US,sector,HEALTHCARE,1000.0,23000.0,24730.22953338626,,0.0
2016-12-31,US_SECTOR_HEALTHCARE,US,sector,HEALTHCARE,1000.0,24000.0,26806.162971651887,,0.0
2017-01-31,US_SECTOR_HEALTHCARE,US,sector,HEALTHCARE,1000.0,25000.0,28157.089724963203,,0.0
2017-02-28,US_SECTOR_HEALTHCARE,US,sector,HEALTHCARE,1000.0,26000.0,30763.81572039838,,0.0
2017-03-31,US_SECTOR_HEALTHCARE,US,sector,HEALTHCARE,1000.0,27000.0,32009.005476390135,,0.0
2017-04-30,US_SECTOR_HEALTHCARE,US,sector,HEALTHCARE,1000.0,28000.0,33453.79731963281,,0.0
2017-05-31,US_SECTOR_HEALTHCARE,US,sector,HEALTHCARE,1000.0,29000.0,34598.504334851415,,0.0
2017-06-30,US_SECTOR_HEALTHCARE,US,sector,HEALTHCARE,1000.0,30000.0,37094.36602030895,,0.0
2017-07-31,US_SECTOR_HEALTHCARE,US,sector,HEALTHCARE,1000.0,31000.0,38682.59360759727,,0.0
2017-08-31,US_SECTOR_HEALTHCARE,US,sector,HEALTHCARE,1000.0,32000.0,40035.67235486308,,0.0
2017-09-30,US_SECTOR_HEALTHCARE,US,sector,HEALTHCARE,1000.0,33000.0,41158.271410067464,,0.0
2017-10-31,US_SECTOR_HEALTHCARE,US,sector,HEALTHCARE,1000.0,34000.0,43787.356123792226,,0.0
2017-11-30,US_SECTOR_HEALTHCARE,US,sector,HEALTHCARE,1000.0,35000.0,46712.99996099413,,0.0
2017-12-31,US_SECTOR_HEALTHCARE,US,sector,HEALTHCARE,1000.0,36000.0,47057.880408247554,,0.0
2018-01-31,US_SECTOR_HEALTHCARE,US,sector,HEALTHCARE,1000.0,37000.0,48860.92335282591,,0.0
2018-02-28,US_SECTOR_HEALTHCARE,US,sector,HEALTHCARE,1000.0,38000.0,47314.067487290195,,-0.03165834289225008
2018-03-31,US_SECTOR_HEALTHCARE,US,sector,HEALTHCARE,1000.0,39000.0,47071.9934602708,,-0.03661269107906944
2018-04-30,US_SECTOR_HEALTHCARE,US,sector,HEALTHCARE,1000.0,40000.0,50586.268912788066,,0.0
2018-05-31,US_SECTOR_HEALTHCARE,US,sector,HEALTHCARE,1000.0,41000.0,51952.287964444076,,0.0
2018-06-30,US_SECTOR_HEALTHCARE,US,sector,HEALTHCARE,1000.0,42000.0,53569.232016603535,,0.0
2018-07-31,US_SECTOR_HEALTHCARE,US,sector,HEALTHCARE,0.0,42000.0,58095.269024258174,,0.0
2018-08-31,US_SECTOR_HEALTHCARE,US,sector,HEALTHCARE,1000.0,43000.0,62085.065130969,,0.0
2018-09-30,US_SECTOR_HEALTHCARE,US,sector,HEALTHCARE,1000.0,44000.0,63602.80954750041,,0.0
2018-10-31,US_SECTOR_HEALTHCARE,US,sector,HEALTHCARE,1000.0,45000.0,64567.88622740815,,0.0
2018-11-30,US_SECTOR_HEALTHCARE,US,sector,HEALTHCARE,1000.0,46000.0,70436.99449475802,,0.0
2018-12-31,US_SECTOR_HEALTHCARE,US,sector,HEALTHCARE,0.0,46000.0,64269.51730021743,,-0.08756019814274704
2019-01-31,US_SECTOR_HEALTHCARE,US,sector,HEALTHCARE,1000.0,47000.0,68779.87978686503,,-0.023526198410074372
2019-02-28,US_SECTOR_HEALTHCARE,US,sector,HEALTHCARE,1000.0,48000.0,68648.51993298181,,-0.025391125424996788
2019-03-31,US_SECTOR_HEALTHCARE,US,sector,HEALTHCARE,1000.0,49000.0,71295.66001204308,,0.0
2019-04-30,US_SECTOR_HEALTHCARE,US,sector,HEALTHCARE,1000.0,50000.0,68429.14893749096,,-0.04020596869526027
2019-05-31,US_SECTOR_HEALTHCARE,US,sector,HEALTHCARE,1000.0,51000.0,68692.1601640506,,-0.036516947140298676
2019-06-30,US_SECTOR_HEALTHCARE,US,sector,HEALTHCARE,1000.0,52000.0,70042.41449494186,,-0.017578145947306344
2019-07-31,US_SECTOR_HEALTHCARE,US,sector,HEALTHCARE,1000.0,53000.0,69838.04214455458,,-0.02044469280798136
2019-08-31,US_SECTOR_HEALTHCARE,US,sector,HEALTHCARE,1000.0,54000.0,69738.62820255208,,-0.02183908262056896
2019-09-30,US_SECTOR_HEALTHCARE,US,sector,HEALTHCARE,1000.0,55000.0,68758.51702632022,,-0.03558621920737247
2019-10-31,US_SECTOR_HEALTHCARE,US,sector,HEALTHCARE,1000.0,56000.0,74695.89106229531,,0.0
2019-11-30,US_SECTOR_HEALTHCARE,US,sector,HEALTHCARE,1000.0,57000.0,80488.25217665936,,0.0
2019-12-31,US_SECTOR_HEALTHCARE,US,sector,HEALTHCARE,1000.0,58000.0,87661.65264301588,,0.0
2020-01-31,US_SECTOR_HEALTHCARE,US,sector,HEALTHCARE,0.0,58000.0,87472.83391937049,,-0.0021539489383610127
2020-02-29,US_SECTOR_HEALTHCARE,US,sector,HEALTHCARE,1000.0,59000.0,80934.83597844013,,-0.07673613788653223
2020-03-31,US_SECTOR_HEALTHCARE,US,sector,HEALTHCARE,1000.0,60000.0,83539.96310587926,,-0.04701815917070788
2020-04-30,US_SECTOR_HEALTHCARE,US,sector,HEALTHCARE,1000.0,61000.0,96684.34025117166,,0.0
2020-05-31,US_SECTOR_HEALTHCARE,US,sector,HEALTHCARE,1000.0,62000.0,98566.70967193472,,0.0
2020-06-30,US_SECTOR_HEALTHCARE,US,sector,HEALTHCARE,1000.0,63000.0,99592.95910592435,,0.0
2020-07-31,US_SECTOR_HEALTHCARE,US,sector,HEALTHCARE,1000.0,64000.0,99150.8737831451,,-0.004438921453363627
2020-08-31,US_SECTOR_HEALTHCARE,US,sector,HEALTHCARE,1000.0,64999.99999999999,102254.29870265737,,0.0
2020-09-30,US_SECTOR_HEALTHCARE,US,sector,HEALTHCARE,1000.0,66000.0,102257.81846825893,,0.0
2020-10-31,US_SECTOR_HEALTHCARE,US,sector,HEALTHCARE,1000.0,67000.0,95953.46030015472,,-0.0616516004598817
2020-11-30,US_SECTOR_HEALTHCARE,US,sector,HEALTHCARE,1000.0,68000.0,106070.69786698041,,0.0
2020-12-31,US_SECTOR_HEALTHCARE,US,sector,HEALTHCARE,1000.0,69000.0,117094.68206623994,,0.0
2021-01-31,US_SECTOR_HEALTHCARE,US,sector,HEALTHCARE,1000.0,70000.0,126848.75672559928,,0.0
2021-02-28,US_SECTOR_HEALTHCARE,US,sector,HEALTHCARE,1000.0,71000.0,126010.9549981287,,-0.006604729514873533
2021-03-31,US_SECTOR_HEALTHCARE,US,sector,HEALTHCARE,1000.0,72000.0,128810.86580879147,,0.0
2021-04-30,US_SECTOR_HEALTHCARE,US,sector,HEALTHCARE,1000.0,73000.0,132030.17321481736,,0.0
2021-05-31,US_SECTOR_HEALTHCARE,US,sector,HEALTHCARE,1000.0,74000.0,140445.99633795905,,0.0
2021-06-30,US_SECTOR_HEALTHCARE,US,sector,HEALTHCARE,1000.0,75000.0,146774.24958608445,,0.0
2021-07-31,US_SECTOR_HEALTHCARE,US,sector,HEALTHCARE,1000.0,76000.0,154522.3418884388,,0.0
2021-08-31,US_SECTOR_HEALTHCARE,US,sector,HEALTHCARE,1000.0,77000.0,160133.9367297602,,0.0
2021-09-30,US_SECTOR_HEALTHCARE,US,sector,HEALTHCARE,1000.0,78000.0,148025.0797246857,,-0.07561705689849643
2021-10-31,US_SECTOR_HEALTHCARE,US,sector,HEALTHCARE,1000.0,79000.0,165262.29046278735,,0.0
2021-11-30,US_SECTOR_HEALTHCARE,US,sector,HEALTHCARE,1000.0,80000.0,160749.56672871672,,-0.02730643343640925
2021-12-31,US_SECTOR_HEALTHCARE,US,sector,HEALTHCARE,1000.0,81000.0,180609.85055460053,,0.0
2022-01-31,US_SECTOR_HEALTHCARE,US,sector,HEALTHCARE,1000.0,82000.0,169407.10759235156,,-0.0620273087422895
2022-02-28,US_SECTOR_HEALTHCARE,US,sector,HEALTHCARE,1000.0,83000.0,170453.27004440792,,-0.056234920072214735
2022-03-31,US_SECTOR_HEALTHCARE,US,sector,HEALTHCARE,1000.0,84000.0,188976.17381579572,,0.0
2022-04-30,US_SECTOR_HEALTHCARE,US,sector,HEALTHCARE,1000.0,85000.0,192040.72585957596,,0.0
2022-05-31,US_SECTOR_HEALTHCARE,US,sector,HEALTHCARE,1000.0,86000.0,197028.01713886415,,0.0
2022-06-30,US_SECTOR_HEALTHCARE,US,sector,HEALTHCARE,1000.0,87000.0,202977.6803860524,,0.0
2022-07-31,US_SECTOR_HEALTHCARE,US,sector,HEALTHCARE,1000.0,88000.0,208962.74366778822,,0.0
2022-08-31,US_SECTOR_HEALTHCARE,US,sector,HEALTHCARE,1000.0,89000.0,195732.52571172276,,-0.06331376456799898
2022-09-30,US_SECTOR_HEALTHCARE,US,sector,HEALTHCARE,1000.0,90000.0,201282.358345631,,-0.03675480704047232
2022-10-31,US_SECTOR_HEALTHCARE,US,sector,HEALTHCARE,1000.0,91000.0,222904.32548730605,,0.0
2022-11-30,US_SECTOR_HEALTHCARE,US,sector,HEALTHCARE,1000.0,92000.0,226302.68133029505,,0.0
2022-12-31,US_SECTOR_HEALTHCARE,US,sector,HEALTHCARE,1000.0,93000.0,222922.69201488575,,-0.014935701581352951
2023-01-31,US_SECTOR_HEALTHCARE,US,sector,HEALTHCARE,1000.0,94000.0,210063.63048065666,,-0.07175810182265158
2023-02-28,US_SECTOR_HEALTHCARE,US,sector,HEALTHCARE,1000.0,95000.0,195825.63670763082,,-0.13467381139060447
2023-03-31,US_SECTOR_HEALTHCARE,US,sector,HEALTHCARE,1000.0,96000.0,205928.1678610509,,-0.09003213461490976
2023-04-30,US_SECTOR_HEALTHCARE,US,sector,HEALTHCARE,1000.0,97000.0,226921.88569857547,,0.0
2023-05-31,US_SECTOR_HEALTHCARE,US,sector,HEALTHCARE,1000.0,98000.0,234689.90404728075,,0.0
2023-06-30,US_SECTOR_HEALTHCARE,US,sector,HEALTHCARE,1000.0,99000.0,248624.99019773665,,0.0
2023-07-31,US_SECTOR_HEALTHCARE,US,sector,HEALTHCARE,1000.0,100000.0,249895.73895564475,,0.0
2023-08-31,US_SECTOR_HEALTHCARE,US,sector,HEALTHCARE,1000.0,101000.0,273670.4912422602,,0.0
2023-09-30,US_SECTOR_HEALTHCARE,US,sector,HEALTHCARE,1000.0,102000.0,272460.35437735275,,-0.004421875589926913
2023-10-31,US_SECTOR_HEALTHCARE,US,sector,HEALTHCARE,1000.0,103000.0,281286.6713805736,,0.0
2023-11-30,US_SECTOR_HEALTHCARE,US,sector,HEALTHCARE,1000.0,104000.0,297406.83700926194,,0.0
2023-12-31,US_SECTOR_HEALTHCARE,US,sector,HEALTHCARE,1000.0,105000.0,292456.1053893112,,-0.0166463275348191
2024-01-31,US_SECTOR_HEALTHCARE,US,sector,HEALTHCARE,1000.0,106000.0,310000.4216860227,,0.0
2024-02-29,US_SECTOR_HEALTHCARE,US,sector,HEALTHCARE,1000.0,107000.0,340389.70015859534,,0.0
2024-03-31,US_SECTOR_HEALTHCARE,US,sector,HEALTHCARE,1000.0,108000.0,347830.1209137702,,0.0
2024-04-30,US_SECTOR_HEALTHCARE,US,sector,HEALTHCARE,1000.0,109000.0,344394.13859789283,,-0.009878334592906636
2024-05-31,US_SECTOR_HEALTHCARE,US,sector,HEALTHCARE,1000.0,110000.0,359334.06475040567,,0.0
2024-06-30,US_SECTOR_HEALTHCARE,US,sector,HEALTHCARE,1000.0,111000.0,387410.33074681135,,0.0
2024-07-31,US_SECTOR_HEALTHCARE,US,sector,HEALTHCARE,1000.0,112000.0,372566.4011547954,,-0.03831578152136847
2024-08-31,US_SECTOR_HEALTHCARE,US,sector,HEALTHCARE,1000.0,113000.0,423996.6735353152,,0.0
2024-09-30,US_SECTOR_HEALTHCARE,US,sector,HEALTHCARE,1000.0,114000.0,401163.8006984707,,-0.05385153767000663
2024-10-31,US_SECTOR_HEALTHCARE,US,sector,HEALTHCARE,1000.0,115000.0,381653.8761381782,,-0.0998658716920575
2024-11-30,US_SECTOR_HEALTHCARE,US,sector,HEALTHCARE,1000.0,116000.0,378503.7356838403,,-0.10729550652402878
2024-12-31,US_SECTOR_HEALTHCARE,US,sector,HEALTHCARE,1000.0,117000.0,352605.9259145859,,-0.16837572574678017
2025-01-31,US_SECTOR_HEALTHCARE,US,sector,HEALTHCARE,0.0,117000.0,372311.44383586093,,-0.12190008300890441
2025-02-28,US_SECTOR_HEALTHCARE,US,sector,HEALTHCARE,1000.0,118000.0,398483.594990949,,-0.060172827139506356
2025-03-31,US_SECTOR_HEALTHCARE,US,sector,HEALTHCARE,1000.0,119000.0,379590.1910957772,,-0.10473309158129357
2025-04-30,US_SECTOR_HEALTHCARE,US,sector,HEALTHCARE,1000.0,120000.0,381067.2411462214,,-0.10124945564111401
2025-05-31,US_SECTOR_HEALTHCARE,US,sector,HEALTHCARE,1000.0,121000.0,315573.90876062226,,-0.25571607406882707
2025-06-30,US_SECTOR_HEALTHCARE,US,sector,HEALTHCARE,1000.0,122000.0,330012.3976202838,,-0.22166276714244862
2025-07-31,US_SECTOR_HEALTHCARE,US,sector,HEALTHCARE,1000.0,123000.0,312295.0594268932,,-0.26344926996017637
2025-08-31,US_SECTOR_HEALTHCARE,US,sector,HEALTHCARE,1000.0,124000.0,324971.88385491964,,-0.23355086457334592
2025-09-30,US_SECTOR_HEALTHCARE,US,sector,HEALTHCARE,1000.0,125000.0,343621.89792971587,,-0.18956463723035513
2025-10-31,US_SECTOR_HEALTHCARE,US,sector,HEALTHCARE,1000.0,126000.0,375018.8008544023,,-0.11551475692611413
2025-11-30,US_SECTOR_HEALTHCARE,US,sector,HEALTHCARE,1000.0,127000.0,443432.3818916618,,0.0
2025-12-31,US_SECTOR_HEALTHCARE,US,sector,HEALTHCARE,1000.0,128000.0,444277.5419912677,,0.0
2026-01-31,US_SECTOR_HEALTHCARE,US,sector,HEALTHCARE,1000.0,128999.99999999999,432696.5642253649,,-0.02606698892317731
2026-02-28,US_SECTOR_HEALTHCARE,US,sector,HEALTHCARE,1000.0,129999.99999999999,445839.41812727903,,0.0
2026-03-31,US_SECTOR_HEALTHCARE,US,sector,HEALTHCARE,1000.0,130999.99999999999,401688.4499203443,,-0.09902885750297308
2026-04-30,US_SECTOR_HEALTHCARE,US,sector,HEALTHCARE,1000.0,132000.0,401550.95082726836,,-0.09933726247455114
2015-01-31,US_SECTOR_INDUSTRIALS,US,sector,INDUSTRIALS,1000.0,1000.0,974.571256493975,,0.0
2015-02-28,US_SECTOR_INDUSTRIALS,US,sector,INDUSTRIALS,1000.0,2000.0,2066.746836971661,,0.0
2015-03-31,US_SECTOR_INDUSTRIALS,US,sector,INDUSTRIALS,1000.0,3000.0,2951.0039457249563,,0.0
2015-04-30,US_SECTOR_INDUSTRIALS,US,sector,INDUSTRIALS,1000.0,4000.0,4144.669191812802,,0.0
2015-05-31,US_SECTOR_INDUSTRIALS,US,sector,INDUSTRIALS,1000.0,5000.0,5164.580643060917,,0.0
2015-06-30,US_SECTOR_INDUSTRIALS,US,sector,INDUSTRIALS,1000.0,6000.0,5982.219197806876,,0.0
2015-07-31,US_SECTOR_INDUSTRIALS,US,sector,INDUSTRIALS,1000.0,7000.0,6549.320708215608,,0.0
2015-08-31,US_SECTOR_INDUSTRIALS,US,sector,INDUSTRIALS,1000.0,8000.0,7149.75076285601,,0.0
2015-09-30,US_SECTOR_INDUSTRIALS,US,sector,INDUSTRIALS,1000.0,9000.0,7738.067430239164,,0.0
2015-10-31,US_SECTOR_INDUSTRIALS,US,sector,INDUSTRIALS,1000.0,10000.0,9744.448008369161,,0.0
2015-11-30,US_SECTOR_INDUSTRIALS,US,sector,INDUSTRIALS,1000.0,11000.0,10768.514482766215,,0.0
2015-12-31,US_SECTOR_INDUSTRIALS,US,sector,INDUSTRIALS,1000.0,12000.0,11721.973298096076,,0.0
2016-01-31,US_SECTOR_INDUSTRIALS,US,sector,INDUSTRIALS,1000.0,13000.0,11757.426107361413,,0.0
2016-02-29,US_SECTOR_INDUSTRIALS,US,sector,INDUSTRIALS,1000.0,14000.0,13513.855984422713,,0.0
2016-03-31,US_SECTOR_INDUSTRIALS,US,sector,INDUSTRIALS,1000.0,15000.0,15746.73564211039,,0.0
2016-04-30,US_SECTOR_INDUSTRIALS,US,sector,INDUSTRIALS,1000.0,16000.0,16860.990184256585,,0.0
2016-05-31,US_SECTOR_INDUSTRIALS,US,sector,INDUSTRIALS,1000.0,17000.0,17178.784127852305,,0.0
2016-06-30,US_SECTOR_INDUSTRIALS,US,sector,INDUSTRIALS,1000.0,18000.0,18833.18954947406,,0.0
2016-07-31,US_SECTOR_INDUSTRIALS,US,sector,INDUSTRIALS,1000.0,19000.0,20662.30038336748,,0.0
2016-08-31,US_SECTOR_INDUSTRIALS,US,sector,INDUSTRIALS,1000.0,20000.0,21548.713565512226,,0.0
2016-09-30,US_SECTOR_INDUSTRIALS,US,sector,INDUSTRIALS,1000.0,21000.0,22440.792384642904,,0.0
2016-10-31,US_SECTOR_INDUSTRIALS,US,sector,INDUSTRIALS,1000.0,22000.0,22844.854106451043,,0.0
2016-11-30,US_SECTOR_INDUSTRIALS,US,sector,INDUSTRIALS,1000.0,23000.0,25920.291295385745,,0.0
2016-12-31,US_SECTOR_INDUSTRIALS,US,sector,INDUSTRIALS,1000.0,24000.0,27015.78112650621,,0.0
2017-01-31,US_SECTOR_INDUSTRIALS,US,sector,INDUSTRIALS,1000.0,25000.0,27756.624357446835,,0.0
2017-02-28,US_SECTOR_INDUSTRIALS,US,sector,INDUSTRIALS,1000.0,26000.0,29139.93391229227,,0.0
2017-03-31,US_SECTOR_INDUSTRIALS,US,sector,INDUSTRIALS,1000.0,27000.0,29655.68875972023,,0.0
2017-04-30,US_SECTOR_INDUSTRIALS,US,sector,INDUSTRIALS,1000.0,28000.0,32090.895131328372,,0.0
2017-05-31,US_SECTOR_INDUSTRIALS,US,sector,INDUSTRIALS,1000.0,29000.0,33139.13844937195,,0.0
2017-06-30,US_SECTOR_INDUSTRIALS,US,sector,INDUSTRIALS,1000.0,30000.0,34336.45270018982,,0.0
2017-07-31,US_SECTOR_INDUSTRIALS,US,sector,INDUSTRIALS,1000.0,31000.0,35295.03849124599,,0.0
2017-08-31,US_SECTOR_INDUSTRIALS,US,sector,INDUSTRIALS,1000.0,32000.0,36472.41115741103,,0.0
2017-09-30,US_SECTOR_INDUSTRIALS,US,sector,INDUSTRIALS,1000.0,33000.0,37922.63263975928,,0.0
2017-10-31,US_SECTOR_INDUSTRIALS,US,sector,INDUSTRIALS,1000.0,34000.0,39167.35920231303,,0.0
2017-11-30,US_SECTOR_INDUSTRIALS,US,sector,INDUSTRIALS,1000.0,35000.0,40298.94674686592,,0.0
2017-12-31,US_SECTOR_INDUSTRIALS,US,sector,INDUSTRIALS,1000.0,36000.0,43922.96925885546,,0.0
2018-01-31,US_SECTOR_INDUSTRIALS,US,sector,INDUSTRIALS,1000.0,37000.0,46249.227349982735,,0.0
2018-02-28,US_SECTOR_INDUSTRIALS,US,sector,INDUSTRIALS,1000.0,38000.0,44764.08530046017,,-0.032111715905738754
2018-03-31,US_SECTOR_INDUSTRIALS,US,sector,INDUSTRIALS,1000.0,39000.0,43336.67863200762,,-0.06297507839287615
2018-04-30,US_SECTOR_INDUSTRIALS,US,sector,INDUSTRIALS,1000.0,40000.0,43554.62820993704,,-0.05826257635948819
2018-05-31,US_SECTOR_INDUSTRIALS,US,sector,INDUSTRIALS,1000.0,41000.0,46285.88945054889,,0.0
2018-06-30,US_SECTOR_INDUSTRIALS,US,sector,INDUSTRIALS,1000.0,42000.0,44556.92474804394,,-0.03735403430784569
2018-07-31,US_SECTOR_INDUSTRIALS,US,sector,INDUSTRIALS,0.0,42000.0,47179.720024148555,,0.0
2018-08-31,US_SECTOR_INDUSTRIALS,US,sector,INDUSTRIALS,1000.0,43000.0,46477.85333507822,,-0.01487644879433551
2018-09-30,US_SECTOR_INDUSTRIALS,US,sector,INDUSTRIALS,1000.0,44000.0,49684.22017506411,,0.0
2018-10-31,US_SECTOR_INDUSTRIALS,US,sector,INDUSTRIALS,1000.0,45000.0,42776.63532569008,,-0.13902975280752952
2018-11-30,US_SECTOR_INDUSTRIALS,US,sector,INDUSTRIALS,1000.0,46000.0,43965.439476376356,,-0.11510255526880422
2018-12-31,US_SECTOR_INDUSTRIALS,US,sector,INDUSTRIALS,0.0,46000.0,40503.1225022871,,-0.184789006256455
2019-01-31,US_SECTOR_INDUSTRIALS,US,sector,INDUSTRIALS,1000.0,47000.0,46059.92644508665,,-0.07294657573787285
2019-02-28,US_SECTOR_INDUSTRIALS,US,sector,INDUSTRIALS,1000.0,48000.0,49327.14584400808,,-0.007186876030213703
2019-03-31,US_SECTOR_INDUSTRIALS,US,sector,INDUSTRIALS,1000.0,49000.0,50189.72471008809,,0.0
2019-04-30,US_SECTOR_INDUSTRIALS,US,sector,INDUSTRIALS,1000.0,50000.0,54035.3685414418,,0.0
2019-05-31,US_SECTOR_INDUSTRIALS,US,sector,INDUSTRIALS,1000.0,51000.0,48489.133377259976,,-0.1026408316236097
2019-06-30,US_SECTOR_INDUSTRIALS,US,sector,INDUSTRIALS,1000.0,52000.0,53957.12455735315,,-0.0014480142580806604
2019-07-31,US_SECTOR_INDUSTRIALS,US,sector,INDUSTRIALS,1000.0,53000.0,54598.22741458235,,0.0
2019-08-31,US_SECTOR_INDUSTRIALS,US,sector,INDUSTRIALS,1000.0,54000.0,50641.92338235011,,-0.0724621332885171
2019-09-30,US_SECTOR_INDUSTRIALS,US,sector,INDUSTRIALS,1000.0,55000.0,54720.36652963004,,0.0
2019-10-31,US_SECTOR_INDUSTRIALS,US,sector,INDUSTRIALS,1000.0,56000.0,60196.61710446827,,0.0
2019-11-30,US_SECTOR_INDUSTRIALS,US,sector,INDUSTRIALS,1000.0,57000.0,64676.19502771925,,0.0
2019-12-31,US_SECTOR_INDUSTRIALS,US,sector,INDUSTRIALS,1000.0,58000.0,66378.84226882835,,0.0
2020-01-31,US_SECTOR_INDUSTRIALS,US,sector,INDUSTRIALS,0.0,58000.0,64770.078104970016,,-0.024236098565006296
2020-02-29,US_SECTOR_INDUSTRIALS,US,sector,INDUSTRIALS,1000.0,59000.0,59183.53221907741,,-0.10839764304129586
2020-03-31,US_SECTOR_INDUSTRIALS,US,sector,INDUSTRIALS,1000.0,60000.0,48759.625053080206,,-0.2654342349689061
2020-04-30,US_SECTOR_INDUSTRIALS,US,sector,INDUSTRIALS,1000.0,61000.0,49996.10625083828,,-0.24680659466221866
2020-05-31,US_SECTOR_INDUSTRIALS,US,sector,INDUSTRIALS,1000.0,62000.0,51463.338416988685,,-0.22470268148747174
2020-06-30,US_SECTOR_INDUSTRIALS,US,sector,INDUSTRIALS,1000.0,63000.0,53236.81541477803,,-0.19798517727721565
2020-07-31,US_SECTOR_INDUSTRIALS,US,sector,INDUSTRIALS,1000.0,64000.0,53037.95368468197,,-0.20098103745342497
2020-08-31,US_SECTOR_INDUSTRIALS,US,sector,INDUSTRIALS,1000.0,64999.99999999999,57718.903586354994,,-0.13046233387743308
2020-09-30,US_SECTOR_INDUSTRIALS,US,sector,INDUSTRIALS,1000.0,66000.0,58948.38816062207,,-0.11194009799257432
2020-10-31,US_SECTOR_INDUSTRIALS,US,sector,INDUSTRIALS,1000.0,67000.0,62466.38461515589,,-0.058941336123750916
2020-11-30,US_SECTOR_INDUSTRIALS,US,sector,INDUSTRIALS,1000.0,68000.0,76992.65408905725,,0.0
2020-12-31,US_SECTOR_INDUSTRIALS,US,sector,INDUSTRIALS,1000.0,69000.0,80792.65939038186,,0.0
2021-01-31,US_SECTOR_INDUSTRIALS,US,sector,INDUSTRIALS,1000.0,70000.0,80206.72048269276,,-0.007252378026794464
2021-02-28,US_SECTOR_INDUSTRIALS,US,sector,INDUSTRIALS,1000.0,71000.0,93438.87827934236,,0.0
2021-03-31,US_SECTOR_INDUSTRIALS,US,sector,INDUSTRIALS,1000.0,72000.0,100815.09701355161,,0.0
2021-04-30,US_SECTOR_INDUSTRIALS,US,sector,INDUSTRIALS,1000.0,73000.0,102984.48682649998,,0.0
2021-05-31,US_SECTOR_INDUSTRIALS,US,sector,INDUSTRIALS,1000.0,74000.0,110481.27646562757,,0.0
2021-06-30,US_SECTOR_INDUSTRIALS,US,sector,INDUSTRIALS,1000.0,75000.0,103831.75656364777,,-0.060186848982040596
2021-07-31,US_SECTOR_INDUSTRIALS,US,sector,INDUSTRIALS,1000.0,76000.0,102000.73143341282,,-0.07676002037189696
2021-08-31,US_SECTOR_INDUSTRIALS,US,sector,INDUSTRIALS,1000.0,77000.0,103593.26532836586,,-0.06234550647506935
2021-09-30,US_SECTOR_INDUSTRIALS,US,sector,INDUSTRIALS,1000.0,78000.0,100046.9397002651,,-0.09444439002846565
2021-10-31,US_SECTOR_INDUSTRIALS,US,sector,INDUSTRIALS,1000.0,79000.0,105375.8109202339,,-0.04621113829167299
2021-11-30,US_SECTOR_INDUSTRIALS,US,sector,INDUSTRIALS,1000.0,80000.0,98546.67647848775,,-0.10802373369439537
2021-12-31,US_SECTOR_INDUSTRIALS,US,sector,INDUSTRIALS,1000.0,81000.0,104528.73454038131,,-0.053878287033533576
2022-01-31,US_SECTOR_INDUSTRIALS,US,sector,INDUSTRIALS,1000.0,82000.0,105793.00282422204,,-0.04243500610589089
2022-02-28,US_SECTOR_INDUSTRIALS,US,sector,INDUSTRIALS,1000.0,83000.0,108416.20706776247,,-0.018691578011479356
2022-03-31,US_SECTOR_INDUSTRIALS,US,sector,INDUSTRIALS,1000.0,84000.0,115627.25433763566,,0.0
2022-04-30,US_SECTOR_INDUSTRIALS,US,sector,INDUSTRIALS,1000.0,85000.0,107673.15632604995,,-0.06879085780554352
2022-05-31,US_SECTOR_INDUSTRIALS,US,sector,INDUSTRIALS,1000.0,86000.0,111020.60402042148,,-0.039840523271119116
2022-06-30,US_SECTOR_INDUSTRIALS,US,sector,INDUSTRIALS,1000.0,87000.0,99299.87568637959,,-0.14120700819877255
2022-07-31,US_SECTOR_INDUSTRIALS,US,sector,INDUSTRIALS,1000.0,88000.0,106831.50207770504,,-0.07606988776406225
2022-08-31,US_SECTOR_INDUSTRIALS,US,sector,INDUSTRIALS,1000.0,89000.0,102911.92034757388,,-0.10996831208092656
2022-09-30,US_SECTOR_INDUSTRIALS,US,sector,INDUSTRIALS,1000.0,90000.0,92270.37730743892,,-0.20200148454614203
2022-10-31,US_SECTOR_INDUSTRIALS,US,sector,INDUSTRIALS,1000.0,91000.0,116470.1696132537,,0.0
2022-11-30,US_SECTOR_INDUSTRIALS,US,sector,INDUSTRIALS,1000.0,92000.0,126577.31626325578,,0.0
2022-12-31,US_SECTOR_INDUSTRIALS,US,sector,INDUSTRIALS,1000.0,93000.0,128690.47011409918,,0.0
2023-01-31,US_SECTOR_INDUSTRIALS,US,sector,INDUSTRIALS,1000.0,94000.0,138265.96697444987,,0.0
2023-02-28,US_SECTOR_INDUSTRIALS,US,sector,INDUSTRIALS,1000.0,95000.0,136806.65338457972,,-0.010554394706108772
2023-03-31,US_SECTOR_INDUSTRIALS,US,sector,INDUSTRIALS,1000.0,96000.0,139135.3760150212,,0.0
2023-04-30,US_SECTOR_INDUSTRIALS,US,sector,INDUSTRIALS,1000.0,97000.0,139657.89066343283,,0.0
2023-05-31,US_SECTOR_INDUSTRIALS,US,sector,INDUSTRIALS,1000.0,98000.0,134824.52508225557,,-0.034608610786091454
2023-06-30,US_SECTOR_INDUSTRIALS,US,sector,INDUSTRIALS,1000.0,99000.0,152407.8182960244,,0.0
2023-07-31,US_SECTOR_INDUSTRIALS,US,sector,INDUSTRIALS,1000.0,100000.0,155905.98188306767,,0.0
2023-08-31,US_SECTOR_INDUSTRIALS,US,sector,INDUSTRIALS,1000.0,101000.0,160451.68593129958,,0.0
2023-09-30,US_SECTOR_INDUSTRIALS,US,sector,INDUSTRIALS,1000.0,102000.0,151359.19085782755,,-0.056668118011331814
2023-10-31,US_SECTOR_INDUSTRIALS,US,sector,INDUSTRIALS,1000.0,103000.0,143047.78181344163,,-0.10846819101240084
2023-11-30,US_SECTOR_INDUSTRIALS,US,sector,INDUSTRIALS,1000.0,104000.0,156293.7111678836,,-0.02591418556484537
2023-12-31,US_SECTOR_INDUSTRIALS,US,sector,INDUSTRIALS,1000.0,105000.0,173324.47155015523,,0.0
2024-01-31,US_SECTOR_INDUSTRIALS,US,sector,INDUSTRIALS,1000.0,106000.0,180866.21290471894,,0.0
2024-02-29,US_SECTOR_INDUSTRIALS,US,sector,INDUSTRIALS,1000.0,107000.0,200784.67641085267,,0.0
2024-03-31,US_SECTOR_INDUSTRIALS,US,sector,INDUSTRIALS,1000.0,108000.0,222420.9850070937,,0.0
2024-04-30,US_SECTOR_INDUSTRIALS,US,sector,INDUSTRIALS,1000.0,109000.0,227970.6537376382,,0.0
2024-05-31,US_SECTOR_INDUSTRIALS,US,sector,INDUSTRIALS,1000.0,110000.0,234864.939621106,,0.0
2024-06-30,US_SECTOR_INDUSTRIALS,US,sector,INDUSTRIALS,1000.0,111000.0,227469.46510204652,,-0.031488201393490914
2024-07-31,US_SECTOR_INDUSTRIALS,US,sector,INDUSTRIALS,1000.0,112000.0,246512.3348162216,,0.0
2024-08-31,US_SECTOR_INDUSTRIALS,US,sector,INDUSTRIALS,1000.0,113000.0,255599.054006043,,0.0
2024-09-30,US_SECTOR_INDUSTRIALS,US,sector,INDUSTRIALS,1000.0,114000.0,273117.8495539292,,0.0
2024-10-31,US_SECTOR_INDUSTRIALS,US,sector,INDUSTRIALS,1000.0,115000.0,260627.00112141046,,-0.045734280834882984
2024-11-30,US_SECTOR_INDUSTRIALS,US,sector,INDUSTRIALS,1000.0,116000.0,276232.2259222242,,0.0
2024-12-31,US_SECTOR_INDUSTRIALS,US,sector,INDUSTRIALS,1000.0,117000.0,253330.62530222558,,-0.08290705598718523
2025-01-31,US_SECTOR_INDUSTRIALS,US,sector,INDUSTRIALS,0.0,117000.0,282570.70418438397,,0.0
2025-02-28,US_SECTOR_INDUSTRIALS,US,sector,INDUSTRIALS,1000.0,118000.0,279552.42877364554,,-0.01068148738012462
2025-03-31,US_SECTOR_INDUSTRIALS,US,sector,INDUSTRIALS,1000.0,119000.0,272466.7784584017,,-0.03575715945199062
2025-04-30,US_SECTOR_INDUSTRIALS,US,sector,INDUSTRIALS,1000.0,120000.0,265075.1712571508,,-0.06191559375460558
2025-05-31,US_SECTOR_INDUSTRIALS,US,sector,INDUSTRIALS,1000.0,121000.0,307199.9628908541,,0.0
2025-06-30,US_SECTOR_INDUSTRIALS,US,sector,INDUSTRIALS,1000.0,122000.0,331192.0418002715,,0.0
2025-07-31,US_SECTOR_INDUSTRIALS,US,sector,INDUSTRIALS,1000.0,123000.0,360368.5354427874,,0.0
2025-08-31,US_SECTOR_INDUSTRIALS,US,sector,INDUSTRIALS,1000.0,124000.0,358624.61286590307,,-0.004839275367760844
2025-09-30,US_SECTOR_INDUSTRIALS,US,sector,INDUSTRIALS,1000.0,125000.0,395605.1131425399,,0.0
2025-10-31,US_SECTOR_INDUSTRIALS,US,sector,INDUSTRIALS,1000.0,126000.0,436554.92588712915,,0.0
2025-11-30,US_SECTOR_INDUSTRIALS,US,sector,INDUSTRIALS,1000.0,127000.0,429367.69493920525,,-0.01646352044549408
2025-12-31,US_SECTOR_INDUSTRIALS,US,sector,INDUSTRIALS,1000.0,128000.0,439372.89374738734,,0.0
2026-01-31,US_SECTOR_INDUSTRIALS,US,sector,INDUSTRIALS,1000.0,128999.99999999999,473933.6593306951,,0.0
2026-02-28,US_SECTOR_INDUSTRIALS,US,sector,INDUSTRIALS,1000.0,129999.99999999999,521257.4353666134,,0.0
2026-03-31,US_SECTOR_INDUSTRIALS,US,sector,INDUSTRIALS,1000.0,130999.99999999999,473778.13906940015,,-0.09108607969077671
2026-04-30,US_SECTOR_INDUSTRIALS,US,sector,INDUSTRIALS,1000.0,132000.0,501847.93869561265,,-0.037235913301360474
2015-01-31,US_SECTOR_ENERGY,US,sector,ENERGY,1000.0,1000.0,962.2556097540524,,0.0
2015-02-28,US_SECTOR_ENERGY,US,sector,ENERGY,1000.0,2000.0,1966.6546129787735,,0.0
2015-03-31,US_SECTOR_ENERGY,US,sector,ENERGY,1000.0,3000.0,2874.014393608366,,0.0
2015-04-30,US_SECTOR_ENERGY,US,sector,ENERGY,1000.0,4000.0,4094.5219661294955,,0.0
2015-05-31,US_SECTOR_ENERGY,US,sector,ENERGY,1000.0,5000.0,4817.570571678845,,0.0
2015-06-30,US_SECTOR_ENERGY,US,sector,ENERGY,1000.0,6000.0,5581.212620883443,,0.0
2015-07-31,US_SECTOR_ENERGY,US,sector,ENERGY,1000.0,7000.0,5896.391682709796,,0.0
2015-08-31,US_SECTOR_ENERGY,US,sector,ENERGY,1000.0,8000.0,6545.081315719006,,0.0
2015-09-30,US_SECTOR_ENERGY,US,sector,ENERGY,1000.0,9000.0,7411.4201134132745,,0.0
2015-10-31,US_SECTOR_ENERGY,US,sector,ENERGY,1000.0,10000.0,9350.90787269935,,0.0
2015-11-30,US_SECTOR_ENERGY,US,sector,ENERGY,1000.0,11000.0,10303.860821250719,,0.0
2015-12-31,US_SECTOR_ENERGY,US,sector,ENERGY,1000.0,12000.0,10568.657287761864,,0.0
2016-01-31,US_SECTOR_ENERGY,US,sector,ENERGY,1000.0,13000.0,10855.979146254973,,0.0
2016-02-29,US_SECTOR_ENERGY,US,sector,ENERGY,1000.0,14000.0,11437.32670299089,,0.0
2016-03-31,US_SECTOR_ENERGY,US,sector,ENERGY,1000.0,15000.0,13864.350954907655,,0.0
2016-04-30,US_SECTOR_ENERGY,US,sector,ENERGY,1000.0,16000.0,16343.347652469354,,0.0
2016-05-31,US_SECTOR_ENERGY,US,sector,ENERGY,1000.0,17000.0,16901.098833655196,,0.0
2016-06-30,US_SECTOR_ENERGY,US,sector,ENERGY,1000.0,18000.0,18468.44994812044,,0.0
2016-07-31,US_SECTOR_ENERGY,US,sector,ENERGY,1000.0,19000.0,18625.493236155828,,0.0
2016-08-31,US_SECTOR_ENERGY,US,sector,ENERGY,1000.0,20000.0,19405.359734404672,,0.0
2016-09-30,US_SECTOR_ENERGY,US,sector,ENERGY,1000.0,21000.0,20915.93441575585,,0.0
2016-10-31,US_SECTOR_ENERGY,US,sector,ENERGY,1000.0,22000.0,21711.89511220081,,0.0
2016-11-30,US_SECTOR_ENERGY,US,sector,ENERGY,1000.0,23000.0,24411.482353757277,,0.0
2016-12-31,US_SECTOR_ENERGY,US,sector,ENERGY,1000.0,24000.0,26450.417026065254,,0.0
2017-01-31,US_SECTOR_ENERGY,US,sector,ENERGY,1000.0,25000.0,26038.8951206677,,-0.015558238835781796
2017-02-28,US_SECTOR_ENERGY,US,sector,ENERGY,1000.0,26000.0,26664.272672841704,,0.0
2017-03-31,US_SECTOR_ENERGY,US,sector,ENERGY,1000.0,27000.0,27688.66441158498,,0.0
2017-04-30,US_SECTOR_ENERGY,US,sector,ENERGY,1000.0,28000.0,28200.80586853983,,0.0
2017-05-31,US_SECTOR_ENERGY,US,sector,ENERGY,1000.0,29000.0,28133.594015524937,,-0.0023833309348748415
2017-06-30,US_SECTOR_ENERGY,US,sector,ENERGY,1000.0,30000.0,29096.119596920238,,0.0
2017-07-31,US_SECTOR_ENERGY,US,sector,ENERGY,1000.0,31000.0,30795.82394988327,,0.0
2017-08-31,US_SECTOR_ENERGY,US,sector,ENERGY,1000.0,32000.0,30784.715585420996,,-0.000360710091093898
2017-09-30,US_SECTOR_ENERGY,US,sector,ENERGY,1000.0,33000.0,35042.929930010054,,0.0
2017-10-31,US_SECTOR_ENERGY,US,sector,ENERGY,1000.0,34000.0,36309.94207814412,,0.0
2017-11-30,US_SECTOR_ENERGY,US,sector,ENERGY,1000.0,35000.0,37588.28485750126,,0.0
2017-12-31,US_SECTOR_ENERGY,US,sector,ENERGY,1000.0,36000.0,40360.63039811049,,0.0
2018-01-31,US_SECTOR_ENERGY,US,sector,ENERGY,1000.0,37000.0,42898.16915302152,,0.0
2018-02-28,US_SECTOR_ENERGY,US,sector,ENERGY,1000.0,38000.0,39396.03922459237,,-0.08163821434748747
2018-03-31,US_SECTOR_ENERGY,US,sector,ENERGY,1000.0,39000.0,41817.57586408797,,-0.025189729777953338
2018-04-30,US_SECTOR_ENERGY,US,sector,ENERGY,1000.0,40000.0,46447.59264402779,,0.0
2018-05-31,US_SECTOR_ENERGY,US,sector,ENERGY,1000.0,41000.0,48448.42521212965,,0.0
2018-06-30,US_SECTOR_ENERGY,US,sector,ENERGY,1000.0,42000.0,50615.54628217673,,0.0
2018-07-31,US_SECTOR_ENERGY,US,sector,ENERGY,0.0,42000.0,51105.42925075806,,0.0
2018-08-31,US_SECTOR_ENERGY,US,sector,ENERGY,1000.0,43000.0,51168.513685124344,,0.0
2018-09-30,US_SECTOR_ENERGY,US,sector,ENERGY,1000.0,44000.0,54723.07630380662,,0.0
2018-10-31,US_SECTOR_ENERGY,US,sector,ENERGY,1000.0,45000.0,51006.031759296326,,-0.06792462696859995
2018-11-30,US_SECTOR_ENERGY,US,sector,ENERGY,1000.0,46000.0,51883.063997054225,,-0.0518978920517091
2018-12-31,US_SECTOR_ENERGY,US,sector,ENERGY,0.0,46000.0,47161.96439364353,,-0.13817044692783706
2019-01-31,US_SECTOR_ENERGY,US,sector,ENERGY,1000.0,47000.0,51648.929235728356,,-0.0561764300495735
2019-02-28,US_SECTOR_ENERGY,US,sector,ENERGY,1000.0,48000.0,54537.68294767588,,-0.003387846017674374
2019-03-31,US_SECTOR_ENERGY,US,sector,ENERGY,1000.0,49000.0,56083.0390626876,,0.0
2019-04-30,US_SECTOR_ENERGY,US,sector,ENERGY,1000.0,50000.0,55320.29907672931,,-0.013600189980891218
2019-05-31,US_SECTOR_ENERGY,US,sector,ENERGY,1000.0,51000.0,52006.07273968587,,-0.07269517471128206
2019-06-30,US_SECTOR_ENERGY,US,sector,ENERGY,1000.0,52000.0,56616.56885545763,,0.0
2019-07-31,US_SECTOR_ENERGY,US,sector,ENERGY,1000.0,53000.0,56271.345053389305,,-0.006097575480945992
2019-08-31,US_SECTOR_ENERGY,US,sector,ENERGY,1000.0,54000.0,52777.936674089884,,-0.0678005089140565
2019-09-30,US_SECTOR_ENERGY,US,sector,ENERGY,1000.0,55000.0,56074.65299518494,,-0.009571683187941155
2019-10-31,US_SECTOR_ENERGY,US,sector,ENERGY,1000.0,56000.0,55349.89103307975,,-0.022372917468942995
2019-11-30,US_SECTOR_ENERGY,US,sector,ENERGY,1000.0,57000.0,58308.375738344184,,0.0
2019-12-31,US_SECTOR_ENERGY,US,sector,ENERGY,1000.0,58000.0,62178.64332219604,,0.0
2020-01-31,US_SECTOR_ENERGY,US,sector,ENERGY,0.0,58000.0,55891.101265594014,,-0.10112060541464964
2020-02-29,US_SECTOR_ENERGY,US,sector,ENERGY,1000.0,59000.0,47672.436739522695,,-0.23329885966641917
2020-03-31,US_SECTOR_ENERGY,US,sector,ENERGY,1000.0,60000.0,34704.91873400541,,-0.4418514641084695
2020-04-30,US_SECTOR_ENERGY,US,sector,ENERGY,1000.0,61000.0,46100.18199927411,,-0.2585849491698763
2020-05-31,US_SECTOR_ENERGY,US,sector,ENERGY,1000.0,62000.0,46822.09623270132,,-0.2469746245494691
2020-06-30,US_SECTOR_ENERGY,US,sector,ENERGY,1000.0,63000.0,47008.022849742105,,-0.243984423941885
2020-07-31,US_SECTOR_ENERGY,US,sector,ENERGY,1000.0,64000.0,44279.497390805096,,-0.2878664598492687
2020-08-31,US_SECTOR_ENERGY,US,sector,ENERGY,1000.0,64999.99999999999,44826.438545141675,,-0.27907017345391505
2020-09-30,US_SECTOR_ENERGY,US,sector,ENERGY,1000.0,66000.0,39492.46854125381,,-0.3648547727776476
2020-10-31,US_SECTOR_ENERGY,US,sector,ENERGY,1000.0,67000.0,37567.68406175766,,-0.3958104896710243
2020-11-30,US_SECTOR_ENERGY,US,sector,ENERGY,1000.0,68000.0,49116.803860825836,,-0.2100695474117476
2020-12-31,US_SECTOR_ENERGY,US,sector,ENERGY,1000.0,69000.0,50719.43937964343,,-0.1842948531889565
2021-01-31,US_SECTOR_ENERGY,US,sector,ENERGY,1000.0,70000.0,53058.98355316745,,-0.14666868367925823
2021-02-28,US_SECTOR_ENERGY,US,sector,ENERGY,1000.0,71000.0,66415.4139870707,,0.0
2021-03-31,US_SECTOR_ENERGY,US,sector,ENERGY,1000.0,72000.0,69477.93056763567,,0.0
2021-04-30,US_SECTOR_ENERGY,US,sector,ENERGY,1000.0,73000.0,69676.30091277414,,0.0
2021-05-31,US_SECTOR_ENERGY,US,sector,ENERGY,1000.0,74000.0,73488.81788801766,,0.0
2021-06-30,US_SECTOR_ENERGY,US,sector,ENERGY,1000.0,75000.0,78985.17405070749,,0.0
2021-07-31,US_SECTOR_ENERGY,US,sector,ENERGY,1000.0,76000.0,74787.7863588256,,-0.05314146284196596
2021-08-31,US_SECTOR_ENERGY,US,sector,ENERGY,1000.0,77000.0,73122.92389604085,,-0.07421962697585677
2021-09-30,US_SECTOR_ENERGY,US,sector,ENERGY,1000.0,78000.0,83301.33360523888,,0.0
2021-10-31,US_SECTOR_ENERGY,US,sector,ENERGY,1000.0,79000.0,93319.32777359372,,0.0
2021-11-30,US_SECTOR_ENERGY,US,sector,ENERGY,1000.0,80000.0,89793.96439618687,,-0.03777741933546595
2021-12-31,US_SECTOR_ENERGY,US,sector,ENERGY,1000.0,81000.0,93576.88284669296,,0.0
2022-01-31,US_SECTOR_ENERGY,US,sector,ENERGY,1000.0,82000.0,113002.22751764627,,0.0
2022-02-28,US_SECTOR_ENERGY,US,sector,ENERGY,1000.0,83000.0,121732.13258528615,,0.0
2022-03-31,US_SECTOR_ENERGY,US,sector,ENERGY,1000.0,84000.0,132282.41809077407,,0.0
2022-04-30,US_SECTOR_ENERGY,US,sector,ENERGY,1000.0,85000.0,130257.96662640388,,-0.015304010114034783
2022-05-31,US_SECTOR_ENERGY,US,sector,ENERGY,1000.0,86000.0,149911.17916795844,,0.0
2022-06-30,US_SECTOR_ENERGY,US,sector,ENERGY,1000.0,87000.0,125805.04732476763,,-0.16080276318941253
2022-07-31,US_SECTOR_ENERGY,US,sector,ENERGY,1000.0,88000.0,141188.5534999024,,-0.058185291560433505
2022-08-31,US_SECTOR_ENERGY,US,sector,ENERGY,1000.0,89000.0,146783.87482475425,,-0.020861048259118817
2022-09-30,US_SECTOR_ENERGY,US,sector,ENERGY,1000.0,90000.0,136150.04933416544,,-0.09179522107804397
2022-10-31,US_SECTOR_ENERGY,US,sector,ENERGY,1000.0,91000.0,171382.05533526896,,0.0
2022-11-30,US_SECTOR_ENERGY,US,sector,ENERGY,1000.0,92000.0,171829.0170972088,,0.0
2022-12-31,US_SECTOR_ENERGY,US,sector,ENERGY,1000.0,93000.0,168181.28988727604,,-0.02122881962287618
2023-01-31,US_SECTOR_ENERGY,US,sector,ENERGY,1000.0,94000.0,172431.69822429336,,0.0
2023-02-28,US_SECTOR_ENERGY,US,sector,ENERGY,1000.0,95000.0,156114.7602492901,,-0.09462841312261938
2023-03-31,US_SECTOR_ENERGY,US,sector,ENERGY,1000.0,96000.0,155295.33011610713,,-0.09938061438040133
2023-04-30,US_SECTOR_ENERGY,US,sector,ENERGY,1000.0,97000.0,163953.8433379563,,-0.04916645241937685
2023-05-31,US_SECTOR_ENERGY,US,sector,ENERGY,1000.0,98000.0,150150.32408906834,,-0.12921855067646645
2023-06-30,US_SECTOR_ENERGY,US,sector,ENERGY,1000.0,99000.0,158023.46072047832,,-0.0835590999345914
2023-07-31,US_SECTOR_ENERGY,US,sector,ENERGY,1000.0,100000.0,169309.61094106478,,-0.018106225916579885
2023-08-31,US_SECTOR_ENERGY,US,sector,ENERGY,1000.0,101000.0,172174.66387529037,,-0.0014906444212400562
2023-09-30,US_SECTOR_ENERGY,US,sector,ENERGY,1000.0,102000.0,178922.6731149853,,0.0
2023-10-31,US_SECTOR_ENERGY,US,sector,ENERGY,1000.0,103000.0,166737.67915720784,,-0.0681020115876914
2023-11-30,US_SECTOR_ENERGY,US,sector,ENERGY,1000.0,104000.0,163630.56710268487,,-0.08546768135122197
2023-12-31,US_SECTOR_ENERGY,US,sector,ENERGY,1000.0,105000.0,165370.2282812763,,-0.07574470355134623
2024-01-31,US_SECTOR_ENERGY,US,sector,ENERGY,1000.0,106000.0,164611.74428706587,,-0.07998387559704323
2024-02-29,US_SECTOR_ENERGY,US,sector,ENERGY,1000.0,107000.0,168299.04607785807,,-0.059375521571265036
2024-03-31,US_SECTOR_ENERGY,US,sector,ENERGY,1000.0,108000.0,185975.87554251414,,0.0
2024-04-30,US_SECTOR_ENERGY,US,sector,ENERGY,1000.0,109000.0,188058.37337052086,,0.0
2024-05-31,US_SECTOR_ENERGY,US,sector,ENERGY,1000.0,110000.0,183199.57869697246,,-0.025836630331665104
2024-06-30,US_SECTOR_ENERGY,US,sector,ENERGY,1000.0,111000.0,179942.30115745903,,-0.043157196712912016
2024-07-31,US_SECTOR_ENERGY,US,sector,ENERGY,1000.0,112000.0,182013.09249568198,,-0.032145768180862656
2024-08-31,US_SECTOR_ENERGY,US,sector,ENERGY,1000.0,113000.0,180247.52412112654,,-0.0415341742534646
2024-09-30,US_SECTOR_ENERGY,US,sector,ENERGY,1000.0,114000.0,175278.33636414493,,-0.06795781957124633
2024-10-31,US_SECTOR_ENERGY,US,sector,ENERGY,1000.0,115000.0,179249.6109767509,,-0.04684057527401103
2024-11-30,US_SECTOR_ENERGY,US,sector,ENERGY,1000.0,116000.0,184462.72177219906,,-0.019119869718523447
2024-12-31,US_SECTOR_ENERGY,US,sector,ENERGY,1000.0,117000.0,168417.6722099804,,-0.10443938660387903
2025-01-31,US_SECTOR_ENERGY,US,sector,ENERGY,0.0,117000.0,169290.55576489607,,-0.09979783015908371
2025-02-28,US_SECTOR_ENERGY,US,sector,ENERGY,1000.0,118000.0,176024.44170372363,,-0.06399040601658003
2025-03-31,US_SECTOR_ENERGY,US,sector,ENERGY,1000.0,119000.0,187863.357336696,,-0.0010369973446522599
2025-04-30,US_SECTOR_ENERGY,US,sector,ENERGY,1000.0,120000.0,160704.71105581152,,-0.14545304111939727
2025-05-31,US_SECTOR_ENERGY,US,sector,ENERGY,1000.0,121000.0,157693.48346541292,,-0.16146523742009455
2025-06-30,US_SECTOR_ENERGY,US,sector,ENERGY,1000.0,122000.0,166770.36278960085,,-0.11319895093943746
2025-07-31,US_SECTOR_ENERGY,US,sector,ENERGY,1000.0,123000.0,176497.3688048718,,-0.061475617163140386
2025-08-31,US_SECTOR_ENERGY,US,sector,ENERGY,1000.0,124000.0,184531.80584623193,,-0.01875251530194153
2025-09-30,US_SECTOR_ENERGY,US,sector,ENERGY,1000.0,125000.0,179868.50999215693,,-0.04354958107729612
2025-10-31,US_SECTOR_ENERGY,US,sector,ENERGY,1000.0,126000.0,178743.83194045856,,-0.04953005422263425
2025-11-30,US_SECTOR_ENERGY,US,sector,ENERGY,1000.0,127000.0,178117.0594612338,,-0.05286291554644183
2025-12-31,US_SECTOR_ENERGY,US,sector,ENERGY,1000.0,128000.0,185365.90160090197,,-0.014317212902368686
2026-01-31,US_SECTOR_ENERGY,US,sector,ENERGY,1000.0,128999.99999999999,214200.62643442594,,0.0
2026-02-28,US_SECTOR_ENERGY,US,sector,ENERGY,1000.0,129999.99999999999,231324.34060043178,,0.0
2026-03-31,US_SECTOR_ENERGY,US,sector,ENERGY,1000.0,130999.99999999999,262137.77754514798,,0.0
2026-04-30,US_SECTOR_ENERGY,US,sector,ENERGY,1000.0,132000.0,236423.27453129497,,-0.09809537280228221
2015-01-31,US_SECTOR_MATERIALS,US,sector,MATERIALS,1000.0,1000.0,979.9335797540983,,0.0
2015-02-28,US_SECTOR_MATERIALS,US,sector,MATERIALS,1000.0,2000.0,2086.5223844073666,,0.0
2015-03-31,US_SECTOR_MATERIALS,US,sector,MATERIALS,1000.0,3000.0,2992.5173373571643,,0.0
2015-04-30,US_SECTOR_MATERIALS,US,sector,MATERIALS,1000.0,4000.0,3984.1624543319554,,0.0
2015-05-31,US_SECTOR_MATERIALS,US,sector,MATERIALS,1000.0,5000.0,5028.713405261216,,0.0
2015-06-30,US_SECTOR_MATERIALS,US,sector,MATERIALS,1000.0,6000.0,5866.324257790943,,0.0
2015-07-31,US_SECTOR_MATERIALS,US,sector,MATERIALS,1000.0,7000.0,6695.574755556588,,0.0
2015-08-31,US_SECTOR_MATERIALS,US,sector,MATERIALS,1000.0,8000.0,7204.125622449141,,0.0
2015-09-30,US_SECTOR_MATERIALS,US,sector,MATERIALS,1000.0,9000.0,7619.024645172613,,0.0
2015-10-31,US_SECTOR_MATERIALS,US,sector,MATERIALS,1000.0,10000.0,9252.428545464278,,0.0
2015-11-30,US_SECTOR_MATERIALS,US,sector,MATERIALS,1000.0,11000.0,10412.828260501145,,0.0
2015-12-31,US_SECTOR_MATERIALS,US,sector,MATERIALS,1000.0,12000.0,10642.939462931452,,0.0
2016-01-31,US_SECTOR_MATERIALS,US,sector,MATERIALS,1000.0,13000.0,11246.973512776827,,0.0
2016-02-29,US_SECTOR_MATERIALS,US,sector,MATERIALS,1000.0,14000.0,12886.557812197723,,0.0
2016-03-31,US_SECTOR_MATERIALS,US,sector,MATERIALS,1000.0,15000.0,15230.050556693353,,0.0
2016-04-30,US_SECTOR_MATERIALS,US,sector,MATERIALS,1000.0,16000.0,16489.222527772632,,0.0
2016-05-31,US_SECTOR_MATERIALS,US,sector,MATERIALS,1000.0,17000.0,16817.158579949803,,0.0
2016-06-30,US_SECTOR_MATERIALS,US,sector,MATERIALS,1000.0,18000.0,17938.41162382336,,0.0
2016-07-31,US_SECTOR_MATERIALS,US,sector,MATERIALS,1000.0,19000.0,19918.1138703559,,0.0
2016-08-31,US_SECTOR_MATERIALS,US,sector,MATERIALS,1000.0,20000.0,21127.730736382036,,0.0
2016-09-30,US_SECTOR_MATERIALS,US,sector,MATERIALS,1000.0,21000.0,21713.341440805845,,0.0
2016-10-31,US_SECTOR_MATERIALS,US,sector,MATERIALS,1000.0,22000.0,21969.537257918702,,0.0
2016-11-30,US_SECTOR_MATERIALS,US,sector,MATERIALS,1000.0,23000.0,23451.33505934808,,0.0
2016-12-31,US_SECTOR_MATERIALS,US,sector,MATERIALS,1000.0,24000.0,24343.38655269971,,0.0
2017-01-31,US_SECTOR_MATERIALS,US,sector,MATERIALS,1000.0,25000.0,27151.639089927638,,0.0
2017-02-28,US_SECTOR_MATERIALS,US,sector,MATERIALS,1000.0,26000.0,27888.277391707077,,0.0
2017-03-31,US_SECTOR_MATERIALS,US,sector,MATERIALS,1000.0,27000.0,29266.999430149845,,0.0
2017-04-30,US_SECTOR_MATERIALS,US,sector,MATERIALS,1000.0,28000.0,31693.015286937185,,0.0
2017-05-31,US_SECTOR_MATERIALS,US,sector,MATERIALS,1000.0,29000.0,32632.101894541127,,0.0
2017-06-30,US_SECTOR_MATERIALS,US,sector,MATERIALS,1000.0,30000.0,35033.1621664412,,0.0
2017-07-31,US_SECTOR_MATERIALS,US,sector,MATERIALS,1000.0,31000.0,35493.539767890834,,0.0
2017-08-31,US_SECTOR_MATERIALS,US,sector,MATERIALS,1000.0,32000.0,36427.400878738605,,0.0
2017-09-30,US_SECTOR_MATERIALS,US,sector,MATERIALS,1000.0,33000.0,38766.0431520869,,0.0
2017-10-31,US_SECTOR_MATERIALS,US,sector,MATERIALS,1000.0,34000.0,41151.190775461924,,0.0
2017-11-30,US_SECTOR_MATERIALS,US,sector,MATERIALS,1000.0,35000.0,42713.262002649746,,0.0
2017-12-31,US_SECTOR_MATERIALS,US,sector,MATERIALS,1000.0,36000.0,44170.39299363465,,0.0
2018-01-31,US_SECTOR_MATERIALS,US,sector,MATERIALS,1000.0,37000.0,46755.29157971985,,0.0
2018-02-28,US_SECTOR_MATERIALS,US,sector,MATERIALS,1000.0,38000.0,44526.8159523485,,-0.04766253298991196
2018-03-31,US_SECTOR_MATERIALS,US,sector,MATERIALS,1000.0,39000.0,44575.59307190339,,-0.0466192902272885
2018-04-30,US_SECTOR_MATERIALS,US,sector,MATERIALS,1000.0,40000.0,45059.048512496614,,-0.03627916776716207
2018-05-31,US_SECTOR_MATERIALS,US,sector,MATERIALS,1000.0,41000.0,46785.78378500898,,0.0
2018-06-30,US_SECTOR_MATERIALS,US,sector,MATERIALS,1000.0,42000.0,49821.71115921576,,0.0
2018-07-31,US_SECTOR_MATERIALS,US,sector,MATERIALS,0.0,42000.0,53199.83522394737,,0.0
2018-08-31,US_SECTOR_MATERIALS,US,sector,MATERIALS,1000.0,43000.0,53502.54510860684,,0.0
2018-09-30,US_SECTOR_MATERIALS,US,sector,MATERIALS,1000.0,44000.0,54745.55484969028,,0.0
2018-10-31,US_SECTOR_MATERIALS,US,sector,MATERIALS,1000.0,45000.0,51419.58828188943,,-0.060753180361997235
2018-11-30,US_SECTOR_MATERIALS,US,sector,MATERIALS,1000.0,46000.0,53217.70872127901,,-0.027908131219167187
2018-12-31,US_SECTOR_MATERIALS,US,sector,MATERIALS,0.0,46000.0,51030.89115415687,,-0.06785324773367286
2019-01-31,US_SECTOR_MATERIALS,US,sector,MATERIALS,1000.0,47000.0,54928.68355921519,,0.0
2019-02-28,US_SECTOR_MATERIALS,US,sector,MATERIALS,1000.0,48000.0,57215.21907190694,,0.0
2019-03-31,US_SECTOR_MATERIALS,US,sector,MATERIALS,1000.0,49000.0,58226.08862784281,,0.0
2019-04-30,US_SECTOR_MATERIALS,US,sector,MATERIALS,1000.0,50000.0,60994.18907603665,,0.0
2019-05-31,US_SECTOR_MATERIALS,US,sector,MATERIALS,1000.0,51000.0,59621.95319385608,,-0.02249781336497334
2019-06-30,US_SECTOR_MATERIALS,US,sector,MATERIALS,1000.0,52000.0,65576.11334422829,,0.0
2019-07-31,US_SECTOR_MATERIALS,US,sector,MATERIALS,1000.0,53000.0,67503.46898812972,,0.0
2019-08-31,US_SECTOR_MATERIALS,US,sector,MATERIALS,1000.0,54000.0,69196.44931313366,,0.0
2019-09-30,US_SECTOR_MATERIALS,US,sector,MATERIALS,1000.0,55000.0,72366.03730193384,,0.0
2019-10-31,US_SECTOR_MATERIALS,US,sector,MATERIALS,1000.0,56000.0,75127.88816294582,,0.0
2019-11-30,US_SECTOR_MATERIALS,US,sector,MATERIALS,1000.0,57000.0,77812.01640546198,,0.0
2019-12-31,US_SECTOR_MATERIALS,US,sector,MATERIALS,1000.0,58000.0,79936.46881572164,,0.0
2020-01-31,US_SECTOR_MATERIALS,US,sector,MATERIALS,0.0,58000.0,77329.07774581085,,-0.032618291857770695
2020-02-29,US_SECTOR_MATERIALS,US,sector,MATERIALS,1000.0,59000.0,73176.09637974619,,-0.0845718172960606
2020-03-31,US_SECTOR_MATERIALS,US,sector,MATERIALS,1000.0,60000.0,66559.17822109284,,-0.1673490309594187
2020-04-30,US_SECTOR_MATERIALS,US,sector,MATERIALS,1000.0,61000.0,73823.45638457316,,-0.07647338594904503
2020-05-31,US_SECTOR_MATERIALS,US,sector,MATERIALS,1000.0,62000.0,81456.73857961611,,0.0
2020-06-30,US_SECTOR_MATERIALS,US,sector,MATERIALS,1000.0,63000.0,83627.62031366551,,0.0
2020-07-31,US_SECTOR_MATERIALS,US,sector,MATERIALS,1000.0,64000.0,94285.5145992195,,0.0
2020-08-31,US_SECTOR_MATERIALS,US,sector,MATERIALS,1000.0,64999.99999999999,97653.54861853726,,0.0
2020-09-30,US_SECTOR_MATERIALS,US,sector,MATERIALS,1000.0,66000.0,99318.47876024536,,0.0
2020-10-31,US_SECTOR_MATERIALS,US,sector,MATERIALS,1000.0,67000.0,97501.71503413739,,-0.018292303192577384
2020-11-30,US_SECTOR_MATERIALS,US,sector,MATERIALS,1000.0,68000.0,108717.08853916227,,0.0
2020-12-31,US_SECTOR_MATERIALS,US,sector,MATERIALS,1000.0,69000.0,110944.85327766437,,0.0
2021-01-31,US_SECTOR_MATERIALS,US,sector,MATERIALS,1000.0,70000.0,107142.57270470637,,-0.03427180676368952
2021-02-28,US_SECTOR_MATERIALS,US,sector,MATERIALS,1000.0,71000.0,108623.31649720305,,-0.020925141742728286
2021-03-31,US_SECTOR_MATERIALS,US,sector,MATERIALS,1000.0,72000.0,119876.66311410695,,0.0
2021-04-30,US_SECTOR_MATERIALS,US,sector,MATERIALS,1000.0,73000.0,128851.92825285159,,0.0
2021-05-31,US_SECTOR_MATERIALS,US,sector,MATERIALS,1000.0,74000.0,134876.72090945105,,0.0
2021-06-30,US_SECTOR_MATERIALS,US,sector,MATERIALS,1000.0,75000.0,131922.15519632088,,-0.021905675740098298
2021-07-31,US_SECTOR_MATERIALS,US,sector,MATERIALS,1000.0,76000.0,139282.39413566783,,0.0
2021-08-31,US_SECTOR_MATERIALS,US,sector,MATERIALS,1000.0,77000.0,144185.6924838957,,0.0
2021-09-30,US_SECTOR_MATERIALS,US,sector,MATERIALS,1000.0,78000.0,134848.08896388707,,-0.06476095761756354
2021-10-31,US_SECTOR_MATERIALS,US,sector,MATERIALS,1000.0,79000.0,146498.1531836673,,0.0
2021-11-30,US_SECTOR_MATERIALS,US,sector,MATERIALS,1000.0,80000.0,149800.11374680756,,0.0
2021-12-31,US_SECTOR_MATERIALS,US,sector,MATERIALS,1000.0,81000.0,161213.56651826343,,0.0
2022-01-31,US_SECTOR_MATERIALS,US,sector,MATERIALS,1000.0,82000.0,142506.6530467643,,-0.11603808460735149
2022-02-28,US_SECTOR_MATERIALS,US,sector,MATERIALS,1000.0,83000.0,132190.64725502295,,-0.18002777241425616
2022-03-31,US_SECTOR_MATERIALS,US,sector,MATERIALS,1000.0,84000.0,135397.40165334652,,-0.16013642910128328
2022-04-30,US_SECTOR_MATERIALS,US,sector,MATERIALS,1000.0,85000.0,138679.94285247134,,-0.1397749839076931
2022-05-31,US_SECTOR_MATERIALS,US,sector,MATERIALS,1000.0,86000.0,141032.75213150762,,-0.12518062110157202
2022-06-30,US_SECTOR_MATERIALS,US,sector,MATERIALS,1000.0,87000.0,124386.08744414477,,-0.22843908158279333
2022-07-31,US_SECTOR_MATERIALS,US,sector,MATERIALS,1000.0,88000.0,132077.4224043763,,-0.18073010071758683
2022-08-31,US_SECTOR_MATERIALS,US,sector,MATERIALS,1000.0,89000.0,126885.57861222189,,-0.21293485807320453
2022-09-30,US_SECTOR_MATERIALS,US,sector,MATERIALS,1000.0,90000.0,118845.76679638094,,-0.2628054241147426
2022-10-31,US_SECTOR_MATERIALS,US,sector,MATERIALS,1000.0,91000.0,130313.20312960724,,-0.19167346803381818
2022-11-30,US_SECTOR_MATERIALS,US,sector,MATERIALS,1000.0,92000.0,145462.99365823434,,-0.09770004597128464
2022-12-31,US_SECTOR_MATERIALS,US,sector,MATERIALS,1000.0,93000.0,140780.76384631387,,-0.1267436923159614
2023-01-31,US_SECTOR_MATERIALS,US,sector,MATERIALS,1000.0,94000.0,145335.5727208757,,-0.09849043191776885
2023-02-28,US_SECTOR_MATERIALS,US,sector,MATERIALS,1000.0,95000.0,145420.44924964898,,-0.09796394689168597
2023-03-31,US_SECTOR_MATERIALS,US,sector,MATERIALS,1000.0,96000.0,149776.36526806623,,-0.07094440931496608
2023-04-30,US_SECTOR_MATERIALS,US,sector,MATERIALS,1000.0,97000.0,157445.45403979893,,-0.02337342048714997
2023-05-31,US_SECTOR_MATERIALS,US,sector,MATERIALS,1000.0,98000.0,153164.4729678461,,-0.04992814019473653
2023-06-30,US_SECTOR_MATERIALS,US,sector,MATERIALS,1000.0,99000.0,170633.47325217703,,0.0
2023-07-31,US_SECTOR_MATERIALS,US,sector,MATERIALS,1000.0,100000.0,177318.1813229798,,0.0
2023-08-31,US_SECTOR_MATERIALS,US,sector,MATERIALS,1000.0,101000.0,177321.76482061556,,0.0
2023-09-30,US_SECTOR_MATERIALS,US,sector,MATERIALS,1000.0,102000.0,168058.81464157166,,-0.0522380892634054
2023-10-31,US_SECTOR_MATERIALS,US,sector,MATERIALS,1000.0,103000.0,165762.04932780864,,-0.06519061833442219
2023-11-30,US_SECTOR_MATERIALS,US,sector,MATERIALS,1000.0,104000.0,184917.05877629083,,0.0
2023-12-31,US_SECTOR_MATERIALS,US,sector,MATERIALS,1000.0,105000.0,195243.18131656665,,0.0
2024-01-31,US_SECTOR_MATERIALS,US,sector,MATERIALS,1000.0,106000.0,194594.492084818,,-0.003322468049201068
2024-02-29,US_SECTOR_MATERIALS,US,sector,MATERIALS,1000.0,107000.0,209446.7484237838,,0.0
2024-03-31,US_SECTOR_MATERIALS,US,sector,MATERIALS,1000.0,108000.0,220671.2300254124,,0.0
2024-04-30,US_SECTOR_MATERIALS,US,sector,MATERIALS,1000.0,109000.0,202629.28625145718,,-0.08175938373061827
2024-05-31,US_SECTOR_MATERIALS,US,sector,MATERIALS,1000.0,110000.0,202578.8727886316,,-0.08198783880752059
2024-06-30,US_SECTOR_MATERIALS,US,sector,MATERIALS,1000.0,111000.0,200078.89343635738,,-0.09331681609190114
2024-07-31,US_SECTOR_MATERIALS,US,sector,MATERIALS,1000.0,112000.0,217046.5748864183,,-0.016425589953781867
2024-08-31,US_SECTOR_MATERIALS,US,sector,MATERIALS,1000.0,113000.0,226954.46913941207,,0.0
2024-09-30,US_SECTOR_MATERIALS,US,sector,MATERIALS,1000.0,114000.0,230704.77083823556,,0.0
2024-10-31,US_SECTOR_MATERIALS,US,sector,MATERIALS,1000.0,115000.0,219413.52914605936,,-0.04894238489802771
2024-11-30,US_SECTOR_MATERIALS,US,sector,MATERIALS,1000.0,116000.0,231964.11975376995,,0.0
2024-12-31,US_SECTOR_MATERIALS,US,sector,MATERIALS,1000.0,117000.0,210035.75179056273,,-0.0945334476145888
2025-01-31,US_SECTOR_MATERIALS,US,sector,MATERIALS,0.0,117000.0,221084.36174139852,,-0.046902762478612206
2025-02-28,US_SECTOR_MATERIALS,US,sector,MATERIALS,1000.0,118000.0,228204.80978312035,,-0.016206428712509977
2025-03-31,US_SECTOR_MATERIALS,US,sector,MATERIALS,1000.0,119000.0,224057.97202754038,,-0.034083494182729414
2025-04-30,US_SECTOR_MATERIALS,US,sector,MATERIALS,1000.0,120000.0,224952.77178358074,,-0.0302260020973578
2025-05-31,US_SECTOR_MATERIALS,US,sector,MATERIALS,1000.0,121000.0,232376.5957279691,,0.0
2025-06-30,US_SECTOR_MATERIALS,US,sector,MATERIALS,1000.0,122000.0,230062.1899738214,,-0.009959719682170833
2025-07-31,US_SECTOR_MATERIALS,US,sector,MATERIALS,1000.0,123000.0,230981.11161524765,,-0.006005269628594952
2025-08-31,US_SECTOR_MATERIALS,US,sector,MATERIALS,1000.0,124000.0,245890.52839804604,,0.0
2025-09-30,US_SECTOR_MATERIALS,US,sector,MATERIALS,1000.0,125000.0,240927.9280515819,,-0.020182153329756213
2025-10-31,US_SECTOR_MATERIALS,US,sector,MATERIALS,1000.0,126000.0,232805.11743747295,,-0.05321640913061324
2025-11-30,US_SECTOR_MATERIALS,US,sector,MATERIALS,1000.0,127000.0,233635.54839896518,,-0.04983917062166205
2025-12-31,US_SECTOR_MATERIALS,US,sector,MATERIALS,1000.0,128000.0,235101.18752111433,,-0.04387863553437075
2026-01-31,US_SECTOR_MATERIALS,US,sector,MATERIALS,1000.0,128999.99999999999,253619.93703040166,,0.0
2026-02-28,US_SECTOR_MATERIALS,US,sector,MATERIALS,1000.0,129999.99999999999,267879.8391278915,,0.0
2026-03-31,US_SECTOR_MATERIALS,US,sector,MATERIALS,1000.0,130999.99999999999,252024.76538506255,,-0.05918726020758667
2026-04-30,US_SECTOR_MATERIALS,US,sector,MATERIALS,1000.0,132000.0,263495.0102352383,,-0.016368640906043758
2015-01-31,US_SECTOR_UTILITIES,US,sector,UTILITIES,1000.0,1000.0,1022.7314511938856,,0.0
2015-02-28,US_SECTOR_UTILITIES,US,sector,UTILITIES,1000.0,2000.0,1853.0633211645995,,0.0
2015-03-31,US_SECTOR_UTILITIES,US,sector,UTILITIES,1000.0,3000.0,2823.686817848712,,0.0
2015-04-30,US_SECTOR_UTILITIES,US,sector,UTILITIES,1000.0,4000.0,3797.0218345761077,,0.0
2015-05-31,US_SECTOR_UTILITIES,US,sector,UTILITIES,1000.0,5000.0,4768.444274928893,,0.0
2015-06-30,US_SECTOR_UTILITIES,US,sector,UTILITIES,1000.0,6000.0,5486.9832076519015,,0.0
2015-07-31,US_SECTOR_UTILITIES,US,sector,UTILITIES,1000.0,7000.0,6899.250654454292,,0.0
2015-08-31,US_SECTOR_UTILITIES,US,sector,UTILITIES,1000.0,8000.0,7527.149521143125,,0.0
2015-09-30,US_SECTOR_UTILITIES,US,sector,UTILITIES,1000.0,9000.0,8647.81505832032,,0.0
2015-10-31,US_SECTOR_UTILITIES,US,sector,UTILITIES,1000.0,10000.0,9808.115494977323,,0.0
2015-11-30,US_SECTOR_UTILITIES,US,sector,UTILITIES,1000.0,11000.0,10478.399257443167,,0.0
2015-12-31,US_SECTOR_UTILITIES,US,sector,UTILITIES,1000.0,12000.0,12024.340878219606,,0.0
2016-01-31,US_SECTOR_UTILITIES,US,sector,UTILITIES,1000.0,13000.0,13785.754944648112,,0.0
2016-02-29,US_SECTOR_UTILITIES,US,sector,UTILITIES,1000.0,14000.0,14679.414401237054,,0.0
2016-03-31,US_SECTOR_UTILITIES,US,sector,UTILITIES,1000.0,15000.0,16773.19869079297,,0.0
2016-04-30,US_SECTOR_UTILITIES,US,sector,UTILITIES,1000.0,16000.0,17427.633013146777,,0.0
2016-05-31,US_SECTOR_UTILITIES,US,sector,UTILITIES,1000.0,17000.0,18439.186796622875,,0.0
2016-06-30,US_SECTOR_UTILITIES,US,sector,UTILITIES,1000.0,18000.0,21166.320408027055,,0.0
2016-07-31,US_SECTOR_UTILITIES,US,sector,UTILITIES,1000.0,19000.0,21997.80089526718,,0.0
2016-08-31,US_SECTOR_UTILITIES,US,sector,UTILITIES,1000.0,20000.0,21720.41698306967,,-0.012609620094215405
2016-09-30,US_SECTOR_UTILITIES,US,sector,UTILITIES,1000.0,21000.0,22812.015915382937,,0.0
2016-10-31,US_SECTOR_UTILITIES,US,sector,UTILITIES,1000.0,22000.0,24263.13850128919,,0.0
2016-11-30,US_SECTOR_UTILITIES,US,sector,UTILITIES,1000.0,23000.0,22935.101285513192,,-0.05473476630838322
2016-12-31,US_SECTOR_UTILITIES,US,sector,UTILITIES,1000.0,24000.0,25113.797506731946,,0.0
2017-01-31,US_SECTOR_UTILITIES,US,sector,UTILITIES,1000.0,25000.0,26580.023346120266,,0.0
2017-02-28,US_SECTOR_UTILITIES,US,sector,UTILITIES,1000.0,26000.0,28863.899216224476,,0.0
2017-03-31,US_SECTOR_UTILITIES,US,sector,UTILITIES,1000.0,27000.0,29402.504359097653,,0.0
2017-04-30,US_SECTOR_UTILITIES,US,sector,UTILITIES,1000.0,28000.0,30894.6790388712,,0.0
2017-05-31,US_SECTOR_UTILITIES,US,sector,UTILITIES,1000.0,29000.0,33136.31262201737,,0.0
2017-06-30,US_SECTOR_UTILITIES,US,sector,UTILITIES,1000.0,30000.0,33177.836564153586,,0.0
2017-07-31,US_SECTOR_UTILITIES,US,sector,UTILITIES,1000.0,31000.0,34936.76706853158,,0.0
2017-08-31,US_SECTOR_UTILITIES,US,sector,UTILITIES,1000.0,32000.0,36716.565241927194,,0.0
2017-09-30,US_SECTOR_UTILITIES,US,sector,UTILITIES,1000.0,33000.0,37056.786029053306,,0.0
2017-10-31,US_SECTOR_UTILITIES,US,sector,UTILITIES,1000.0,34000.0,40248.399181794455,,0.0
2017-11-30,US_SECTOR_UTILITIES,US,sector,UTILITIES,1000.0,35000.0,41427.51063395139,,0.0
2017-12-31,US_SECTOR_UTILITIES,US,sector,UTILITIES,1000.0,36000.0,40703.12060974898,,-0.017485724175006198
2018-01-31,US_SECTOR_UTILITIES,US,sector,UTILITIES,1000.0,37000.0,40309.782198381276,,-0.026980342735199062
2018-02-28,US_SECTOR_UTILITIES,US,sector,UTILITIES,1000.0,38000.0,39645.30768975717,,-0.043019793294884576
2018-03-31,US_SECTOR_UTILITIES,US,sector,UTILITIES,1000.0,39000.0,42634.25173986618,,0.0
2018-04-30,US_SECTOR_UTILITIES,US,sector,UTILITIES,1000.0,40000.0,44570.30635689009,,0.0
2018-05-31,US_SECTOR_UTILITIES,US,sector,UTILITIES,1000.0,41000.0,44917.728704948124,,0.0
2018-06-30,US_SECTOR_UTILITIES,US,sector,UTILITIES,1000.0,42000.0,46846.097095869416,,0.0
2018-07-31,US_SECTOR_UTILITIES,US,sector,UTILITIES,0.0,42000.0,48030.543514011544,,0.0
2018-08-31,US_SECTOR_UTILITIES,US,sector,UTILITIES,1000.0,43000.0,47813.45580689861,,-0.004519784521064331
2018-09-30,US_SECTOR_UTILITIES,US,sector,UTILITIES,1000.0,44000.0,48232.437325565894,,0.0
2018-10-31,US_SECTOR_UTILITIES,US,sector,UTILITIES,1000.0,45000.0,50769.82058064145,,0.0
2018-11-30,US_SECTOR_UTILITIES,US,sector,UTILITIES,1000.0,46000.0,54782.79652374484,,0.0
2018-12-31,US_SECTOR_UTILITIES,US,sector,UTILITIES,0.0,46000.0,52272.359625930825,,-0.045825278319369805
2019-01-31,US_SECTOR_UTILITIES,US,sector,UTILITIES,1000.0,47000.0,55760.0952189698,,0.0
2019-02-28,US_SECTOR_UTILITIES,US,sector,UTILITIES,1000.0,48000.0,58609.758581086026,,0.0
2019-03-31,US_SECTOR_UTILITIES,US,sector,UTILITIES,1000.0,49000.0,61077.994202472655,,0.0
2019-04-30,US_SECTOR_UTILITIES,US,sector,UTILITIES,1000.0,50000.0,63010.3268819994,,0.0
2019-05-31,US_SECTOR_UTILITIES,US,sector,UTILITIES,1000.0,51000.0,63440.312317062875,,0.0
2019-06-30,US_SECTOR_UTILITIES,US,sector,UTILITIES,1000.0,52000.0,66533.74209748638,,0.0
2019-07-31,US_SECTOR_UTILITIES,US,sector,UTILITIES,1000.0,53000.0,67836.41861050391,,0.0
2019-08-31,US_SECTOR_UTILITIES,US,sector,UTILITIES,1000.0,54000.0,72566.02595515986,,0.0
2019-09-30,US_SECTOR_UTILITIES,US,sector,UTILITIES,1000.0,55000.0,77508.34262011558,,0.0
2019-10-31,US_SECTOR_UTILITIES,US,sector,UTILITIES,1000.0,56000.0,79226.48162859073,,0.0
2019-11-30,US_SECTOR_UTILITIES,US,sector,UTILITIES,1000.0,57000.0,77921.45798256162,,-0.016472063623208494
2019-12-31,US_SECTOR_UTILITIES,US,sector,UTILITIES,1000.0,58000.0,81515.1511331496,,0.0
2020-01-31,US_SECTOR_UTILITIES,US,sector,UTILITIES,0.0,58000.0,89411.30866874306,,0.0
2020-02-29,US_SECTOR_UTILITIES,US,sector,UTILITIES,1000.0,59000.0,82738.49352861055,,-0.0746305499772339
2020-03-31,US_SECTOR_UTILITIES,US,sector,UTILITIES,1000.0,60000.0,76730.2286134558,,-0.1418285924241303
2020-04-30,US_SECTOR_UTILITIES,US,sector,UTILITIES,1000.0,61000.0,78400.09999267214,,-0.12315230411027732
2020-05-31,US_SECTOR_UTILITIES,US,sector,UTILITIES,1000.0,62000.0,83405.76143166833,,-0.06716764720807833
2020-06-30,US_SECTOR_UTILITIES,US,sector,UTILITIES,1000.0,63000.0,78394.64955569175,,-0.12321326325584339
2020-07-31,US_SECTOR_UTILITIES,US,sector,UTILITIES,1000.0,64000.0,87945.35308566704,,-0.01639563948792195
2020-08-31,US_SECTOR_UTILITIES,US,sector,UTILITIES,1000.0,64999.99999999999,86474.27016961835,,-0.03284862443973443
2020-09-30,US_SECTOR_UTILITIES,US,sector,UTILITIES,1000.0,66000.0,90365.83698531502,,0.0
2020-10-31,US_SECTOR_UTILITIES,US,sector,UTILITIES,1000.0,67000.0,96088.696196869,,0.0
2020-11-30,US_SECTOR_UTILITIES,US,sector,UTILITIES,1000.0,68000.0,98541.84074778014,,0.0
2020-12-31,US_SECTOR_UTILITIES,US,sector,UTILITIES,1000.0,69000.0,102174.08280276295,,0.0
2021-01-31,US_SECTOR_UTILITIES,US,sector,UTILITIES,1000.0,70000.0,105050.56065015559,,0.0
2021-02-28,US_SECTOR_UTILITIES,US,sector,UTILITIES,1000.0,71000.0,97905.81446631739,,-0.06801245171486496
2021-03-31,US_SECTOR_UTILITIES,US,sector,UTILITIES,1000.0,72000.0,106038.01074854226,,0.0
2021-04-30,US_SECTOR_UTILITIES,US,sector,UTILITIES,1000.0,73000.0,111404.91582202776,,0.0
2021-05-31,US_SECTOR_UTILITIES,US,sector,UTILITIES,1000.0,74000.0,108406.00265880294,,-0.02691903800740408
2021-06-30,US_SECTOR_UTILITIES,US,sector,UTILITIES,1000.0,75000.0,107315.08565299583,,-0.036711397687024375
2021-07-31,US_SECTOR_UTILITIES,US,sector,UTILITIES,1000.0,76000.0,114948.3546224881,,0.0
2021-08-31,US_SECTOR_UTILITIES,US,sector,UTILITIES,1000.0,77000.0,120746.79274761732,,0.0
2021-09-30,US_SECTOR_UTILITIES,US,sector,UTILITIES,1000.0,78000.0,114001.33499368344,,-0.055864487995412916
2021-10-31,US_SECTOR_UTILITIES,US,sector,UTILITIES,1000.0,79000.0,121104.60666101167,,0.0
2021-11-30,US_SECTOR_UTILITIES,US,sector,UTILITIES,1000.0,80000.0,120848.40633657499,,-0.0021155291404712498
2021-12-31,US_SECTOR_UTILITIES,US,sector,UTILITIES,1000.0,81000.0,132750.38351061963,,0.0
2022-01-31,US_SECTOR_UTILITIES,US,sector,UTILITIES,1000.0,82000.0,123971.16045388088,,-0.06613331596165557
2022-02-28,US_SECTOR_UTILITIES,US,sector,UTILITIES,1000.0,83000.0,121036.75923168349,,-0.0882379694066879
2022-03-31,US_SECTOR_UTILITIES,US,sector,UTILITIES,1000.0,84000.0,134381.3044627061,,0.0
2022-04-30,US_SECTOR_UTILITIES,US,sector,UTILITIES,1000.0,85000.0,125885.08176538473,,-0.06322473748332494
2022-05-31,US_SECTOR_UTILITIES,US,sector,UTILITIES,1000.0,86000.0,132176.31742765015,,-0.016408436008804116
2022-06-30,US_SECTOR_UTILITIES,US,sector,UTILITIES,1000.0,87000.0,130196.24067049417,,-0.0311431996358792
2022-07-31,US_SECTOR_UTILITIES,US,sector,UTILITIES,1000.0,88000.0,140188.11101893467,,0.0
2022-08-31,US_SECTOR_UTILITIES,US,sector,UTILITIES,1000.0,89000.0,140646.33314999987,,0.0
2022-09-30,US_SECTOR_UTILITIES,US,sector,UTILITIES,1000.0,90000.0,126895.1210751827,,-0.09777156479544653
2022-10-31,US_SECTOR_UTILITIES,US,sector,UTILITIES,1000.0,91000.0,125826.5984684736,,-0.10536879525839445
2022-11-30,US_SECTOR_UTILITIES,US,sector,UTILITIES,1000.0,92000.0,135663.9602968032,,-0.035424832923891036
2022-12-31,US_SECTOR_UTILITIES,US,sector,UTILITIES,1000.0,93000.0,139156.91321952053,,-0.010589824115008185
2023-01-31,US_SECTOR_UTILITIES,US,sector,UTILITIES,1000.0,94000.0,131235.8358005712,,-0.06690894201551881
2023-02-28,US_SECTOR_UTILITIES,US,sector,UTILITIES,1000.0,95000.0,123867.49964007098,,-0.1192980516031954
2023-03-31,US_SECTOR_UTILITIES,US,sector,UTILITIES,1000.0,96000.0,134038.3889903869,,-0.04698269774701885
2023-04-30,US_SECTOR_UTILITIES,US,sector,UTILITIES,1000.0,97000.0,137985.8920210776,,-0.01891582289660482
2023-05-31,US_SECTOR_UTILITIES,US,sector,UTILITIES,1000.0,98000.0,130707.18590418642,,-0.07066765996105502
2023-06-30,US_SECTOR_UTILITIES,US,sector,UTILITIES,1000.0,99000.0,132737.91171925142,,-0.05622913341305591
2023-07-31,US_SECTOR_UTILITIES,US,sector,UTILITIES,1000.0,100000.0,135836.5884435038,,-0.03419744119006971
2023-08-31,US_SECTOR_UTILITIES,US,sector,UTILITIES,1000.0,101000.0,127191.94264366443,,-0.09566115379621228
2023-09-30,US_SECTOR_UTILITIES,US,sector,UTILITIES,1000.0,102000.0,118847.6444742205,,-0.15498938498830953
2023-10-31,US_SECTOR_UTILITIES,US,sector,UTILITIES,1000.0,103000.0,122535.74608665047,,-0.1287668626528243
2023-11-30,US_SECTOR_UTILITIES,US,sector,UTILITIES,1000.0,104000.0,127389.72984010557,,-0.09425488040101324
2023-12-31,US_SECTOR_UTILITIES,US,sector,UTILITIES,1000.0,105000.0,131499.1318850435,,-0.06503689829724077
2024-01-31,US_SECTOR_UTILITIES,US,sector,UTILITIES,1000.0,106000.0,129949.77557602839,,-0.07605287201169733
2024-02-29,US_SECTOR_UTILITIES,US,sector,UTILITIES,1000.0,107000.0,125130.43701648788,,-0.11031852580873354
2024-03-31,US_SECTOR_UTILITIES,US,sector,UTILITIES,1000.0,108000.0,138040.76238907786,,-0.018525692796719843
2024-04-30,US_SECTOR_UTILITIES,US,sector,UTILITIES,1000.0,109000.0,143318.00431501196,,0.0
2024-05-31,US_SECTOR_UTILITIES,US,sector,UTILITIES,1000.0,110000.0,161524.64619978543,,0.0
2024-06-30,US_SECTOR_UTILITIES,US,sector,UTILITIES,1000.0,111000.0,151905.3557270426,,-0.05955308183027995
2024-07-31,US_SECTOR_UTILITIES,US,sector,UTILITIES,1000.0,112000.0,165333.97838819193,,0.0
2024-08-31,US_SECTOR_UTILITIES,US,sector,UTILITIES,1000.0,113000.0,173653.49757824498,,0.0
2024-09-30,US_SECTOR_UTILITIES,US,sector,UTILITIES,1000.0,114000.0,181113.56304088052,,0.0
2024-10-31,US_SECTOR_UTILITIES,US,sector,UTILITIES,1000.0,115000.0,178292.2926900802,,-0.015577355463784305
2024-11-30,US_SECTOR_UTILITIES,US,sector,UTILITIES,1000.0,116000.0,178319.60289585462,,-0.015426564958005085
2024-12-31,US_SECTOR_UTILITIES,US,sector,UTILITIES,1000.0,117000.0,164673.89549926878,,-0.09076994160785747
2025-01-31,US_SECTOR_UTILITIES,US,sector,UTILITIES,0.0,117000.0,167568.0788296091,,-0.07479000459073279
2025-02-28,US_SECTOR_UTILITIES,US,sector,UTILITIES,1000.0,118000.0,173899.01889378086,,-0.0398343670455603
2025-03-31,US_SECTOR_UTILITIES,US,sector,UTILITIES,1000.0,119000.0,179030.31783243973,,-0.011502425182649408
2025-04-30,US_SECTOR_UTILITIES,US,sector,UTILITIES,1000.0,120000.0,176587.826476345,,-0.024988391198035035
2025-05-31,US_SECTOR_UTILITIES,US,sector,UTILITIES,1000.0,121000.0,177540.60258572074,,-0.019727735433890687
2025-06-30,US_SECTOR_UTILITIES,US,sector,UTILITIES,1000.0,122000.0,178915.19388636661,,-0.012138070267093638
2025-07-31,US_SECTOR_UTILITIES,US,sector,UTILITIES,1000.0,123000.0,184883.3949789822,,0.0
2025-08-31,US_SECTOR_UTILITIES,US,sector,UTILITIES,1000.0,124000.0,185566.12740733355,,0.0
2025-09-30,US_SECTOR_UTILITIES,US,sector,UTILITIES,1000.0,125000.0,191954.54133895255,,0.0
2025-10-31,US_SECTOR_UTILITIES,US,sector,UTILITIES,1000.0,126000.0,197890.89885690017,,0.0
2025-11-30,US_SECTOR_UTILITIES,US,sector,UTILITIES,1000.0,127000.0,200940.60844924801,,0.0
2025-12-31,US_SECTOR_UTILITIES,US,sector,UTILITIES,1000.0,128000.0,190571.79770527128,,-0.05160137029542043
2026-01-31,US_SECTOR_UTILITIES,US,sector,UTILITIES,1000.0,128999.99999999999,201896.1204338017,,0.0
2026-02-28,US_SECTOR_UTILITIES,US,sector,UTILITIES,1000.0,129999.99999999999,218653.38144659618,,0.0
2026-03-31,US_SECTOR_UTILITIES,US,sector,UTILITIES,1000.0,130999.99999999999,218258.5892930978,,-0.0018055616194292178
2026-04-30,US_SECTOR_UTILITIES,US,sector,UTILITIES,1000.0,132000.0,217401.93355672908,,-0.005723432592661487
2015-01-31,US_SECTOR_REAL_ESTATE,US,sector,REAL_ESTATE,1000.0,1000.0,999.4732837226283,,0.0
2015-02-28,US_SECTOR_REAL_ESTATE,US,sector,REAL_ESTATE,1000.0,2000.0,1986.763713580965,,0.0
2015-03-31,US_SECTOR_REAL_ESTATE,US,sector,REAL_ESTATE,1000.0,3000.0,3005.0887228109686,,0.0
2015-04-30,US_SECTOR_REAL_ESTATE,US,sector,REAL_ESTATE,1000.0,4000.0,4037.4382077338405,,0.0
2015-05-31,US_SECTOR_REAL_ESTATE,US,sector,REAL_ESTATE,1000.0,5000.0,5079.33927166666,,0.0
2015-06-30,US_SECTOR_REAL_ESTATE,US,sector,REAL_ESTATE,1000.0,6000.0,5844.019897409272,,0.0
2015-07-31,US_SECTOR_REAL_ESTATE,US,sector,REAL_ESTATE,1000.0,7000.0,7323.614847528937,,0.0
2015-08-31,US_SECTOR_REAL_ESTATE,US,sector,REAL_ESTATE,1000.0,8000.0,7965.841073778381,,0.0
2015-09-30,US_SECTOR_REAL_ESTATE,US,sector,REAL_ESTATE,1000.0,9000.0,8958.193563104189,,0.0
2015-10-31,US_SECTOR_REAL_ESTATE,US,sector,REAL_ESTATE,1000.0,10000.0,11048.303471194225,,0.0
2015-11-30,US_SECTOR_REAL_ESTATE,US,sector,REAL_ESTATE,1000.0,11000.0,11927.406628298071,,0.0
2015-12-31,US_SECTOR_REAL_ESTATE,US,sector,REAL_ESTATE,1000.0,12000.0,12919.934965122884,,0.0
2016-01-31,US_SECTOR_REAL_ESTATE,US,sector,REAL_ESTATE,1000.0,13000.0,13584.14236584336,,0.0
2016-02-29,US_SECTOR_REAL_ESTATE,US,sector,REAL_ESTATE,1000.0,14000.0,14248.329792583609,,0.0
2016-03-31,US_SECTOR_REAL_ESTATE,US,sector,REAL_ESTATE,1000.0,15000.0,16958.381752577014,,0.0
2016-04-30,US_SECTOR_REAL_ESTATE,US,sector,REAL_ESTATE,1000.0,16000.0,18246.65975804287,,0.0
2016-05-31,US_SECTOR_REAL_ESTATE,US,sector,REAL_ESTATE,1000.0,17000.0,20256.780211017853,,0.0
2016-06-30,US_SECTOR_REAL_ESTATE,US,sector,REAL_ESTATE,1000.0,18000.0,22521.86266799571,,0.0
2016-07-31,US_SECTOR_REAL_ESTATE,US,sector,REAL_ESTATE,1000.0,19000.0,24142.695409103275,,0.0
2016-08-31,US_SECTOR_REAL_ESTATE,US,sector,REAL_ESTATE,1000.0,20000.0,24664.86704405323,,0.0
2016-09-30,US_SECTOR_REAL_ESTATE,US,sector,REAL_ESTATE,1000.0,21000.0,25501.837369367815,,0.0
2016-10-31,US_SECTOR_REAL_ESTATE,US,sector,REAL_ESTATE,1000.0,22000.0,26504.910010254178,,0.0
2016-11-30,US_SECTOR_REAL_ESTATE,US,sector,REAL_ESTATE,1000.0,23000.0,25681.350302067658,,-0.03107196771722305
2016-12-31,US_SECTOR_REAL_ESTATE,US,sector,REAL_ESTATE,1000.0,24000.0,27819.721117524252,,0.0
2017-01-31,US_SECTOR_REAL_ESTATE,US,sector,REAL_ESTATE,1000.0,25000.0,28674.553610309475,,0.0
2017-02-28,US_SECTOR_REAL_ESTATE,US,sector,REAL_ESTATE,1000.0,26000.0,30812.263476686017,,0.0
2017-03-31,US_SECTOR_REAL_ESTATE,US,sector,REAL_ESTATE,1000.0,27000.0,33310.40993955557,,0.0
2017-04-30,US_SECTOR_REAL_ESTATE,US,sector,REAL_ESTATE,1000.0,28000.0,35774.20698960987,,0.0
2017-05-31,US_SECTOR_REAL_ESTATE,US,sector,REAL_ESTATE,1000.0,29000.0,38236.99792462201,,0.0
2017-06-30,US_SECTOR_REAL_ESTATE,US,sector,REAL_ESTATE,1000.0,30000.0,39634.96268977053,,0.0
2017-07-31,US_SECTOR_REAL_ESTATE,US,sector,REAL_ESTATE,1000.0,31000.0,42243.445771289196,,0.0
2017-08-31,US_SECTOR_REAL_ESTATE,US,sector,REAL_ESTATE,1000.0,32000.0,45620.12320068717,,0.0
2017-09-30,US_SECTOR_REAL_ESTATE,US,sector,REAL_ESTATE,1000.0,33000.0,44698.779264781304,,-0.020195998416154874
2017-10-31,US_SECTOR_REAL_ESTATE,US,sector,REAL_ESTATE,1000.0,34000.0,47324.00366932037,,0.0
2017-11-30,US_SECTOR_REAL_ESTATE,US,sector,REAL_ESTATE,1000.0,35000.0,48792.70220399126,,0.0
2017-12-31,US_SECTOR_REAL_ESTATE,US,sector,REAL_ESTATE,1000.0,36000.0,48834.19140790919,,0.0
2018-01-31,US_SECTOR_REAL_ESTATE,US,sector,REAL_ESTATE,1000.0,37000.0,50642.61531701607,,0.0
2018-02-28,US_SECTOR_REAL_ESTATE,US,sector,REAL_ESTATE,1000.0,38000.0,47146.61743527838,,-0.06903272786867752
2018-03-31,US_SECTOR_REAL_ESTATE,US,sector,REAL_ESTATE,1000.0,39000.0,50499.859511241695,,-0.0028188869172877653
2018-04-30,US_SECTOR_REAL_ESTATE,US,sector,REAL_ESTATE,1000.0,40000.0,51078.68063175796,,0.0
2018-05-31,US_SECTOR_REAL_ESTATE,US,sector,REAL_ESTATE,1000.0,41000.0,51193.76727629728,,0.0
2018-06-30,US_SECTOR_REAL_ESTATE,US,sector,REAL_ESTATE,1000.0,42000.0,54672.05849454591,,0.0
2018-07-31,US_SECTOR_REAL_ESTATE,US,sector,REAL_ESTATE,0.0,42000.0,55554.83656996937,,0.0
2018-08-31,US_SECTOR_REAL_ESTATE,US,sector,REAL_ESTATE,1000.0,43000.0,56988.62487626546,,0.0
2018-09-30,US_SECTOR_REAL_ESTATE,US,sector,REAL_ESTATE,1000.0,44000.0,57548.05312407939,,0.0
2018-10-31,US_SECTOR_REAL_ESTATE,US,sector,REAL_ESTATE,1000.0,45000.0,56567.07900219457,,-0.017046173912603824
2018-11-30,US_SECTOR_REAL_ESTATE,US,sector,REAL_ESTATE,1000.0,46000.0,59868.3488502494,,0.0
2018-12-31,US_SECTOR_REAL_ESTATE,US,sector,REAL_ESTATE,0.0,46000.0,54932.594692507046,,-0.08244346557958886
2019-01-31,US_SECTOR_REAL_ESTATE,US,sector,REAL_ESTATE,1000.0,47000.0,63074.72217460566,,0.0
2019-02-28,US_SECTOR_REAL_ESTATE,US,sector,REAL_ESTATE,1000.0,48000.0,66193.2084535487,,0.0
2019-03-31,US_SECTOR_REAL_ESTATE,US,sector,REAL_ESTATE,1000.0,49000.0,72125.08342701255,,0.0
2019-04-30,US_SECTOR_REAL_ESTATE,US,sector,REAL_ESTATE,1000.0,50000.0,74469.16943132429,,0.0
2019-05-31,US_SECTOR_REAL_ESTATE,US,sector,REAL_ESTATE,1000.0,51000.0,77943.73232653248,,0.0
2019-06-30,US_SECTOR_REAL_ESTATE,US,sector,REAL_ESTATE,1000.0,52000.0,81364.73787142451,,0.0
2019-07-31,US_SECTOR_REAL_ESTATE,US,sector,REAL_ESTATE,1000.0,53000.0,83461.81448161043,,0.0
2019-08-31,US_SECTOR_REAL_ESTATE,US,sector,REAL_ESTATE,1000.0,54000.0,90990.96653933599,,0.0
2019-09-30,US_SECTOR_REAL_ESTATE,US,sector,REAL_ESTATE,1000.0,55000.0,92219.78430274426,,0.0
2019-10-31,US_SECTOR_REAL_ESTATE,US,sector,REAL_ESTATE,1000.0,56000.0,93132.32979984151,,0.0
2019-11-30,US_SECTOR_REAL_ESTATE,US,sector,REAL_ESTATE,1000.0,57000.0,94899.23916045531,,0.0
2019-12-31,US_SECTOR_REAL_ESTATE,US,sector,REAL_ESTATE,1000.0,58000.0,98398.76852599291,,0.0
2020-01-31,US_SECTOR_REAL_ESTATE,US,sector,REAL_ESTATE,0.0,58000.0,100349.09829574096,,0.0
2020-02-29,US_SECTOR_REAL_ESTATE,US,sector,REAL_ESTATE,1000.0,59000.0,96551.17340372487,,-0.03784712525092298
2020-03-31,US_SECTOR_REAL_ESTATE,US,sector,REAL_ESTATE,1000.0,60000.0,97449.31264985344,,-0.02889697760254405
2020-04-30,US_SECTOR_REAL_ESTATE,US,sector,REAL_ESTATE,1000.0,61000.0,107754.25738578127,,0.0
2020-05-31,US_SECTOR_REAL_ESTATE,US,sector,REAL_ESTATE,1000.0,62000.0,114072.4163653534,,0.0
2020-06-30,US_SECTOR_REAL_ESTATE,US,sector,REAL_ESTATE,1000.0,63000.0,116059.10786101678,,0.0
2020-07-31,US_SECTOR_REAL_ESTATE,US,sector,REAL_ESTATE,1000.0,64000.0,126791.71958897373,,0.0
2020-08-31,US_SECTOR_REAL_ESTATE,US,sector,REAL_ESTATE,1000.0,64999.99999999999,124662.28360065898,,-0.016794755960545697
2020-09-30,US_SECTOR_REAL_ESTATE,US,sector,REAL_ESTATE,1000.0,66000.0,122263.506226616,,-0.035713794063500726
2020-10-31,US_SECTOR_REAL_ESTATE,US,sector,REAL_ESTATE,1000.0,67000.0,119003.96017220686,,-0.061421672030419594
2020-11-30,US_SECTOR_REAL_ESTATE,US,sector,REAL_ESTATE,1000.0,68000.0,118615.62663797547,,-0.06448443934275097
2020-12-31,US_SECTOR_REAL_ESTATE,US,sector,REAL_ESTATE,1000.0,69000.0,119268.51478938188,,-0.05933514289403249
2021-01-31,US_SECTOR_REAL_ESTATE,US,sector,REAL_ESTATE,1000.0,70000.0,123731.76784237416,,-0.024133687566657774
2021-02-28,US_SECTOR_REAL_ESTATE,US,sector,REAL_ESTATE,1000.0,71000.0,115650.21693366976,,-0.0878724785137537
2021-03-31,US_SECTOR_REAL_ESTATE,US,sector,REAL_ESTATE,1000.0,72000.0,125348.47120736848,,-0.011382828360431555
2021-04-30,US_SECTOR_REAL_ESTATE,US,sector,REAL_ESTATE,1000.0,73000.0,135871.22010592688,,0.0
2021-05-31,US_SECTOR_REAL_ESTATE,US,sector,REAL_ESTATE,1000.0,74000.0,138529.927771664,,0.0
2021-06-30,US_SECTOR_REAL_ESTATE,US,sector,REAL_ESTATE,1000.0,75000.0,146879.24997155135,,0.0
2021-07-31,US_SECTOR_REAL_ESTATE,US,sector,REAL_ESTATE,1000.0,76000.0,154770.67209393566,,0.0
2021-08-31,US_SECTOR_REAL_ESTATE,US,sector,REAL_ESTATE,1000.0,77000.0,161661.6991751745,,0.0
2021-09-30,US_SECTOR_REAL_ESTATE,US,sector,REAL_ESTATE,1000.0,78000.0,150570.63854644276,,-0.06860660679258114
2021-10-31,US_SECTOR_REAL_ESTATE,US,sector,REAL_ESTATE,1000.0,79000.0,165852.3248547753,,0.0
2021-11-30,US_SECTOR_REAL_ESTATE,US,sector,REAL_ESTATE,1000.0,80000.0,164139.97841888224,,-0.010324524768600265
2021-12-31,US_SECTOR_REAL_ESTATE,US,sector,REAL_ESTATE,1000.0,81000.0,180391.22796989226,,0.0
2022-01-31,US_SECTOR_REAL_ESTATE,US,sector,REAL_ESTATE,1000.0,82000.0,161040.04789775307,,-0.10727339843470078
2022-02-28,US_SECTOR_REAL_ESTATE,US,sector,REAL_ESTATE,1000.0,83000.0,151690.93768005294,,-0.15910025455688717
2022-03-31,US_SECTOR_REAL_ESTATE,US,sector,REAL_ESTATE,1000.0,84000.0,166177.9408767552,,-0.07879145373692618
2022-04-30,US_SECTOR_REAL_ESTATE,US,sector,REAL_ESTATE,1000.0,85000.0,163205.16196291414,,-0.09527107387863963
2022-05-31,US_SECTOR_REAL_ESTATE,US,sector,REAL_ESTATE,1000.0,86000.0,150606.64095049803,,-0.16511106085693567
2022-06-30,US_SECTOR_REAL_ESTATE,US,sector,REAL_ESTATE,1000.0,87000.0,145154.64973692768,,-0.19533421125580264
2022-07-31,US_SECTOR_REAL_ESTATE,US,sector,REAL_ESTATE,1000.0,88000.0,158862.48791592615,,-0.11934471701450647
2022-08-31,US_SECTOR_REAL_ESTATE,US,sector,REAL_ESTATE,1000.0,89000.0,149857.34531527798,,-0.16926478631050984
2022-09-30,US_SECTOR_REAL_ESTATE,US,sector,REAL_ESTATE,1000.0,90000.0,126777.4560435586,,-0.29720830957080646
2022-10-31,US_SECTOR_REAL_ESTATE,US,sector,REAL_ESTATE,1000.0,91000.0,130242.87932314663,,-0.2779977120346202
2022-11-30,US_SECTOR_REAL_ESTATE,US,sector,REAL_ESTATE,1000.0,92000.0,145898.6714307163,,-0.1912097219324482
2022-12-31,US_SECTOR_REAL_ESTATE,US,sector,REAL_ESTATE,1000.0,93000.0,140222.69505298132,,-0.2226745356133125
2023-01-31,US_SECTOR_REAL_ESTATE,US,sector,REAL_ESTATE,1000.0,94000.0,157030.3236836964,,-0.12950133190564492
2023-02-28,US_SECTOR_REAL_ESTATE,US,sector,REAL_ESTATE,1000.0,95000.0,146575.153883038,,-0.18745963685383996
2023-03-31,US_SECTOR_REAL_ESTATE,US,sector,REAL_ESTATE,1000.0,96000.0,151866.7580996369,,-0.15812559286428363
2023-04-30,US_SECTOR_REAL_ESTATE,US,sector,REAL_ESTATE,1000.0,97000.0,153329.89051829104,,-0.15001470834334488
2023-05-31,US_SECTOR_REAL_ESTATE,US,sector,REAL_ESTATE,1000.0,98000.0,151385.81717626675,,-0.16079169214628658
2023-06-30,US_SECTOR_REAL_ESTATE,US,sector,REAL_ESTATE,1000.0,99000.0,156261.18515244106,,-0.13376505658844215
2023-07-31,US_SECTOR_REAL_ESTATE,US,sector,REAL_ESTATE,1000.0,100000.0,159392.96267286566,,-0.11640402658898286
2023-08-31,US_SECTOR_REAL_ESTATE,US,sector,REAL_ESTATE,1000.0,101000.0,156103.6133010097,,-0.13463855721929135
2023-09-30,US_SECTOR_REAL_ESTATE,US,sector,REAL_ESTATE,1000.0,102000.0,143589.69314438594,,-0.20400955877770616
2023-10-31,US_SECTOR_REAL_ESTATE,US,sector,REAL_ESTATE,1000.0,103000.0,142314.30997322925,,-0.211079654067315
2023-11-30,US_SECTOR_REAL_ESTATE,US,sector,REAL_ESTATE,1000.0,104000.0,163404.80412863317,,-0.09416435617420471
2023-12-31,US_SECTOR_REAL_ESTATE,US,sector,REAL_ESTATE,1000.0,105000.0,174283.47476619732,,-0.03385837145426129
2024-01-31,US_SECTOR_REAL_ESTATE,US,sector,REAL_ESTATE,1000.0,106000.0,169321.47288709533,,-0.06136526264261868
2024-02-29,US_SECTOR_REAL_ESTATE,US,sector,REAL_ESTATE,1000.0,107000.0,178801.25116525727,,-0.008814047237930903
2024-03-31,US_SECTOR_REAL_ESTATE,US,sector,REAL_ESTATE,1000.0,108000.0,173119.20267700008,,-0.04031252170480209
2024-04-30,US_SECTOR_REAL_ESTATE,US,sector,REAL_ESTATE,1000.0,109000.0,145258.06046812274,,-0.1947609531636058
2024-05-31,US_SECTOR_REAL_ESTATE,US,sector,REAL_ESTATE,1000.0,110000.0,160125.35734257253,,-0.11234399175275947
2024-06-30,US_SECTOR_REAL_ESTATE,US,sector,REAL_ESTATE,1000.0,111000.0,161233.97331278244,,-0.10619837157662242
2024-07-31,US_SECTOR_REAL_ESTATE,US,sector,REAL_ESTATE,1000.0,112000.0,177996.39889692294,,-0.013275751265294497
2024-08-31,US_SECTOR_REAL_ESTATE,US,sector,REAL_ESTATE,1000.0,113000.0,184241.65528677625,,0.0
2024-09-30,US_SECTOR_REAL_ESTATE,US,sector,REAL_ESTATE,1000.0,114000.0,190664.0899384569,,0.0
2024-10-31,US_SECTOR_REAL_ESTATE,US,sector,REAL_ESTATE,1000.0,115000.0,181828.2605313359,,-0.046342388910114385
2024-11-30,US_SECTOR_REAL_ESTATE,US,sector,REAL_ESTATE,1000.0,116000.0,189616.6834018235,,-0.00549346516678346
2024-12-31,US_SECTOR_REAL_ESTATE,US,sector,REAL_ESTATE,1000.0,117000.0,175515.50549451713,,-0.07945169144766309
2025-01-31,US_SECTOR_REAL_ESTATE,US,sector,REAL_ESTATE,0.0,117000.0,180667.30553812016,,-0.052431395988429316
2025-02-28,US_SECTOR_REAL_ESTATE,US,sector,REAL_ESTATE,1000.0,118000.0,188438.60950506647,,-0.011672257917622372
2025-03-31,US_SECTOR_REAL_ESTATE,US,sector,REAL_ESTATE,1000.0,119000.0,178732.3348356425,,-0.06257998087980671
2025-04-30,US_SECTOR_REAL_ESTATE,US,sector,REAL_ESTATE,1000.0,120000.0,180231.23219427292,,-0.054718524854635825
2025-05-31,US_SECTOR_REAL_ESTATE,US,sector,REAL_ESTATE,1000.0,121000.0,184278.2198032188,,-0.03349277851586711
2025-06-30,US_SECTOR_REAL_ESTATE,US,sector,REAL_ESTATE,1000.0,122000.0,177334.24308763054,,-0.06991272900486396
2025-07-31,US_SECTOR_REAL_ESTATE,US,sector,REAL_ESTATE,1000.0,123000.0,175201.32802490756,,-0.08109949764814363
2025-08-31,US_SECTOR_REAL_ESTATE,US,sector,REAL_ESTATE,1000.0,124000.0,178960.2275599504,,-0.06138472316566949
2025-09-30,US_SECTOR_REAL_ESTATE,US,sector,REAL_ESTATE,1000.0,125000.0,177201.20343172923,,-0.07061049886779022
2025-10-31,US_SECTOR_REAL_ESTATE,US,sector,REAL_ESTATE,1000.0,126000.0,185321.06175371862,,-0.028023253809686503
2025-11-30,US_SECTOR_REAL_ESTATE,US,sector,REAL_ESTATE,1000.0,127000.0,181584.46386404833,,-0.047621060039881175
2025-12-31,US_SECTOR_REAL_ESTATE,US,sector,REAL_ESTATE,1000.0,128000.0,181722.27778206987,,-0.0468982500022594
2026-01-31,US_SECTOR_REAL_ESTATE,US,sector,REAL_ESTATE,1000.0,128999.99999999999,189961.80854294292,,-0.003683343810261577
2026-02-28,US_SECTOR_REAL_ESTATE,US,sector,REAL_ESTATE,1000.0,129999.99999999999,214152.26983062763,,0.0
2026-03-31,US_SECTOR_REAL_ESTATE,US,sector,REAL_ESTATE,1000.0,130999.99999999999,204675.69450238004,,-0.044251575459567094
2026-04-30,US_SECTOR_REAL_ESTATE,US,sector,REAL_ESTATE,1000.0,132000.0,223880.63510688423,,0.0
2015-01-31,CN_SECTOR_TECH,CN,sector,TECH,666.6666666666666,666.6666666666666,,,0.0
2015-02-28,CN_SECTOR_TECH,CN,sector,TECH,666.6666666666666,1333.3333333333333,,,0.0
2015-03-31,CN_SECTOR_TECH,CN,sector,TECH,666.6666666666666,2000.0,,,0.0
2015-04-30,CN_SECTOR_TECH,CN,sector,TECH,666.6666666666666,2666.6666666666665,,,0.0
2015-05-31,CN_SECTOR_TECH,CN,sector,TECH,666.6666666666666,3333.333333333333,,,0.0
2015-06-30,CN_SECTOR_TECH,CN,sector,TECH,666.6666666666666,4000.0,,,0.0
2015-07-31,CN_SECTOR_TECH,CN,sector,TECH,666.6666666666666,4666.666666666666,,,0.0
2015-08-31,CN_SECTOR_TECH,CN,sector,TECH,666.6666666666666,5333.333333333333,,,0.0
2015-09-30,CN_SECTOR_TECH,CN,sector,TECH,666.6666666666666,6000.0,,,0.0
2015-10-31,CN_SECTOR_TECH,CN,sector,TECH,0.0,6000.0,,,0.0
2015-11-30,CN_SECTOR_TECH,CN,sector,TECH,666.6666666666666,6666.666666666666,,,0.0
2015-12-31,CN_SECTOR_TECH,CN,sector,TECH,666.6666666666666,7333.333333333333,,,0.0
2016-01-31,CN_SECTOR_TECH,CN,sector,TECH,666.6666666666666,8000.0,,,0.0
2016-02-29,CN_SECTOR_TECH,CN,sector,TECH,666.6666666666666,8666.666666666666,,,0.0
2016-03-31,CN_SECTOR_TECH,CN,sector,TECH,666.6666666666666,9333.333333333332,,,0.0
2016-04-30,CN_SECTOR_TECH,CN,sector,TECH,666.6666666666666,10000.0,,,0.0
2016-05-31,CN_SECTOR_TECH,CN,sector,TECH,666.6666666666666,10666.666666666666,,,0.0
2016-06-30,CN_SECTOR_TECH,CN,sector,TECH,666.6666666666666,11333.333333333332,,,0.0
2016-07-31,CN_SECTOR_TECH,CN,sector,TECH,666.6666666666666,12000.0,,,0.0
2016-08-31,CN_SECTOR_TECH,CN,sector,TECH,666.6666666666666,12666.666666666666,,,0.0
2016-09-30,CN_SECTOR_TECH,CN,sector,TECH,666.6666666666666,13333.333333333332,,,0.0
2016-10-31,CN_SECTOR_TECH,CN,sector,TECH,0.0,13333.333333333332,,,0.0
2016-11-30,CN_SECTOR_TECH,CN,sector,TECH,666.6666666666666,14000.0,,,0.0
2016-12-31,CN_SECTOR_TECH,CN,sector,TECH,666.6666666666666,14666.666666666666,,,0.0
2017-01-31,CN_SECTOR_TECH,CN,sector,TECH,666.6666666666666,15333.333333333332,,,0.0
2017-02-28,CN_SECTOR_TECH,CN,sector,TECH,0.0,15333.333333333332,,,0.0
2017-03-31,CN_SECTOR_TECH,CN,sector,TECH,666.6666666666666,16000.0,,,0.0
2017-04-30,CN_SECTOR_TECH,CN,sector,TECH,666.6666666666666,16666.666666666664,,,0.0
2017-05-31,CN_SECTOR_TECH,CN,sector,TECH,666.6666666666666,17333.333333333332,,,0.0
2017-06-30,CN_SECTOR_TECH,CN,sector,TECH,666.6666666666666,18000.0,,,0.0
2017-07-31,CN_SECTOR_TECH,CN,sector,TECH,666.6666666666666,18666.666666666664,,,0.0
2017-08-31,CN_SECTOR_TECH,CN,sector,TECH,666.6666666666666,19333.333333333332,,,0.0
2017-09-30,CN_SECTOR_TECH,CN,sector,TECH,666.6666666666666,20000.0,,,0.0
2017-10-31,CN_SECTOR_TECH,CN,sector,TECH,0.0,20000.0,,,0.0
2017-11-30,CN_SECTOR_TECH,CN,sector,TECH,666.6666666666666,20666.666666666664,,,0.0
2017-12-31,CN_SECTOR_TECH,CN,sector,TECH,666.6666666666666,21333.333333333332,,,0.0
2018-01-31,CN_SECTOR_TECH,CN,sector,TECH,666.6666666666666,22000.0,,,0.0
2018-02-28,CN_SECTOR_TECH,CN,sector,TECH,666.6666666666666,22666.666666666664,,,0.0
2018-03-31,CN_SECTOR_TECH,CN,sector,TECH,666.6666666666666,23333.333333333332,,,0.0
2018-04-30,CN_SECTOR_TECH,CN,sector,TECH,666.6666666666666,24000.0,,,0.0
2018-05-31,CN_SECTOR_TECH,CN,sector,TECH,666.6666666666666,24666.666666666664,,,0.0
2018-06-30,CN_SECTOR_TECH,CN,sector,TECH,666.6666666666666,25333.333333333332,,,0.0
2018-07-31,CN_SECTOR_TECH,CN,sector,TECH,666.6666666666666,26000.0,,,0.0
2018-08-31,CN_SECTOR_TECH,CN,sector,TECH,666.6666666666666,26666.666666666664,,,0.0
2018-09-30,CN_SECTOR_TECH,CN,sector,TECH,666.6666666666666,27333.333333333332,,,0.0
2018-10-31,CN_SECTOR_TECH,CN,sector,TECH,0.0,27333.333333333332,,,0.0
2018-11-30,CN_SECTOR_TECH,CN,sector,TECH,666.6666666666666,28000.0,,,0.0
2018-12-31,CN_SECTOR_TECH,CN,sector,TECH,666.6666666666666,28666.666666666664,,,0.0
2019-01-31,CN_SECTOR_TECH,CN,sector,TECH,666.6666666666666,29333.333333333332,,,0.0
2019-02-28,CN_SECTOR_TECH,CN,sector,TECH,0.0,29333.333333333332,,,0.0
2019-03-31,CN_SECTOR_TECH,CN,sector,TECH,666.6666666666666,30000.0,,,0.0
2019-04-30,CN_SECTOR_TECH,CN,sector,TECH,666.6666666666666,30666.666666666664,,,0.0
2019-05-31,CN_SECTOR_TECH,CN,sector,TECH,0.0,30666.666666666664,,,0.0
2019-06-30,CN_SECTOR_TECH,CN,sector,TECH,666.6666666666666,31333.333333333332,,,0.0
2019-07-31,CN_SECTOR_TECH,CN,sector,TECH,666.6666666666666,32000.0,,,0.0
2019-08-31,CN_SECTOR_TECH,CN,sector,TECH,666.6666666666666,32666.666666666664,,,0.0
2019-09-30,CN_SECTOR_TECH,CN,sector,TECH,666.6666666666666,33333.33333333333,,,0.0
2019-10-31,CN_SECTOR_TECH,CN,sector,TECH,0.0,33333.33333333333,,,0.0
2019-11-30,CN_SECTOR_TECH,CN,sector,TECH,666.6666666666666,34000.0,,,0.0
2019-12-31,CN_SECTOR_TECH,CN,sector,TECH,666.6666666666666,34666.666666666664,,,0.0
2020-01-31,CN_SECTOR_TECH,CN,sector,TECH,0.0,34666.666666666664,,,0.0
2020-02-29,CN_SECTOR_TECH,CN,sector,TECH,666.6666666666666,35333.33333333333,,,0.0
2020-03-31,CN_SECTOR_TECH,CN,sector,TECH,666.6666666666666,36000.0,,,0.0
2020-04-30,CN_SECTOR_TECH,CN,sector,TECH,666.6666666666666,36666.666666666664,,,0.0
2020-05-31,CN_SECTOR_TECH,CN,sector,TECH,666.6666666666666,37333.33333333333,,,0.0
2020-06-30,CN_SECTOR_TECH,CN,sector,TECH,666.6666666666666,38000.0,,,0.0
2020-07-31,CN_SECTOR_TECH,CN,sector,TECH,666.6666666666666,38666.666666666664,177691.27126234383,25358.02288995093,0.0
2020-08-31,CN_SECTOR_TECH,CN,sector,TECH,1000.0,39666.666666666664,175492.09057295564,25565.54001435534,-0.012376413730201253
2020-09-30,CN_SECTOR_TECH,CN,sector,TECH,1000.0,40666.666666666664,177347.67579648766,26021.60879483463,-0.0019336654153871325
2020-10-31,CN_SECTOR_TECH,CN,sector,TECH,0.0,40666.666666666664,171393.98984868044,25527.849881322658,-0.03543945275942149
2020-11-30,CN_SECTOR_TECH,CN,sector,TECH,1000.0,41666.666666666664,169010.10866828644,25701.049753337877,-0.04885531254509681
2020-12-31,CN_SECTOR_TECH,CN,sector,TECH,1000.0,42666.666666666664,183509.81932303502,28136.18354179574,0.0
2021-01-31,CN_SECTOR_TECH,CN,sector,TECH,1000.0,43666.666666666664,178598.57465129247,27696.57187531181,-0.026762844025785958
2021-02-28,CN_SECTOR_TECH,CN,sector,TECH,1000.0,44666.666666666664,163879.0137485027,25392.6382339116,-0.10697414256604935
2021-03-31,CN_SECTOR_TECH,CN,sector,TECH,1000.0,45666.666666666664,136726.01696145136,20807.489712025603,-0.2549389593111061
2021-04-30,CN_SECTOR_TECH,CN,sector,TECH,1000.0,46666.666666666664,151326.8754627318,23384.669877689925,-0.17537450572958768
2021-05-31,CN_SECTOR_TECH,CN,sector,TECH,0.0,46666.666666666664,150018.79841388707,23560.44765891789,-0.18250260957531222
2021-06-30,CN_SECTOR_TECH,CN,sector,TECH,1000.0,47666.666666666664,167035.88166938035,25844.54561948543,-0.08977142321008637
2021-07-31,CN_SECTOR_TECH,CN,sector,TECH,1000.0,48666.666666666664,144173.67848843287,22334.1566996109,-0.21435441972376512
2021-08-31,CN_SECTOR_TECH,CN,sector,TECH,1000.0,49666.666666666664,137827.97179998507,21318.769364344378,-0.24893407716039173
2021-09-30,CN_SECTOR_TECH,CN,sector,TECH,1000.0,50666.666666666664,138321.05475851794,21380.154950618908,-0.24624712035147628
2021-10-31,CN_SECTOR_TECH,CN,sector,TECH,0.0,50666.666666666664,144308.52650535817,22582.080624294107,-0.2136195924680752
2021-11-30,CN_SECTOR_TECH,CN,sector,TECH,1000.0,51666.666666666664,147047.06029361245,23022.86806974424,-0.19869650116780202
2021-12-31,CN_SECTOR_TECH,CN,sector,TECH,1000.0,52666.666666666664,171980.2945455236,26989.579240961815,-0.06282783569862185
2022-01-31,CN_SECTOR_TECH,CN,sector,TECH,1000.0,53666.666666666664,165344.0065540372,26034.327023116442,-0.09899095773736381
2022-02-28,CN_SECTOR_TECH,CN,sector,TECH,0.0,53666.666666666664,156849.98498088602,24833.75322353056,-0.1452774267910934
2022-03-31,CN_SECTOR_TECH,CN,sector,TECH,1000.0,54666.666666666664,127007.00276258244,20013.07916175746,-0.3079007802900718
2022-04-30,CN_SECTOR_TECH,CN,sector,TECH,1000.0,55666.666666666664,122062.0884278662,18423.63209318412,-0.3348471003995785
2022-05-31,CN_SECTOR_TECH,CN,sector,TECH,0.0,55666.666666666664,129302.15574869729,19413.86424918904,-0.2953938038537065
2022-06-30,CN_SECTOR_TECH,CN,sector,TECH,1000.0,56666.666666666664,131505.93688750628,19628.337652314523,-0.2833847399957685
2022-07-31,CN_SECTOR_TECH,CN,sector,TECH,1000.0,57666.666666666664,132019.2291542812,19570.581516785725,-0.28058765660988516
2022-08-31,CN_SECTOR_TECH,CN,sector,TECH,1000.0,58666.666666666664,140377.53595526534,20312.77657553369,-0.23504073802090822
2022-09-30,CN_SECTOR_TECH,CN,sector,TECH,1000.0,59666.666666666664,118372.99973555835,16616.31982309827,-0.3549500502358153
2022-10-31,CN_SECTOR_TECH,CN,sector,TECH,0.0,59666.666666666664,117188.04584866308,16160.747710414604,-0.361407219074336
2022-11-30,CN_SECTOR_TECH,CN,sector,TECH,1000.0,60666.666666666664,125600.32897169731,17543.415539377525,-0.3155661673307998
2022-12-31,CN_SECTOR_TECH,CN,sector,TECH,1000.0,61666.666666666664,127249.34526308553,18274.81237635713,-0.306580183379252
2023-01-31,CN_SECTOR_TECH,CN,sector,TECH,1000.0,62666.666666666664,134497.16254644553,19932.002292716552,-0.2670846549650392
2023-02-28,CN_SECTOR_TECH,CN,sector,TECH,1000.0,63666.666666666664,130639.9119601486,18813.622016723984,-0.28810396935664107
2023-03-31,CN_SECTOR_TECH,CN,sector,TECH,1000.0,64666.666666666664,135933.6753228846,19785.409331898285,-0.259256666349834
2023-04-30,CN_SECTOR_TECH,CN,sector,TECH,0.0,64666.666666666664,124331.59412404898,17961.024024431685,-0.3224798837320729
2023-05-31,CN_SECTOR_TECH,CN,sector,TECH,0.0,64666.666666666664,125716.04228038047,17759.011491471356,-0.3149356108346405
2023-06-30,CN_SECTOR_TECH,CN,sector,TECH,1000.0,65666.66666666666,139792.39746944996,19276.92384064467,-0.23822933298533
2023-07-31,CN_SECTOR_TECH,CN,sector,TECH,1000.0,66666.66666666666,141656.01687458687,19943.686858706184,-0.22807391235436988
2023-08-31,CN_SECTOR_TECH,CN,sector,TECH,1000.0,67666.66666666666,143225.43477004085,19664.099847674806,-0.2195216839164392
2023-09-30,CN_SECTOR_TECH,CN,sector,TECH,1000.0,68666.66666666666,134444.44964728353,18417.30005008165,-0.2673719033496567
2023-10-31,CN_SECTOR_TECH,CN,sector,TECH,0.0,68666.66666666666,143545.98771135943,19631.294568509864,-0.21777489487538906
2023-11-30,CN_SECTOR_TECH,CN,sector,TECH,1000.0,69666.66666666666,141062.6469822954,19927.19910784013,-0.23130736271948057
2023-12-31,CN_SECTOR_TECH,CN,sector,TECH,1000.0,70666.66666666666,148860.20476918452,20945.575827482557,-0.18881613355444632
2024-01-31,CN_SECTOR_TECH,CN,sector,TECH,1000.0,71666.66666666666,122500.2235257978,17267.901996327444,-0.3324595709499399
2024-02-29,CN_SECTOR_TECH,CN,sector,TECH,1000.0,72666.66666666666,133073.25871316815,18492.670494583897,-0.27484393367028853
2024-03-31,CN_SECTOR_TECH,CN,sector,TECH,1000.0,73666.66666666666,138286.31990019293,19136.002109348985,-0.24643640100388578
2024-04-30,CN_SECTOR_TECH,CN,sector,TECH,1000.0,74666.66666666666,140782.33484294426,19451.253177792212,-0.232834867571184
2024-05-31,CN_SECTOR_TECH,CN,sector,TECH,0.0,74666.66666666666,145877.1537883601,20166.88376462702,-0.20507167231432769
2024-06-30,CN_SECTOR_TECH,CN,sector,TECH,1000.0,75666.66666666666,166801.7396235045,22952.683259179335,-0.09104733338611734
2024-07-31,CN_SECTOR_TECH,CN,sector,TECH,1000.0,76666.66666666666,164480.8895592509,22684.828999748923,-0.10369434090220102
2024-08-31,CN_SECTOR_TECH,CN,sector,TECH,1000.0,77666.66666666666,167751.9331046128,23642.017234160678,-0.08586944435209416
2024-09-30,CN_SECTOR_TECH,CN,sector,TECH,1000.0,78666.66666666666,187739.7096100192,26780.552235959054,0.0
2024-10-31,CN_SECTOR_TECH,CN,sector,TECH,0.0,78666.66666666666,193330.1657899532,27172.95868227135,0.0
2024-11-30,CN_SECTOR_TECH,CN,sector,TECH,1000.0,79666.66666666666,182612.89227210113,25212.676542080386,-0.05543508160798884
2024-12-31,CN_SECTOR_TECH,CN,sector,TECH,1000.0,80666.66666666666,191109.1707944198,26186.15405849042,-0.011488093368452591
2025-01-31,CN_SECTOR_TECH,CN,sector,TECH,0.0,80666.66666666666,190028.39521468134,26463.03285808053,-0.017078403475115855
2025-02-28,CN_SECTOR_TECH,CN,sector,TECH,1000.0,81666.66666666666,198589.4063033568,27258.920340309443,0.0
2025-03-31,CN_SECTOR_TECH,CN,sector,TECH,1000.0,82666.66666666666,189808.6069004974,26134.356066233533,-0.044215850010882414
2025-04-30,CN_SECTOR_TECH,CN,sector,TECH,1000.0,83666.66666666666,161180.56791297224,22173.691942326226,-0.188372779226906
2025-05-31,CN_SECTOR_TECH,CN,sector,TECH,1000.0,84666.66666666666,158590.19128516762,22015.10193937772,-0.201416660449088
2025-06-30,CN_SECTOR_TECH,CN,sector,TECH,1000.0,85666.66666666666,174621.87225278665,24347.383697680685,-0.12068888515613146
2025-07-31,CN_SECTOR_TECH,CN,sector,TECH,1000.0,86666.66666666666,181712.29285822785,25320.81380402596,-0.08498496349472029
2025-08-31,CN_SECTOR_TECH,CN,sector,TECH,1000.0,87666.66666666666,217315.1122377376,30380.97524763774,0.0
2025-09-30,CN_SECTOR_TECH,CN,sector,TECH,1000.0,88666.66666666666,276113.10245827463,38783.19823460112,0.0
2025-10-31,CN_SECTOR_TECH,CN,sector,TECH,0.0,88666.66666666666,265791.93236832245,37383.88386884853,-0.037380225704833715
2025-11-30,CN_SECTOR_TECH,CN,sector,TECH,1000.0,89666.66666666666,247537.4750381529,34983.673516298535,-0.10349247162017604
2025-12-31,CN_SECTOR_TECH,CN,sector,TECH,1000.0,90666.66666666666,251775.8051719356,35988.02290012054,-0.08814249331038836
2026-01-31,CN_SECTOR_TECH,CN,sector,TECH,1000.0,91666.66666666666,240588.67678058124,34627.040639850515,-0.1286589638862275
2026-02-28,CN_SECTOR_TECH,CN,sector,TECH,1000.0,92666.66666666666,236172.0682914565,34523.53786990461,-0.14465461367540103
2026-03-31,CN_SECTOR_TECH,CN,sector,TECH,1000.0,93666.66666666666,222430.21644580003,32182.159385952637,-0.19442353707422122
2026-04-30,CN_SECTOR_TECH,CN,sector,TECH,1000.0,94666.66666666666,277033.6440196905,40585.06231318281,0.0
2015-01-31,CN_SECTOR_COMMUNICATION,CN,sector,COMMUNICATION,333.3333333333333,333.3333333333333,,,0.0
2015-02-28,CN_SECTOR_COMMUNICATION,CN,sector,COMMUNICATION,333.3333333333333,666.6666666666666,,,0.0
2015-03-31,CN_SECTOR_COMMUNICATION,CN,sector,COMMUNICATION,333.3333333333333,1000.0,,,0.0
2015-04-30,CN_SECTOR_COMMUNICATION,CN,sector,COMMUNICATION,333.3333333333333,1333.3333333333333,,,0.0
2015-05-31,CN_SECTOR_COMMUNICATION,CN,sector,COMMUNICATION,333.3333333333333,1666.6666666666665,,,0.0
2015-06-30,CN_SECTOR_COMMUNICATION,CN,sector,COMMUNICATION,333.3333333333333,2000.0,,,0.0
2015-07-31,CN_SECTOR_COMMUNICATION,CN,sector,COMMUNICATION,333.3333333333333,2333.333333333333,,,0.0
2015-08-31,CN_SECTOR_COMMUNICATION,CN,sector,COMMUNICATION,333.3333333333333,2666.6666666666665,,,0.0
2015-09-30,CN_SECTOR_COMMUNICATION,CN,sector,COMMUNICATION,333.3333333333333,3000.0,,,0.0
2015-10-31,CN_SECTOR_COMMUNICATION,CN,sector,COMMUNICATION,0.0,3000.0,,,0.0
2015-11-30,CN_SECTOR_COMMUNICATION,CN,sector,COMMUNICATION,333.3333333333333,3333.333333333333,,,0.0
2015-12-31,CN_SECTOR_COMMUNICATION,CN,sector,COMMUNICATION,333.3333333333333,3666.6666666666665,,,0.0
2016-01-31,CN_SECTOR_COMMUNICATION,CN,sector,COMMUNICATION,333.3333333333333,4000.0,,,0.0
2016-02-29,CN_SECTOR_COMMUNICATION,CN,sector,COMMUNICATION,333.3333333333333,4333.333333333333,,,0.0
2016-03-31,CN_SECTOR_COMMUNICATION,CN,sector,COMMUNICATION,333.3333333333333,4666.666666666666,,,0.0
2016-04-30,CN_SECTOR_COMMUNICATION,CN,sector,COMMUNICATION,333.3333333333333,5000.0,,,0.0
2016-05-31,CN_SECTOR_COMMUNICATION,CN,sector,COMMUNICATION,333.3333333333333,5333.333333333333,,,0.0
2016-06-30,CN_SECTOR_COMMUNICATION,CN,sector,COMMUNICATION,333.3333333333333,5666.666666666666,,,0.0
2016-07-31,CN_SECTOR_COMMUNICATION,CN,sector,COMMUNICATION,333.3333333333333,6000.0,,,0.0
2016-08-31,CN_SECTOR_COMMUNICATION,CN,sector,COMMUNICATION,333.3333333333333,6333.333333333333,,,0.0
2016-09-30,CN_SECTOR_COMMUNICATION,CN,sector,COMMUNICATION,333.3333333333333,6666.666666666666,,,0.0
2016-10-31,CN_SECTOR_COMMUNICATION,CN,sector,COMMUNICATION,0.0,6666.666666666666,,,0.0
2016-11-30,CN_SECTOR_COMMUNICATION,CN,sector,COMMUNICATION,333.3333333333333,7000.0,,,0.0
2016-12-31,CN_SECTOR_COMMUNICATION,CN,sector,COMMUNICATION,333.3333333333333,7333.333333333333,,,0.0
2017-01-31,CN_SECTOR_COMMUNICATION,CN,sector,COMMUNICATION,333.3333333333333,7666.666666666666,,,0.0
2017-02-28,CN_SECTOR_COMMUNICATION,CN,sector,COMMUNICATION,0.0,7666.666666666666,,,0.0
2017-03-31,CN_SECTOR_COMMUNICATION,CN,sector,COMMUNICATION,333.3333333333333,8000.0,,,0.0
2017-04-30,CN_SECTOR_COMMUNICATION,CN,sector,COMMUNICATION,333.3333333333333,8333.333333333332,,,0.0
2017-05-31,CN_SECTOR_COMMUNICATION,CN,sector,COMMUNICATION,333.3333333333333,8666.666666666666,,,0.0
2017-06-30,CN_SECTOR_COMMUNICATION,CN,sector,COMMUNICATION,333.3333333333333,9000.0,,,0.0
2017-07-31,CN_SECTOR_COMMUNICATION,CN,sector,COMMUNICATION,333.3333333333333,9333.333333333332,,,0.0
2017-08-31,CN_SECTOR_COMMUNICATION,CN,sector,COMMUNICATION,333.3333333333333,9666.666666666666,,,0.0
2017-09-30,CN_SECTOR_COMMUNICATION,CN,sector,COMMUNICATION,333.3333333333333,10000.0,,,0.0
2017-10-31,CN_SECTOR_COMMUNICATION,CN,sector,COMMUNICATION,0.0,10000.0,,,0.0
2017-11-30,CN_SECTOR_COMMUNICATION,CN,sector,COMMUNICATION,333.3333333333333,10333.333333333332,,,0.0
2017-12-31,CN_SECTOR_COMMUNICATION,CN,sector,COMMUNICATION,333.3333333333333,10666.666666666666,,,0.0
2018-01-31,CN_SECTOR_COMMUNICATION,CN,sector,COMMUNICATION,333.3333333333333,11000.0,,,0.0
2018-02-28,CN_SECTOR_COMMUNICATION,CN,sector,COMMUNICATION,333.3333333333333,11333.333333333332,,,0.0
2018-03-31,CN_SECTOR_COMMUNICATION,CN,sector,COMMUNICATION,333.3333333333333,11666.666666666666,,,0.0
2018-04-30,CN_SECTOR_COMMUNICATION,CN,sector,COMMUNICATION,333.3333333333333,12000.0,,,0.0
2018-05-31,CN_SECTOR_COMMUNICATION,CN,sector,COMMUNICATION,333.3333333333333,12333.333333333332,,,0.0
2018-06-30,CN_SECTOR_COMMUNICATION,CN,sector,COMMUNICATION,333.3333333333333,12666.666666666666,,,0.0
2018-07-31,CN_SECTOR_COMMUNICATION,CN,sector,COMMUNICATION,333.3333333333333,13000.0,,,0.0
2018-08-31,CN_SECTOR_COMMUNICATION,CN,sector,COMMUNICATION,333.3333333333333,13333.333333333332,,,0.0
2018-09-30,CN_SECTOR_COMMUNICATION,CN,sector,COMMUNICATION,333.3333333333333,13666.666666666666,,,0.0
2018-10-31,CN_SECTOR_COMMUNICATION,CN,sector,COMMUNICATION,0.0,13666.666666666666,,,0.0
2018-11-30,CN_SECTOR_COMMUNICATION,CN,sector,COMMUNICATION,333.3333333333333,14000.0,,,0.0
2018-12-31,CN_SECTOR_COMMUNICATION,CN,sector,COMMUNICATION,333.3333333333333,14333.333333333332,,,0.0
2019-01-31,CN_SECTOR_COMMUNICATION,CN,sector,COMMUNICATION,333.3333333333333,14666.666666666666,,,0.0
2019-02-28,CN_SECTOR_COMMUNICATION,CN,sector,COMMUNICATION,0.0,14666.666666666666,,,0.0
2019-03-31,CN_SECTOR_COMMUNICATION,CN,sector,COMMUNICATION,333.3333333333333,15000.0,,,0.0
2019-04-30,CN_SECTOR_COMMUNICATION,CN,sector,COMMUNICATION,333.3333333333333,15333.333333333332,,,0.0
2019-05-31,CN_SECTOR_COMMUNICATION,CN,sector,COMMUNICATION,0.0,15333.333333333332,,,0.0
2019-06-30,CN_SECTOR_COMMUNICATION,CN,sector,COMMUNICATION,333.3333333333333,15666.666666666666,,,0.0
2019-07-31,CN_SECTOR_COMMUNICATION,CN,sector,COMMUNICATION,333.3333333333333,16000.0,,,0.0
2019-08-31,CN_SECTOR_COMMUNICATION,CN,sector,COMMUNICATION,333.3333333333333,16333.333333333332,,,0.0
2019-09-30,CN_SECTOR_COMMUNICATION,CN,sector,COMMUNICATION,333.3333333333333,16666.666666666664,,,0.0
2019-10-31,CN_SECTOR_COMMUNICATION,CN,sector,COMMUNICATION,0.0,16666.666666666664,,,0.0
2019-11-30,CN_SECTOR_COMMUNICATION,CN,sector,COMMUNICATION,333.3333333333333,17000.0,,,0.0
2019-12-31,CN_SECTOR_COMMUNICATION,CN,sector,COMMUNICATION,333.3333333333333,17333.333333333332,,,0.0
2020-01-31,CN_SECTOR_COMMUNICATION,CN,sector,COMMUNICATION,0.0,17333.333333333332,,,0.0
2020-02-29,CN_SECTOR_COMMUNICATION,CN,sector,COMMUNICATION,333.3333333333333,17666.666666666664,,,0.0
2020-03-31,CN_SECTOR_COMMUNICATION,CN,sector,COMMUNICATION,333.3333333333333,18000.0,,,0.0
2020-04-30,CN_SECTOR_COMMUNICATION,CN,sector,COMMUNICATION,333.3333333333333,18333.333333333332,,,0.0
2020-05-31,CN_SECTOR_COMMUNICATION,CN,sector,COMMUNICATION,333.3333333333333,18666.666666666664,,,0.0
2020-06-30,CN_SECTOR_COMMUNICATION,CN,sector,COMMUNICATION,333.3333333333333,19000.0,,,0.0
2020-07-31,CN_SECTOR_COMMUNICATION,CN,sector,COMMUNICATION,333.3333333333333,19333.333333333332,,,0.0
2020-08-31,CN_SECTOR_COMMUNICATION,CN,sector,COMMUNICATION,333.3333333333333,19666.666666666664,,,0.0
2020-09-30,CN_SECTOR_COMMUNICATION,CN,sector,COMMUNICATION,333.3333333333333,20000.0,,,0.0
2020-10-31,CN_SECTOR_COMMUNICATION,CN,sector,COMMUNICATION,0.0,20000.0,,,0.0
2020-11-30,CN_SECTOR_COMMUNICATION,CN,sector,COMMUNICATION,333.3333333333333,20333.333333333332,,,0.0
2020-12-31,CN_SECTOR_COMMUNICATION,CN,sector,COMMUNICATION,333.3333333333333,20666.666666666664,,,0.0
2021-01-31,CN_SECTOR_COMMUNICATION,CN,sector,COMMUNICATION,333.3333333333333,21000.0,,,0.0
2021-02-28,CN_SECTOR_COMMUNICATION,CN,sector,COMMUNICATION,333.3333333333333,21333.333333333332,,,0.0
2021-03-31,CN_SECTOR_COMMUNICATION,CN,sector,COMMUNICATION,333.3333333333333,21666.666666666664,,,0.0
2021-04-30,CN_SECTOR_COMMUNICATION,CN,sector,COMMUNICATION,333.3333333333333,22000.0,,,0.0
2021-05-31,CN_SECTOR_COMMUNICATION,CN,sector,COMMUNICATION,0.0,22000.0,,,0.0
2021-06-30,CN_SECTOR_COMMUNICATION,CN,sector,COMMUNICATION,333.3333333333333,22333.333333333332,,,0.0
2021-07-31,CN_SECTOR_COMMUNICATION,CN,sector,COMMUNICATION,333.3333333333333,22666.666666666664,,,0.0
2021-08-31,CN_SECTOR_COMMUNICATION,CN,sector,COMMUNICATION,333.3333333333333,23000.0,,,0.0
2021-09-30,CN_SECTOR_COMMUNICATION,CN,sector,COMMUNICATION,666.6666666666666,23666.666666666664,,,0.0
2021-10-31,CN_SECTOR_COMMUNICATION,CN,sector,COMMUNICATION,0.0,23666.666666666664,,,0.0
2021-11-30,CN_SECTOR_COMMUNICATION,CN,sector,COMMUNICATION,666.6666666666666,24333.333333333332,,,0.0
2021-12-31,CN_SECTOR_COMMUNICATION,CN,sector,COMMUNICATION,666.6666666666666,25000.0,,,0.0
2022-01-31,CN_SECTOR_COMMUNICATION,CN,sector,COMMUNICATION,1000.0,26000.0,65403.60283532017,10298.15848903037,0.0
2022-02-28,CN_SECTOR_COMMUNICATION,CN,sector,COMMUNICATION,0.0,26000.0,65905.75173742023,10434.72955931627,0.0
2022-03-31,CN_SECTOR_COMMUNICATION,CN,sector,COMMUNICATION,1000.0,27000.0,65774.50928710187,10364.392770131028,-0.0019913656525950845
2022-04-30,CN_SECTOR_COMMUNICATION,CN,sector,COMMUNICATION,1000.0,28000.0,66450.72290717799,10029.843720816396,0.0
2022-05-31,CN_SECTOR_COMMUNICATION,CN,sector,COMMUNICATION,0.0,28000.0,66273.19146747142,9950.481761577019,-0.0026716254081171156
2022-06-30,CN_SECTOR_COMMUNICATION,CN,sector,COMMUNICATION,1000.0,29000.0,66986.09511337154,9998.223076575241,0.0
2022-07-31,CN_SECTOR_COMMUNICATION,CN,sector,COMMUNICATION,1000.0,30000.0,67831.23919213231,10055.329094846236,0.0
2022-08-31,CN_SECTOR_COMMUNICATION,CN,sector,COMMUNICATION,1000.0,31000.0,69612.55090062208,10073.009072818571,0.0
2022-09-30,CN_SECTOR_COMMUNICATION,CN,sector,COMMUNICATION,1000.0,32000.0,69819.10488749822,9800.685791226239,0.0
2022-10-31,CN_SECTOR_COMMUNICATION,CN,sector,COMMUNICATION,0.0,32000.0,69910.05558401108,9640.904603642673,0.0
2022-11-30,CN_SECTOR_COMMUNICATION,CN,sector,COMMUNICATION,1000.0,33000.0,77004.88359101978,10755.773352337885,0.0
2022-12-31,CN_SECTOR_COMMUNICATION,CN,sector,COMMUNICATION,1000.0,34000.0,77878.49738079189,11184.457765532095,0.0
2023-01-31,CN_SECTOR_COMMUNICATION,CN,sector,COMMUNICATION,1000.0,35000.0,84109.5479162118,12464.736580047589,0.0
2023-02-28,CN_SECTOR_COMMUNICATION,CN,sector,COMMUNICATION,1000.0,36000.0,86588.4416910767,12469.713034482118,0.0
2023-03-31,CN_SECTOR_COMMUNICATION,CN,sector,COMMUNICATION,1000.0,37000.0,89490.03300417322,13025.447372823091,0.0
2023-04-30,CN_SECTOR_COMMUNICATION,CN,sector,COMMUNICATION,0.0,37000.0,90694.78342871244,13101.82818398085,0.0
2023-05-31,CN_SECTOR_COMMUNICATION,CN,sector,COMMUNICATION,0.0,37000.0,86861.59131200437,12270.31944608164,-0.04226474745067365
2023-06-30,CN_SECTOR_COMMUNICATION,CN,sector,COMMUNICATION,1000.0,38000.0,86421.99306136974,11917.316024033575,-0.04711175445610043
2023-07-31,CN_SECTOR_COMMUNICATION,CN,sector,COMMUNICATION,1000.0,39000.0,89506.42526747349,12601.569328022828,-0.013102828148578381
2023-08-31,CN_SECTOR_COMMUNICATION,CN,sector,COMMUNICATION,1000.0,40000.0,91370.64385538458,12544.709442169875,0.0
2023-09-30,CN_SECTOR_COMMUNICATION,CN,sector,COMMUNICATION,1000.0,41000.0,90438.75391005928,12389.040018289154,-0.010199008193487506
2023-10-31,CN_SECTOR_COMMUNICATION,CN,sector,COMMUNICATION,0.0,41000.0,86882.26328568198,11881.98521277847,-0.04912278583487393
2023-11-30,CN_SECTOR_COMMUNICATION,CN,sector,COMMUNICATION,1000.0,42000.0,87164.88003309575,12313.337065399744,-0.046029705437398906
2023-12-31,CN_SECTOR_COMMUNICATION,CN,sector,COMMUNICATION,1000.0,43000.0,89138.53221292619,12542.357364826365,-0.02442919901047461
2024-01-31,CN_SECTOR_COMMUNICATION,CN,sector,COMMUNICATION,1000.0,44000.0,91781.51509873493,12937.725027625256,0.0
2024-02-29,CN_SECTOR_COMMUNICATION,CN,sector,COMMUNICATION,1000.0,45000.0,94600.63910485792,13146.280961781795,0.0
2024-03-31,CN_SECTOR_COMMUNICATION,CN,sector,COMMUNICATION,1000.0,46000.0,95528.51288485996,13219.194967275294,0.0
2024-04-30,CN_SECTOR_COMMUNICATION,CN,sector,COMMUNICATION,1000.0,47000.0,96226.90243779452,13295.232274136839,0.0
2024-05-31,CN_SECTOR_COMMUNICATION,CN,sector,COMMUNICATION,0.0,47000.0,95147.7923042402,13153.769579603588,-0.011214224985075323
2024-06-30,CN_SECTOR_COMMUNICATION,CN,sector,COMMUNICATION,1000.0,48000.0,98048.25415295354,13491.888794252944,0.0
2024-07-31,CN_SECTOR_COMMUNICATION,CN,sector,COMMUNICATION,1000.0,49000.0,98556.44114287148,13592.679490856475,0.0
2024-08-31,CN_SECTOR_COMMUNICATION,CN,sector,COMMUNICATION,1000.0,50000.0,99329.93345604086,13999.004095954448,0.0
2024-09-30,CN_SECTOR_COMMUNICATION,CN,sector,COMMUNICATION,1000.0,51000.0,106631.8362850273,15210.737608891071,0.0
2024-10-31,CN_SECTOR_COMMUNICATION,CN,sector,COMMUNICATION,0.0,51000.0,102856.87046964858,14456.748019841303,-0.035401864460893454
2024-11-30,CN_SECTOR_COMMUNICATION,CN,sector,COMMUNICATION,1000.0,52000.0,105523.40203281028,14569.220003968023,-0.010394965432782854
2024-12-31,CN_SECTOR_COMMUNICATION,CN,sector,COMMUNICATION,1000.0,53000.0,110479.57113576721,15138.127898578197,0.0
2025-01-31,CN_SECTOR_COMMUNICATION,CN,sector,COMMUNICATION,0.0,53000.0,106564.05730198217,14839.930351918589,-0.03544106655676009
2025-02-28,CN_SECTOR_COMMUNICATION,CN,sector,COMMUNICATION,1000.0,54000.0,117613.43265327602,16143.938648714357,0.0
2025-03-31,CN_SECTOR_COMMUNICATION,CN,sector,COMMUNICATION,1000.0,55000.0,114259.64434721826,15732.175047977682,-0.028515350928874892
2025-04-30,CN_SECTOR_COMMUNICATION,CN,sector,COMMUNICATION,1000.0,56000.0,113884.82963473798,15667.193396343318,-0.03170218685420011
2025-05-31,CN_SECTOR_COMMUNICATION,CN,sector,COMMUNICATION,1000.0,57000.0,116481.46569563555,16169.671784596558,-0.009624470029520394
2025-06-30,CN_SECTOR_COMMUNICATION,CN,sector,COMMUNICATION,1000.0,58000.0,116148.3157536346,16194.463918010038,-0.012457054152654308
2025-07-31,CN_SECTOR_COMMUNICATION,CN,sector,COMMUNICATION,1000.0,59000.0,116151.36156977002,16185.18457464433,-0.012431157313605345
2025-08-31,CN_SECTOR_COMMUNICATION,CN,sector,COMMUNICATION,1000.0,60000.0,119952.42008093474,16769.526370473377,0.0
2025-09-30,CN_SECTOR_COMMUNICATION,CN,sector,COMMUNICATION,1000.0,61000.0,116564.06909448044,16372.737687832598,-0.028247458318624172
2025-10-31,CN_SECTOR_COMMUNICATION,CN,sector,COMMUNICATION,0.0,61000.0,116224.39548537262,16347.069923594598,-0.031079194509345744
2025-11-30,CN_SECTOR_COMMUNICATION,CN,sector,COMMUNICATION,1000.0,62000.0,117767.3749135233,16643.683523923886,-0.018215932333313017
2025-12-31,CN_SECTOR_COMMUNICATION,CN,sector,COMMUNICATION,1000.0,63000.0,114295.51884706433,16337.033444656816,-0.047159542342318395
2026-01-31,CN_SECTOR_COMMUNICATION,CN,sector,COMMUNICATION,1000.0,64000.0,113822.52310104248,16382.05582195646,-0.05110273703320263
2026-02-28,CN_SECTOR_COMMUNICATION,CN,sector,COMMUNICATION,1000.0,64999.99999999999,112619.45143507219,16462.66607492486,-0.06113231096892271
2026-03-31,CN_SECTOR_COMMUNICATION,CN,sector,COMMUNICATION,1000.0,66000.0,109733.83901633475,15876.763299902976,-0.08518861943514995
2026-04-30,CN_SECTOR_COMMUNICATION,CN,sector,COMMUNICATION,1000.0,67000.0,111949.75679026084,16400.491252085838,-0.06671531333235553
2015-01-31,CN_SECTOR_CONSUMER_DISCRETIONARY,CN,sector,CONSUMER_DISCRETIONARY,1000.0,1000.0,958.8914639044393,153.7522810296339,0.0
2015-02-28,CN_SECTOR_CONSUMER_DISCRETIONARY,CN,sector,CONSUMER_DISCRETIONARY,1000.0,2000.0,2196.4318507978996,351.4572240747506,0.0
2015-03-31,CN_SECTOR_CONSUMER_DISCRETIONARY,CN,sector,CONSUMER_DISCRETIONARY,1000.0,3000.0,3383.3080050308845,546.0030825209976,0.0
2015-04-30,CN_SECTOR_CONSUMER_DISCRETIONARY,CN,sector,CONSUMER_DISCRETIONARY,1000.0,4000.0,5197.388934428029,839.6156923362348,0.0
2015-05-31,CN_SECTOR_CONSUMER_DISCRETIONARY,CN,sector,CONSUMER_DISCRETIONARY,1000.0,5000.0,7004.4086139600695,1131.349150957921,0.0
2015-06-30,CN_SECTOR_CONSUMER_DISCRETIONARY,CN,sector,CONSUMER_DISCRETIONARY,1000.0,6000.0,7253.444361083526,1170.1368425035103,0.0
2015-07-31,CN_SECTOR_CONSUMER_DISCRETIONARY,CN,sector,CONSUMER_DISCRETIONARY,1000.0,7000.0,7039.329883612575,1135.4307500925363,-0.02951900735872831
2015-08-31,CN_SECTOR_CONSUMER_DISCRETIONARY,CN,sector,CONSUMER_DISCRETIONARY,1000.0,8000.0,6912.5648122423545,1083.7289062912512,-0.04699554196211558
2015-09-30,CN_SECTOR_CONSUMER_DISCRETIONARY,CN,sector,CONSUMER_DISCRETIONARY,1000.0,9000.0,7927.63305432891,1247.7387658830567,0.0
2015-10-31,CN_SECTOR_CONSUMER_DISCRETIONARY,CN,sector,CONSUMER_DISCRETIONARY,0.0,9000.0,8748.460100485736,1378.4265581357365,0.0
2015-11-30,CN_SECTOR_CONSUMER_DISCRETIONARY,CN,sector,CONSUMER_DISCRETIONARY,1000.0,10000.0,9498.475343838189,1487.6233364680074,0.0
2015-12-31,CN_SECTOR_CONSUMER_DISCRETIONARY,CN,sector,CONSUMER_DISCRETIONARY,1000.0,11000.0,11962.499785513872,1845.7229190236174,0.0
2016-01-31,CN_SECTOR_CONSUMER_DISCRETIONARY,CN,sector,CONSUMER_DISCRETIONARY,1000.0,12000.0,10419.445983671038,1587.0721712322538,-0.1289909157374793
2016-02-29,CN_SECTOR_CONSUMER_DISCRETIONARY,CN,sector,CONSUMER_DISCRETIONARY,1000.0,13000.0,11561.048111581604,1770.3430826299139,-0.03355917919584087
2016-03-31,CN_SECTOR_CONSUMER_DISCRETIONARY,CN,sector,CONSUMER_DISCRETIONARY,1000.0,14000.0,13988.055925679208,2166.9773972090206,0.0
2016-04-30,CN_SECTOR_CONSUMER_DISCRETIONARY,CN,sector,CONSUMER_DISCRETIONARY,1000.0,15000.0,15649.219691590455,2420.269386533405,0.0
2016-05-31,CN_SECTOR_CONSUMER_DISCRETIONARY,CN,sector,CONSUMER_DISCRETIONARY,1000.0,16000.0,16238.531010075829,2470.3773286892165,0.0
2016-06-30,CN_SECTOR_CONSUMER_DISCRETIONARY,CN,sector,CONSUMER_DISCRETIONARY,1000.0,17000.0,17981.272906052203,2713.417145908815,0.0
2016-07-31,CN_SECTOR_CONSUMER_DISCRETIONARY,CN,sector,CONSUMER_DISCRETIONARY,1000.0,18000.0,20073.359973192873,3015.78410593631,0.0
2016-08-31,CN_SECTOR_CONSUMER_DISCRETIONARY,CN,sector,CONSUMER_DISCRETIONARY,1000.0,19000.0,20755.210969533953,3106.8815185683457,0.0
2016-09-30,CN_SECTOR_CONSUMER_DISCRETIONARY,CN,sector,CONSUMER_DISCRETIONARY,1000.0,20000.0,22180.14930464773,3326.0078544409766,0.0
2016-10-31,CN_SECTOR_CONSUMER_DISCRETIONARY,CN,sector,CONSUMER_DISCRETIONARY,0.0,20000.0,22349.886959163137,3294.7912205687735,0.0
2016-11-30,CN_SECTOR_CONSUMER_DISCRETIONARY,CN,sector,CONSUMER_DISCRETIONARY,1000.0,21000.0,26275.179189433926,3809.4877820009183,0.0
2016-12-31,CN_SECTOR_CONSUMER_DISCRETIONARY,CN,sector,CONSUMER_DISCRETIONARY,1000.0,22000.0,24543.976176690383,3533.8971412907063,-0.06588739130044502
2017-01-31,CN_SECTOR_CONSUMER_DISCRETIONARY,CN,sector,CONSUMER_DISCRETIONARY,1000.0,23000.0,26400.50160718354,3836.891766796313,0.0
2017-02-28,CN_SECTOR_CONSUMER_DISCRETIONARY,CN,sector,CONSUMER_DISCRETIONARY,0.0,23000.0,27874.570074801693,4057.374708974661,0.0
2017-03-31,CN_SECTOR_CONSUMER_DISCRETIONARY,CN,sector,CONSUMER_DISCRETIONARY,1000.0,24000.0,30670.142453144166,4452.045685132163,0.0
2017-04-30,CN_SECTOR_CONSUMER_DISCRETIONARY,CN,sector,CONSUMER_DISCRETIONARY,1000.0,25000.0,32887.11992242817,4768.3914626011065,0.0
2017-05-31,CN_SECTOR_CONSUMER_DISCRETIONARY,CN,sector,CONSUMER_DISCRETIONARY,1000.0,26000.0,34913.56767270041,5092.559132343836,0.0
2017-06-30,CN_SECTOR_CONSUMER_DISCRETIONARY,CN,sector,CONSUMER_DISCRETIONARY,1000.0,27000.0,41423.01750299818,6104.457676156303,0.0
2017-07-31,CN_SECTOR_CONSUMER_DISCRETIONARY,CN,sector,CONSUMER_DISCRETIONARY,1000.0,28000.0,40779.166831724826,6051.308924967503,-0.015543306839651385
2017-08-31,CN_SECTOR_CONSUMER_DISCRETIONARY,CN,sector,CONSUMER_DISCRETIONARY,1000.0,29000.0,41358.55892006669,6270.533871281775,-0.001556105441300208
2017-09-30,CN_SECTOR_CONSUMER_DISCRETIONARY,CN,sector,CONSUMER_DISCRETIONARY,1000.0,30000.0,47029.75502852085,7056.227351492057,0.0
2017-10-31,CN_SECTOR_CONSUMER_DISCRETIONARY,CN,sector,CONSUMER_DISCRETIONARY,0.0,30000.0,50812.636332013855,7649.740749503523,0.0
2017-11-30,CN_SECTOR_CONSUMER_DISCRETIONARY,CN,sector,CONSUMER_DISCRETIONARY,1000.0,31000.0,51687.547079938275,7821.610012388451,0.0
2017-12-31,CN_SECTOR_CONSUMER_DISCRETIONARY,CN,sector,CONSUMER_DISCRETIONARY,1000.0,32000.0,55578.79274934221,8509.215622868247,0.0
2018-01-31,CN_SECTOR_CONSUMER_DISCRETIONARY,CN,sector,CONSUMER_DISCRETIONARY,1000.0,33000.0,63565.046373455814,10056.009873351284,0.0
2018-02-28,CN_SECTOR_CONSUMER_DISCRETIONARY,CN,sector,CONSUMER_DISCRETIONARY,1000.0,34000.0,60654.822662645376,9602.295951757827,-0.04578339632936571
2018-03-31,CN_SECTOR_CONSUMER_DISCRETIONARY,CN,sector,CONSUMER_DISCRETIONARY,1000.0,35000.0,57686.82825852257,9172.801155892985,-0.09247563638037298
2018-04-30,CN_SECTOR_CONSUMER_DISCRETIONARY,CN,sector,CONSUMER_DISCRETIONARY,1000.0,36000.0,55382.81655163098,8739.595626498423,-0.12872215610058388
2018-05-31,CN_SECTOR_CONSUMER_DISCRETIONARY,CN,sector,CONSUMER_DISCRETIONARY,1000.0,37000.0,58186.354677467796,9066.119144837457,-0.08461712848264531
2018-06-30,CN_SECTOR_CONSUMER_DISCRETIONARY,CN,sector,CONSUMER_DISCRETIONARY,1000.0,38000.0,57875.96090355464,8732.830610768115,-0.08950021740685596
2018-07-31,CN_SECTOR_CONSUMER_DISCRETIONARY,CN,sector,CONSUMER_DISCRETIONARY,1000.0,39000.0,54029.191393808826,7928.097553422742,-0.1500172740160082
2018-08-31,CN_SECTOR_CONSUMER_DISCRETIONARY,CN,sector,CONSUMER_DISCRETIONARY,1000.0,40000.0,50120.46549197062,7324.233895791608,-0.21150902341038055
2018-09-30,CN_SECTOR_CONSUMER_DISCRETIONARY,CN,sector,CONSUMER_DISCRETIONARY,1000.0,41000.0,52322.14941273142,7604.631930354908,-0.17687231587420543
2018-10-31,CN_SECTOR_CONSUMER_DISCRETIONARY,CN,sector,CONSUMER_DISCRETIONARY,0.0,41000.0,49080.46646119945,7045.413833160546,-0.2278702012920263
2018-11-30,CN_SECTOR_CONSUMER_DISCRETIONARY,CN,sector,CONSUMER_DISCRETIONARY,1000.0,42000.0,52893.08092059135,7619.834257190904,-0.16789046908209262
2018-12-31,CN_SECTOR_CONSUMER_DISCRETIONARY,CN,sector,CONSUMER_DISCRETIONARY,1000.0,43000.0,50759.088053844476,7380.778095603453,-0.2014622666107106
2019-01-31,CN_SECTOR_CONSUMER_DISCRETIONARY,CN,sector,CONSUMER_DISCRETIONARY,1000.0,44000.0,57109.739324474016,8504.168023614096,-0.10155435128695943
2019-02-28,CN_SECTOR_CONSUMER_DISCRETIONARY,CN,sector,CONSUMER_DISCRETIONARY,0.0,44000.0,63111.1104315268,9439.010064321688,-0.007141282321451617
2019-03-31,CN_SECTOR_CONSUMER_DISCRETIONARY,CN,sector,CONSUMER_DISCRETIONARY,1000.0,45000.0,65592.91735838352,9734.630957295381,0.0
2019-04-30,CN_SECTOR_CONSUMER_DISCRETIONARY,CN,sector,CONSUMER_DISCRETIONARY,1000.0,46000.0,72376.87708840458,10750.531419428575,0.0
2019-05-31,CN_SECTOR_CONSUMER_DISCRETIONARY,CN,sector,CONSUMER_DISCRETIONARY,0.0,46000.0,68325.81992459683,9901.001469745801,-0.05597170431738299
2019-06-30,CN_SECTOR_CONSUMER_DISCRETIONARY,CN,sector,CONSUMER_DISCRETIONARY,1000.0,47000.0,72724.99108164306,10590.350162738187,0.0
2019-07-31,CN_SECTOR_CONSUMER_DISCRETIONARY,CN,sector,CONSUMER_DISCRETIONARY,1000.0,48000.0,76799.21903244316,11156.838923056168,0.0
2019-08-31,CN_SECTOR_CONSUMER_DISCRETIONARY,CN,sector,CONSUMER_DISCRETIONARY,1000.0,49000.0,75084.83713894067,10510.784096991045,-0.022322907903246574
2019-09-30,CN_SECTOR_CONSUMER_DISCRETIONARY,CN,sector,CONSUMER_DISCRETIONARY,1000.0,50000.0,75976.20592541556,10668.118523869483,-0.010716425471461134
2019-10-31,CN_SECTOR_CONSUMER_DISCRETIONARY,CN,sector,CONSUMER_DISCRETIONARY,0.0,50000.0,77315.45610505572,10959.891197636973,0.0
2019-11-30,CN_SECTOR_CONSUMER_DISCRETIONARY,CN,sector,CONSUMER_DISCRETIONARY,1000.0,51000.0,77194.1293062504,10973.804369520167,-0.001569243782775706
2019-12-31,CN_SECTOR_CONSUMER_DISCRETIONARY,CN,sector,CONSUMER_DISCRETIONARY,1000.0,52000.0,86382.1215176536,12365.563924074811,0.0
2020-01-31,CN_SECTOR_CONSUMER_DISCRETIONARY,CN,sector,CONSUMER_DISCRETIONARY,0.0,52000.0,87635.80756261692,12635.466978702152,0.0
2020-02-29,CN_SECTOR_CONSUMER_DISCRETIONARY,CN,sector,CONSUMER_DISCRETIONARY,1000.0,53000.0,86595.4777088498,12364.600256660044,-0.01187105913326345
2020-03-31,CN_SECTOR_CONSUMER_DISCRETIONARY,CN,sector,CONSUMER_DISCRETIONARY,1000.0,54000.0,79068.98280948927,11137.731765581524,-0.0977548446393506
2020-04-30,CN_SECTOR_CONSUMER_DISCRETIONARY,CN,sector,CONSUMER_DISCRETIONARY,1000.0,55000.0,84612.01733940718,11958.61984150306,-0.03450404928429744
2020-05-31,CN_SECTOR_CONSUMER_DISCRETIONARY,CN,sector,CONSUMER_DISCRETIONARY,1000.0,56000.0,88952.3041712761,12449.239624320218,0.0
2020-06-30,CN_SECTOR_CONSUMER_DISCRETIONARY,CN,sector,CONSUMER_DISCRETIONARY,1000.0,57000.0,95383.20974852756,13472.96622276842,0.0
2020-07-31,CN_SECTOR_CONSUMER_DISCRETIONARY,CN,sector,CONSUMER_DISCRETIONARY,1000.0,58000.0,108646.47787436238,15504.75638605259,0.0
2020-08-31,CN_SECTOR_CONSUMER_DISCRETIONARY,CN,sector,CONSUMER_DISCRETIONARY,1000.0,59000.0,107122.84193950288,15605.565430980547,-0.014023795015439119
2020-09-30,CN_SECTOR_CONSUMER_DISCRETIONARY,CN,sector,CONSUMER_DISCRETIONARY,1000.0,60000.0,120044.10478730605,17613.654753987354,0.0
2020-10-31,CN_SECTOR_CONSUMER_DISCRETIONARY,CN,sector,CONSUMER_DISCRETIONARY,0.0,60000.0,142487.45781187052,21222.438640958742,0.0
2020-11-30,CN_SECTOR_CONSUMER_DISCRETIONARY,CN,sector,CONSUMER_DISCRETIONARY,1000.0,61000.0,158660.74441522223,24127.241371819862,0.0
2020-12-31,CN_SECTOR_CONSUMER_DISCRETIONARY,CN,sector,CONSUMER_DISCRETIONARY,1000.0,62000.0,171899.06603169398,26355.993866557616,0.0
2021-01-31,CN_SECTOR_CONSUMER_DISCRETIONARY,CN,sector,CONSUMER_DISCRETIONARY,1000.0,63000.0,187517.57347790812,29079.70548956092,0.0
2021-02-28,CN_SECTOR_CONSUMER_DISCRETIONARY,CN,sector,CONSUMER_DISCRETIONARY,1000.0,64000.0,169630.66418418096,26283.841905574118,-0.09538790931418735
2021-03-31,CN_SECTOR_CONSUMER_DISCRETIONARY,CN,sector,CONSUMER_DISCRETIONARY,1000.0,64999.99999999999,154033.59089735692,23441.422701626343,-0.17856450443294603
2021-04-30,CN_SECTOR_CONSUMER_DISCRETIONARY,CN,sector,CONSUMER_DISCRETIONARY,1000.0,66000.0,149624.5361634512,23121.605947956577,-0.2020772592757616
2021-05-31,CN_SECTOR_CONSUMER_DISCRETIONARY,CN,sector,CONSUMER_DISCRETIONARY,0.0,66000.0,155338.6398007901,24395.928584475492,-0.1716048959054449
2021-06-30,CN_SECTOR_CONSUMER_DISCRETIONARY,CN,sector,CONSUMER_DISCRETIONARY,1000.0,67000.0,174887.27834950024,27059.34915539679,-0.06735526113181009
2021-07-31,CN_SECTOR_CONSUMER_DISCRETIONARY,CN,sector,CONSUMER_DISCRETIONARY,1000.0,68000.0,173058.3965098066,26808.73087484909,-0.07710838349668063
2021-08-31,CN_SECTOR_CONSUMER_DISCRETIONARY,CN,sector,CONSUMER_DISCRETIONARY,1000.0,69000.0,175884.70100329988,27205.25686068629,-0.062036172177637204
2021-09-30,CN_SECTOR_CONSUMER_DISCRETIONARY,CN,sector,CONSUMER_DISCRETIONARY,1000.0,70000.0,167033.44374929593,25818.201831457016,-0.10923845348833655
2021-10-31,CN_SECTOR_CONSUMER_DISCRETIONARY,CN,sector,CONSUMER_DISCRETIONARY,0.0,70000.0,188714.0165977031,29530.861695725765,0.0
2021-11-30,CN_SECTOR_CONSUMER_DISCRETIONARY,CN,sector,CONSUMER_DISCRETIONARY,1000.0,71000.0,185064.17341476685,28975.132453902766,-0.019340604628838555
2021-12-31,CN_SECTOR_CONSUMER_DISCRETIONARY,CN,sector,CONSUMER_DISCRETIONARY,1000.0,72000.0,177661.4708286562,27881.14974257468,-0.05856769925367287
2022-01-31,CN_SECTOR_CONSUMER_DISCRETIONARY,CN,sector,CONSUMER_DISCRETIONARY,1000.0,73000.0,162864.86387288524,25643.972315720493,-0.13697526654802006
2022-02-28,CN_SECTOR_CONSUMER_DISCRETIONARY,CN,sector,CONSUMER_DISCRETIONARY,0.0,73000.0,166662.63242276933,26387.370618335757,-0.11685080193032238
2022-03-31,CN_SECTOR_CONSUMER_DISCRETIONARY,CN,sector,CONSUMER_DISCRETIONARY,1000.0,74000.0,150304.80683293645,23684.22159495623,-0.20353130338297373
2022-04-30,CN_SECTOR_CONSUMER_DISCRETIONARY,CN,sector,CONSUMER_DISCRETIONARY,1000.0,75000.0,155660.7161051367,23494.89347445824,-0.1751502145335012
2022-05-31,CN_SECTOR_CONSUMER_DISCRETIONARY,CN,sector,CONSUMER_DISCRETIONARY,0.0,75000.0,175217.69433588264,26307.778955394533,-0.07151732820456924
2022-06-30,CN_SECTOR_CONSUMER_DISCRETIONARY,CN,sector,CONSUMER_DISCRETIONARY,1000.0,76000.0,196016.12745645666,29257.01170667056,0.0
2022-07-31,CN_SECTOR_CONSUMER_DISCRETIONARY,CN,sector,CONSUMER_DISCRETIONARY,1000.0,77000.0,187867.86239575304,27849.604477721183,-0.04156936047271768
2022-08-31,CN_SECTOR_CONSUMER_DISCRETIONARY,CN,sector,CONSUMER_DISCRETIONARY,1000.0,78000.0,173972.83140927387,25174.051037309295,-0.11245654290399915
2022-09-30,CN_SECTOR_CONSUMER_DISCRETIONARY,CN,sector,CONSUMER_DISCRETIONARY,1000.0,79000.0,158502.51744465067,22249.40255387797,-0.19138022212044425
2022-10-31,CN_SECTOR_CONSUMER_DISCRETIONARY,CN,sector,CONSUMER_DISCRETIONARY,0.0,79000.0,147163.80161786557,20294.536467679838,-0.24922605334830536
2022-11-30,CN_SECTOR_CONSUMER_DISCRETIONARY,CN,sector,CONSUMER_DISCRETIONARY,1000.0,80000.0,161344.7494459362,22536.071424340316,-0.17688023154228677
2022-12-31,CN_SECTOR_CONSUMER_DISCRETIONARY,CN,sector,CONSUMER_DISCRETIONARY,1000.0,81000.0,164194.62095152217,23580.678430151525,-0.1623412671082555
2023-01-31,CN_SECTOR_CONSUMER_DISCRETIONARY,CN,sector,CONSUMER_DISCRETIONARY,1000.0,82000.0,180937.46674380943,26814.290604313162,-0.07692561274580237
2023-02-28,CN_SECTOR_CONSUMER_DISCRETIONARY,CN,sector,CONSUMER_DISCRETIONARY,1000.0,83000.0,170737.60620528486,24588.142620353025,-0.12896143587362327
2023-03-31,CN_SECTOR_CONSUMER_DISCRETIONARY,CN,sector,CONSUMER_DISCRETIONARY,1000.0,84000.0,171826.46472805896,25009.674244607824,-0.1234064923243177
2023-04-30,CN_SECTOR_CONSUMER_DISCRETIONARY,CN,sector,CONSUMER_DISCRETIONARY,0.0,84000.0,176065.23418274752,25434.499760924766,-0.101781896890811
2023-05-31,CN_SECTOR_CONSUMER_DISCRETIONARY,CN,sector,CONSUMER_DISCRETIONARY,0.0,84000.0,165954.60349322157,23443.2269505086,-0.15336250314358957
2023-06-30,CN_SECTOR_CONSUMER_DISCRETIONARY,CN,sector,CONSUMER_DISCRETIONARY,1000.0,85000.0,177260.61601274586,24443.671162948733,-0.09568351179612596
2023-07-31,CN_SECTOR_CONSUMER_DISCRETIONARY,CN,sector,CONSUMER_DISCRETIONARY,1000.0,86000.0,185967.8369951716,26182.328069454506,-0.051262570032750046
2023-08-31,CN_SECTOR_CONSUMER_DISCRETIONARY,CN,sector,CONSUMER_DISCRETIONARY,1000.0,87000.0,173229.22352444878,23783.46243730496,-0.1162501485346903
2023-09-30,CN_SECTOR_CONSUMER_DISCRETIONARY,CN,sector,CONSUMER_DISCRETIONARY,1000.0,88000.0,168745.1156301845,23116.085749171903,-0.13912636771344328
2023-10-31,CN_SECTOR_CONSUMER_DISCRETIONARY,CN,sector,CONSUMER_DISCRETIONARY,0.0,88000.0,165521.2478379476,22636.62276780542,-0.15557331947231354
2023-11-30,CN_SECTOR_CONSUMER_DISCRETIONARY,CN,sector,CONSUMER_DISCRETIONARY,1000.0,89000.0,148723.71260406493,21009.438689253846,-0.2412679786406725
2023-12-31,CN_SECTOR_CONSUMER_DISCRETIONARY,CN,sector,CONSUMER_DISCRETIONARY,1000.0,90000.0,150840.65940186192,21224.238366916474,-0.2304681183165915
2024-01-31,CN_SECTOR_CONSUMER_DISCRETIONARY,CN,sector,CONSUMER_DISCRETIONARY,1000.0,91000.0,146223.14388797333,20611.937232266904,-0.25402493261450854
2024-02-29,CN_SECTOR_CONSUMER_DISCRETIONARY,CN,sector,CONSUMER_DISCRETIONARY,1000.0,92000.0,162450.46482543627,22575.105973650527,-0.17123929069804075
2024-03-31,CN_SECTOR_CONSUMER_DISCRETIONARY,CN,sector,CONSUMER_DISCRETIONARY,1000.0,93000.0,169805.9459443546,23497.674550283813,-0.13371441346286378
2024-04-30,CN_SECTOR_CONSUMER_DISCRETIONARY,CN,sector,CONSUMER_DISCRETIONARY,1000.0,94000.0,184128.31451933424,25440.16951353484,-0.060647116598929844
2024-05-31,CN_SECTOR_CONSUMER_DISCRETIONARY,CN,sector,CONSUMER_DISCRETIONARY,0.0,94000.0,183253.46470332454,25333.99662772973,-0.06511026882707512
2024-06-30,CN_SECTOR_CONSUMER_DISCRETIONARY,CN,sector,CONSUMER_DISCRETIONARY,1000.0,95000.0,191486.03135916978,26349.35484644656,-0.02311083356288222
2024-07-31,CN_SECTOR_CONSUMER_DISCRETIONARY,CN,sector,CONSUMER_DISCRETIONARY,1000.0,96000.0,191340.69253917912,26389.271741999088,-0.023852297144867068
2024-08-31,CN_SECTOR_CONSUMER_DISCRETIONARY,CN,sector,CONSUMER_DISCRETIONARY,1000.0,97000.0,193863.31547113913,27322.009115578818,-0.010982830919337286
2024-09-30,CN_SECTOR_CONSUMER_DISCRETIONARY,CN,sector,CONSUMER_DISCRETIONARY,1000.0,98000.0,236162.8147027837,33687.974741607315,0.0
2024-10-31,CN_SECTOR_CONSUMER_DISCRETIONARY,CN,sector,CONSUMER_DISCRETIONARY,0.0,98000.0,222250.61688316189,31237.78850030509,-0.058909349624455674
2024-11-30,CN_SECTOR_CONSUMER_DISCRETIONARY,CN,sector,CONSUMER_DISCRETIONARY,1000.0,99000.0,213074.6109584464,29418.411693628634,-0.09776392516914377
2024-12-31,CN_SECTOR_CONSUMER_DISCRETIONARY,CN,sector,CONSUMER_DISCRETIONARY,1000.0,100000.0,224788.56447114417,30800.970750693894,-0.048162748424023884
2025-01-31,CN_SECTOR_CONSUMER_DISCRETIONARY,CN,sector,CONSUMER_DISCRETIONARY,0.0,100000.0,219706.32332367048,30595.93092218656,-0.06968282199644384
2025-02-28,CN_SECTOR_CONSUMER_DISCRETIONARY,CN,sector,CONSUMER_DISCRETIONARY,1000.0,101000.0,253071.72604286368,34737.31126447519,0.0
2025-03-31,CN_SECTOR_CONSUMER_DISCRETIONARY,CN,sector,CONSUMER_DISCRETIONARY,1000.0,102000.0,268673.77755460545,36993.13894629128,0.0
2025-04-30,CN_SECTOR_CONSUMER_DISCRETIONARY,CN,sector,CONSUMER_DISCRETIONARY,1000.0,103000.0,256482.58468387666,35284.43840961403,-0.04537544743550956
2025-05-31,CN_SECTOR_CONSUMER_DISCRETIONARY,CN,sector,CONSUMER_DISCRETIONARY,1000.0,104000.0,262507.5078448983,36440.649312703965,-0.022950768645272367
2025-06-30,CN_SECTOR_CONSUMER_DISCRETIONARY,CN,sector,CONSUMER_DISCRETIONARY,1000.0,105000.0,247564.50800140048,34517.715269436696,-0.07856840271252265
2025-07-31,CN_SECTOR_CONSUMER_DISCRETIONARY,CN,sector,CONSUMER_DISCRETIONARY,1000.0,106000.0,240646.64685993548,33533.05845112894,-0.10431658403646671
2025-08-31,CN_SECTOR_CONSUMER_DISCRETIONARY,CN,sector,CONSUMER_DISCRETIONARY,1000.0,107000.0,252878.96200321603,35352.854231616104,-0.058788080084143185
2025-09-30,CN_SECTOR_CONSUMER_DISCRETIONARY,CN,sector,CONSUMER_DISCRETIONARY,1000.0,108000.0,243750.44239731654,34237.497761249564,-0.092764300945683
2025-10-31,CN_SECTOR_CONSUMER_DISCRETIONARY,CN,sector,CONSUMER_DISCRETIONARY,0.0,108000.0,236078.49638858362,33204.66130888113,-0.12131917548000061
2025-11-30,CN_SECTOR_CONSUMER_DISCRETIONARY,CN,sector,CONSUMER_DISCRETIONARY,1000.0,109000.0,233408.04699745428,32986.80699145559,-0.13125855034358064
2025-12-31,CN_SECTOR_CONSUMER_DISCRETIONARY,CN,sector,CONSUMER_DISCRETIONARY,1000.0,110000.0,236091.06798631456,33746.097069983545,-0.12127238417105574
2026-01-31,CN_SECTOR_CONSUMER_DISCRETIONARY,CN,sector,CONSUMER_DISCRETIONARY,1000.0,111000.0,226092.95572656253,32540.724987933034,-0.15848521659092227
2026-02-28,CN_SECTOR_CONSUMER_DISCRETIONARY,CN,sector,CONSUMER_DISCRETIONARY,1000.0,112000.0,224636.02050601857,32837.20304855688,-0.1639079088752404
2026-03-31,CN_SECTOR_CONSUMER_DISCRETIONARY,CN,sector,CONSUMER_DISCRETIONARY,1000.0,113000.0,244894.55272580418,35432.396076878555,-0.08850593848507735
2026-04-30,CN_SECTOR_CONSUMER_DISCRETIONARY,CN,sector,CONSUMER_DISCRETIONARY,1000.0,114000.0,240415.2453816695,35220.51536152296,-0.10517785706568507
2015-01-31,CN_SECTOR_CONSUMER_STAPLES,CN,sector,CONSUMER_STAPLES,1000.0,1000.0,920.0911964707142,147.5308995208195,0.0
2015-02-28,CN_SECTOR_CONSUMER_STAPLES,CN,sector,CONSUMER_STAPLES,1000.0,2000.0,1971.3255547012209,315.4373339428773,0.0
2015-03-31,CN_SECTOR_CONSUMER_STAPLES,CN,sector,CONSUMER_STAPLES,1000.0,3000.0,3192.9563956011953,515.2838676706505,0.0
2015-04-30,CN_SECTOR_CONSUMER_STAPLES,CN,sector,CONSUMER_STAPLES,1000.0,4000.0,5024.761580692729,811.7284903293704,0.0
2015-05-31,CN_SECTOR_CONSUMER_STAPLES,CN,sector,CONSUMER_STAPLES,1000.0,5000.0,6411.272955776223,1035.5461274233223,0.0
2015-06-30,CN_SECTOR_CONSUMER_STAPLES,CN,sector,CONSUMER_STAPLES,1000.0,6000.0,7572.438086497026,1221.5974027631917,0.0
2015-07-31,CN_SECTOR_CONSUMER_STAPLES,CN,sector,CONSUMER_STAPLES,1000.0,7000.0,7449.989263317449,1201.6693403049824,-0.016170330054982578
2015-08-31,CN_SECTOR_CONSUMER_STAPLES,CN,sector,CONSUMER_STAPLES,1000.0,8000.0,8086.035784679047,1267.7017800458793,0.0
2015-09-30,CN_SECTOR_CONSUMER_STAPLES,CN,sector,CONSUMER_STAPLES,1000.0,9000.0,8892.835609849892,1399.6530430953828,0.0
2015-10-31,CN_SECTOR_CONSUMER_STAPLES,CN,sector,CONSUMER_STAPLES,0.0,9000.0,9357.167350503794,1474.3358072969775,0.0
2015-11-30,CN_SECTOR_CONSUMER_STAPLES,CN,sector,CONSUMER_STAPLES,1000.0,10000.0,9933.654197960072,1555.7797716320033,0.0
2015-12-31,CN_SECTOR_CONSUMER_STAPLES,CN,sector,CONSUMER_STAPLES,1000.0,11000.0,11862.86170774115,1830.3495198971848,0.0
2016-01-31,CN_SECTOR_CONSUMER_STAPLES,CN,sector,CONSUMER_STAPLES,1000.0,12000.0,11197.405960657934,1705.5697028422194,-0.0560957181730418
2016-02-29,CN_SECTOR_CONSUMER_STAPLES,CN,sector,CONSUMER_STAPLES,1000.0,13000.0,12192.822924810562,1867.0867480471734,0.0
2016-03-31,CN_SECTOR_CONSUMER_STAPLES,CN,sector,CONSUMER_STAPLES,1000.0,14000.0,15485.524939312563,2398.9597057446367,0.0
2016-04-30,CN_SECTOR_CONSUMER_STAPLES,CN,sector,CONSUMER_STAPLES,1000.0,15000.0,16781.685334599475,2595.4137056171535,0.0
2016-05-31,CN_SECTOR_CONSUMER_STAPLES,CN,sector,CONSUMER_STAPLES,1000.0,16000.0,18556.75383975907,2823.04993914553,0.0
2016-06-30,CN_SECTOR_CONSUMER_STAPLES,CN,sector,CONSUMER_STAPLES,1000.0,17000.0,21323.078720177065,3217.7036467433654,0.0
2016-07-31,CN_SECTOR_CONSUMER_STAPLES,CN,sector,CONSUMER_STAPLES,1000.0,18000.0,24479.48289041948,3677.75178251458,0.0
2016-08-31,CN_SECTOR_CONSUMER_STAPLES,CN,sector,CONSUMER_STAPLES,1000.0,19000.0,24437.00697584423,3658.015592027537,-0.0017351638825620075
2016-09-30,CN_SECTOR_CONSUMER_STAPLES,CN,sector,CONSUMER_STAPLES,1000.0,20000.0,24365.54410577672,3653.7171125606415,-0.004654460437452787
2016-10-31,CN_SECTOR_CONSUMER_STAPLES,CN,sector,CONSUMER_STAPLES,0.0,20000.0,26185.71227226276,3860.2635913386225,0.0
2016-11-30,CN_SECTOR_CONSUMER_STAPLES,CN,sector,CONSUMER_STAPLES,1000.0,21000.0,28266.59983488391,4098.212458737539,0.0
2016-12-31,CN_SECTOR_CONSUMER_STAPLES,CN,sector,CONSUMER_STAPLES,1000.0,22000.0,28372.313885578413,4085.1098538496185,0.0
2017-01-31,CN_SECTOR_CONSUMER_STAPLES,CN,sector,CONSUMER_STAPLES,1000.0,23000.0,30811.010912936537,4477.888937774972,0.0
2017-02-28,CN_SECTOR_CONSUMER_STAPLES,CN,sector,CONSUMER_STAPLES,0.0,23000.0,31705.67772228508,4615.024180681144,0.0
2017-03-31,CN_SECTOR_CONSUMER_STAPLES,CN,sector,CONSUMER_STAPLES,1000.0,24000.0,35218.99309071162,5112.35206891346,0.0
2017-04-30,CN_SECTOR_CONSUMER_STAPLES,CN,sector,CONSUMER_STAPLES,1000.0,25000.0,37587.76246480309,5449.950195037083,0.0
2017-05-31,CN_SECTOR_CONSUMER_STAPLES,CN,sector,CONSUMER_STAPLES,1000.0,26000.0,40997.20901762181,5979.930585740416,0.0
2017-06-30,CN_SECTOR_CONSUMER_STAPLES,CN,sector,CONSUMER_STAPLES,1000.0,27000.0,46685.63037324606,6880.002275969641,0.0
2017-07-31,CN_SECTOR_CONSUMER_STAPLES,CN,sector,CONSUMER_STAPLES,1000.0,28000.0,47568.071550426976,7058.729206126265,0.0
2017-08-31,CN_SECTOR_CONSUMER_STAPLES,CN,sector,CONSUMER_STAPLES,1000.0,29000.0,50431.886563073575,7646.176780423546,0.0
2017-09-30,CN_SECTOR_CONSUMER_STAPLES,CN,sector,CONSUMER_STAPLES,1000.0,30000.0,55555.80164216815,8335.454157560463,0.0
2017-10-31,CN_SECTOR_CONSUMER_STAPLES,CN,sector,CONSUMER_STAPLES,0.0,30000.0,63780.06811786541,9601.961663617712,0.0
2017-11-30,CN_SECTOR_CONSUMER_STAPLES,CN,sector,CONSUMER_STAPLES,1000.0,31000.0,64417.898292863,9748.028427141988,0.0
2017-12-31,CN_SECTOR_CONSUMER_STAPLES,CN,sector,CONSUMER_STAPLES,1000.0,32000.0,75090.05314129917,11496.425555582297,0.0
2018-01-31,CN_SECTOR_CONSUMER_STAPLES,CN,sector,CONSUMER_STAPLES,1000.0,33000.0,81559.15459656955,12902.68332483713,0.0
2018-02-28,CN_SECTOR_CONSUMER_STAPLES,CN,sector,CONSUMER_STAPLES,1000.0,34000.0,76445.49433771972,12102.125248835033,-0.0626987894141919
2018-03-31,CN_SECTOR_CONSUMER_STAPLES,CN,sector,CONSUMER_STAPLES,1000.0,35000.0,70360.25106867554,11188.006202027878,-0.1373101963021702
2018-04-30,CN_SECTOR_CONSUMER_STAPLES,CN,sector,CONSUMER_STAPLES,1000.0,36000.0,69562.59673027931,10977.212861412678,-0.14709026749518106
2018-05-31,CN_SECTOR_CONSUMER_STAPLES,CN,sector,CONSUMER_STAPLES,1000.0,37000.0,81544.94568287682,12705.662647509806,-0.00017421604923472932
2018-06-30,CN_SECTOR_CONSUMER_STAPLES,CN,sector,CONSUMER_STAPLES,1000.0,38000.0,78420.85189418303,11832.823252563445,-0.038478852777595225
2018-07-31,CN_SECTOR_CONSUMER_STAPLES,CN,sector,CONSUMER_STAPLES,1000.0,39000.0,76805.03603057221,11270.163453053281,-0.05829043458718371
2018-08-31,CN_SECTOR_CONSUMER_STAPLES,CN,sector,CONSUMER_STAPLES,1000.0,40000.0,69400.71952787534,10141.70753142392,-0.14907505023606035
2018-09-30,CN_SECTOR_CONSUMER_STAPLES,CN,sector,CONSUMER_STAPLES,1000.0,41000.0,76911.81723900951,11178.55569318553,-0.056981185993748795
2018-10-31,CN_SECTOR_CONSUMER_STAPLES,CN,sector,CONSUMER_STAPLES,0.0,41000.0,58722.62491275674,8429.528562180736,-0.2799995879895172
2018-11-30,CN_SECTOR_CONSUMER_STAPLES,CN,sector,CONSUMER_STAPLES,1000.0,42000.0,63344.280597454635,9125.44534923646,-0.22333328599608918
2018-12-31,CN_SECTOR_CONSUMER_STAPLES,CN,sector,CONSUMER_STAPLES,1000.0,43000.0,64137.967557912285,9326.174369913835,-0.21360185897991174
2019-01-31,CN_SECTOR_CONSUMER_STAPLES,CN,sector,CONSUMER_STAPLES,1000.0,44000.0,74473.70915267599,11089.823617960572,-0.08687492506440944
2019-02-28,CN_SECTOR_CONSUMER_STAPLES,CN,sector,CONSUMER_STAPLES,0.0,44000.0,84169.30936791161,12588.5117976604,0.0
2019-03-31,CN_SECTOR_CONSUMER_STAPLES,CN,sector,CONSUMER_STAPLES,1000.0,45000.0,100854.0103977899,14967.722298758734,0.0
2019-04-30,CN_SECTOR_CONSUMER_STAPLES,CN,sector,CONSUMER_STAPLES,1000.0,46000.0,109795.99933915999,16308.597277296778,0.0
2019-05-31,CN_SECTOR_CONSUMER_STAPLES,CN,sector,CONSUMER_STAPLES,0.0,46000.0,106813.2728575665,15478.16583420774,-0.027166076173502866
2019-06-30,CN_SECTOR_CONSUMER_STAPLES,CN,sector,CONSUMER_STAPLES,1000.0,47000.0,121858.25142416435,17745.2280654406,0.0
2019-07-31,CN_SECTOR_CONSUMER_STAPLES,CN,sector,CONSUMER_STAPLES,1000.0,48000.0,121619.24989070653,17667.971081845564,-0.001961307754416263
2019-08-31,CN_SECTOR_CONSUMER_STAPLES,CN,sector,CONSUMER_STAPLES,1000.0,49000.0,137335.74330210086,19225.004696714346,0.0
2019-09-30,CN_SECTOR_CONSUMER_STAPLES,CN,sector,CONSUMER_STAPLES,1000.0,50000.0,133711.55543328414,18774.966504296623,-0.026389254404401506
2019-10-31,CN_SECTOR_CONSUMER_STAPLES,CN,sector,CONSUMER_STAPLES,0.0,50000.0,136515.01576745982,19351.75442310064,-0.005976066498840519
2019-11-30,CN_SECTOR_CONSUMER_STAPLES,CN,sector,CONSUMER_STAPLES,1000.0,51000.0,133187.64070217952,18933.75994572318,-0.030204100550842473
2019-12-31,CN_SECTOR_CONSUMER_STAPLES,CN,sector,CONSUMER_STAPLES,1000.0,52000.0,140706.30552007072,20142.047739279653,0.0
2020-01-31,CN_SECTOR_CONSUMER_STAPLES,CN,sector,CONSUMER_STAPLES,0.0,52000.0,131196.78480564273,18916.15640032894,-0.06758418309172023
2020-02-29,CN_SECTOR_CONSUMER_STAPLES,CN,sector,CONSUMER_STAPLES,1000.0,53000.0,128558.74150911099,18356.356363133684,-0.0863327621748051
2020-03-31,CN_SECTOR_CONSUMER_STAPLES,CN,sector,CONSUMER_STAPLES,1000.0,54000.0,130861.93147341778,18433.335541808927,-0.0699639864060585
2020-04-30,CN_SECTOR_CONSUMER_STAPLES,CN,sector,CONSUMER_STAPLES,1000.0,55000.0,147738.7442950451,20880.621150993724,0.0
2020-05-31,CN_SECTOR_CONSUMER_STAPLES,CN,sector,CONSUMER_STAPLES,1000.0,56000.0,158476.47120436336,22179.431811468265,0.0
2020-06-30,CN_SECTOR_CONSUMER_STAPLES,CN,sector,CONSUMER_STAPLES,1000.0,57000.0,176802.86945318468,24973.5681417249,0.0
2020-07-31,CN_SECTOR_CONSUMER_STAPLES,CN,sector,CONSUMER_STAPLES,1000.0,58000.0,214083.69317193388,30551.52429971716,0.0
2020-08-31,CN_SECTOR_CONSUMER_STAPLES,CN,sector,CONSUMER_STAPLES,1000.0,59000.0,235438.5728237738,34298.493081924025,0.0
2020-09-30,CN_SECTOR_CONSUMER_STAPLES,CN,sector,CONSUMER_STAPLES,1000.0,60000.0,218693.3163789354,32088.111103231953,-0.0711236746128778
2020-10-31,CN_SECTOR_CONSUMER_STAPLES,CN,sector,CONSUMER_STAPLES,0.0,60000.0,230219.3977796277,34289.45339025894,-0.022167884308628844
2020-11-30,CN_SECTOR_CONSUMER_STAPLES,CN,sector,CONSUMER_STAPLES,1000.0,61000.0,236027.22743607004,35892.21711810603,0.0
2020-12-31,CN_SECTOR_CONSUMER_STAPLES,CN,sector,CONSUMER_STAPLES,1000.0,62000.0,274699.9897715916,42117.68808696513,0.0
2021-01-31,CN_SECTOR_CONSUMER_STAPLES,CN,sector,CONSUMER_STAPLES,1000.0,63000.0,281193.99740681524,43606.785638071946,0.0
2021-02-28,CN_SECTOR_CONSUMER_STAPLES,CN,sector,CONSUMER_STAPLES,1000.0,64000.0,276569.83199938165,42853.79518546298,-0.01644475148857323
2021-03-31,CN_SECTOR_CONSUMER_STAPLES,CN,sector,CONSUMER_STAPLES,1000.0,64999.99999999999,263192.93831712427,40053.7109031368,-0.06401651264144191
2021-04-30,CN_SECTOR_CONSUMER_STAPLES,CN,sector,CONSUMER_STAPLES,1000.0,66000.0,272602.5113555494,42125.49632301555,-0.03055358980098065
2021-05-31,CN_SECTOR_CONSUMER_STAPLES,CN,sector,CONSUMER_STAPLES,0.0,66000.0,296624.21978297736,46584.824558341934,0.0
2021-06-30,CN_SECTOR_CONSUMER_STAPLES,CN,sector,CONSUMER_STAPLES,1000.0,67000.0,277827.04250750004,42986.65414071951,-0.06337033870406848
2021-07-31,CN_SECTOR_CONSUMER_STAPLES,CN,sector,CONSUMER_STAPLES,1000.0,68000.0,220876.7454138514,34216.34167271944,-0.2553651027705896
2021-08-31,CN_SECTOR_CONSUMER_STAPLES,CN,sector,CONSUMER_STAPLES,1000.0,69000.0,207490.45226010683,32093.928679847297,-0.3004938962438216
2021-09-30,CN_SECTOR_CONSUMER_STAPLES,CN,sector,CONSUMER_STAPLES,1000.0,70000.0,234610.04288787986,36263.45301278386,-0.20906646443257285
2021-10-31,CN_SECTOR_CONSUMER_STAPLES,CN,sector,CONSUMER_STAPLES,0.0,70000.0,238541.32477346726,37328.07449919013,-0.1958130561692028
2021-11-30,CN_SECTOR_CONSUMER_STAPLES,CN,sector,CONSUMER_STAPLES,1000.0,71000.0,241798.01941476058,37857.83877213157,-0.18483386288661768
2021-12-31,CN_SECTOR_CONSUMER_STAPLES,CN,sector,CONSUMER_STAPLES,1000.0,72000.0,253614.88154830402,39800.83276589121,-0.1449960433647015
2022-01-31,CN_SECTOR_CONSUMER_STAPLES,CN,sector,CONSUMER_STAPLES,1000.0,73000.0,231256.4894716419,36412.611491635624,-0.22037219468848912
2022-02-28,CN_SECTOR_CONSUMER_STAPLES,CN,sector,CONSUMER_STAPLES,0.0,73000.0,223810.43221059858,35435.47066993365,-0.2454748557810026
2022-03-31,CN_SECTOR_CONSUMER_STAPLES,CN,sector,CONSUMER_STAPLES,1000.0,74000.0,202095.34497459425,31845.09553980911,-0.3186822535177484
2022-04-30,CN_SECTOR_CONSUMER_STAPLES,CN,sector,CONSUMER_STAPLES,1000.0,75000.0,213887.62303511557,32283.462677384476,-0.2789273135160552
2022-05-31,CN_SECTOR_CONSUMER_STAPLES,CN,sector,CONSUMER_STAPLES,0.0,75000.0,216381.08737807232,32488.190410484556,-0.2705211747834154
2022-06-30,CN_SECTOR_CONSUMER_STAPLES,CN,sector,CONSUMER_STAPLES,1000.0,76000.0,245526.05990585056,36646.77443724058,-0.17226563601081646
2022-07-31,CN_SECTOR_CONSUMER_STAPLES,CN,sector,CONSUMER_STAPLES,1000.0,77000.0,224290.81495442585,33248.95703187454,-0.2438553563882061
2022-08-31,CN_SECTOR_CONSUMER_STAPLES,CN,sector,CONSUMER_STAPLES,1000.0,78000.0,221324.43351804753,32025.877489339364,-0.2538558257987911
2022-09-30,CN_SECTOR_CONSUMER_STAPLES,CN,sector,CONSUMER_STAPLES,1000.0,79000.0,217498.0251647301,30530.752410626017,-0.26675567718691107
2022-10-31,CN_SECTOR_CONSUMER_STAPLES,CN,sector,CONSUMER_STAPLES,0.0,79000.0,163839.8203928531,22594.232910990613,-0.44765191287237055
2022-11-30,CN_SECTOR_CONSUMER_STAPLES,CN,sector,CONSUMER_STAPLES,1000.0,80000.0,193406.99624334555,27014.414142851645,-0.34797301317859286
2022-12-31,CN_SECTOR_CONSUMER_STAPLES,CN,sector,CONSUMER_STAPLES,1000.0,81000.0,215065.2498759335,30886.422889102316,-0.27495721680015134
2023-01-31,CN_SECTOR_CONSUMER_STAPLES,CN,sector,CONSUMER_STAPLES,1000.0,82000.0,237881.02926529027,35253.12453392605,-0.1980390898648332
2023-02-28,CN_SECTOR_CONSUMER_STAPLES,CN,sector,CONSUMER_STAPLES,1000.0,83000.0,232486.87085259738,33480.73376998252,-0.21622424823335581
2023-03-31,CN_SECTOR_CONSUMER_STAPLES,CN,sector,CONSUMER_STAPLES,1000.0,84000.0,228709.35689746577,33289.089208417565,-0.22895926345866477
2023-04-30,CN_SECTOR_CONSUMER_STAPLES,CN,sector,CONSUMER_STAPLES,0.0,84000.0,212494.8388087455,30697.144453111945,-0.28362276362929645
2023-05-31,CN_SECTOR_CONSUMER_STAPLES,CN,sector,CONSUMER_STAPLES,0.0,84000.0,200618.29509669132,28339.92021539759,-0.32366178579931193
2023-06-30,CN_SECTOR_CONSUMER_STAPLES,CN,sector,CONSUMER_STAPLES,1000.0,85000.0,205600.3785987485,28351.633648188406,-0.30686584275156525
2023-07-31,CN_SECTOR_CONSUMER_STAPLES,CN,sector,CONSUMER_STAPLES,1000.0,86000.0,225935.43061531533,31809.347586471366,-0.23831091479778993
2023-08-31,CN_SECTOR_CONSUMER_STAPLES,CN,sector,CONSUMER_STAPLES,1000.0,87000.0,209691.68741608408,28789.567196620606,-0.29307294067388273
2023-09-30,CN_SECTOR_CONSUMER_STAPLES,CN,sector,CONSUMER_STAPLES,1000.0,88000.0,208700.55427302152,28589.50844567089,-0.29641431699098764
2023-10-31,CN_SECTOR_CONSUMER_STAPLES,CN,sector,CONSUMER_STAPLES,0.0,88000.0,203366.8677181976,27812.375318207407,-0.31439560846720715
2023-11-30,CN_SECTOR_CONSUMER_STAPLES,CN,sector,CONSUMER_STAPLES,1000.0,89000.0,206735.48676604367,29204.465502198138,-0.30303908791635437
2023-12-31,CN_SECTOR_CONSUMER_STAPLES,CN,sector,CONSUMER_STAPLES,1000.0,90000.0,199127.52665179363,28018.507130843347,-0.3286875670588072
2024-01-31,CN_SECTOR_CONSUMER_STAPLES,CN,sector,CONSUMER_STAPLES,1000.0,91000.0,186813.32848256655,26333.619278379,-0.3702020400786997
2024-02-29,CN_SECTOR_CONSUMER_STAPLES,CN,sector,CONSUMER_STAPLES,1000.0,92000.0,202389.22477501212,28125.23929759464,-0.3176915056933365
2024-03-31,CN_SECTOR_CONSUMER_STAPLES,CN,sector,CONSUMER_STAPLES,1000.0,93000.0,208894.1361532584,28906.68168004238,-0.29576170042320193
2024-04-30,CN_SECTOR_CONSUMER_STAPLES,CN,sector,CONSUMER_STAPLES,1000.0,94000.0,209369.43619453922,28927.62018512368,-0.2941593361873059
2024-05-31,CN_SECTOR_CONSUMER_STAPLES,CN,sector,CONSUMER_STAPLES,0.0,94000.0,203889.80544317304,28186.881224255012,-0.31263264479095026
2024-06-30,CN_SECTOR_CONSUMER_STAPLES,CN,sector,CONSUMER_STAPLES,1000.0,95000.0,181934.15712548507,25034.973208028758,-0.38665103861513506
2024-07-31,CN_SECTOR_CONSUMER_STAPLES,CN,sector,CONSUMER_STAPLES,1000.0,96000.0,178693.4396973251,24644.991486688963,-0.3975763684163597
2024-08-31,CN_SECTOR_CONSUMER_STAPLES,CN,sector,CONSUMER_STAPLES,1000.0,97000.0,175771.4309052435,24772.240306425298,-0.4074272457122847
2024-09-30,CN_SECTOR_CONSUMER_STAPLES,CN,sector,CONSUMER_STAPLES,1000.0,98000.0,223272.15946506942,31849.158293736746,-0.24728951793476397
2024-10-31,CN_SECTOR_CONSUMER_STAPLES,CN,sector,CONSUMER_STAPLES,0.0,98000.0,200943.91937170597,28243.087653860504,-0.3225640188157093
2024-11-30,CN_SECTOR_CONSUMER_STAPLES,CN,sector,CONSUMER_STAPLES,1000.0,99000.0,202661.2631101752,27980.67984593728,-0.3167743913209426
2024-12-31,CN_SECTOR_CONSUMER_STAPLES,CN,sector,CONSUMER_STAPLES,1000.0,100000.0,202251.52822918768,27712.901765828166,-0.3181557177725968
2025-01-31,CN_SECTOR_CONSUMER_STAPLES,CN,sector,CONSUMER_STAPLES,0.0,100000.0,187232.1131307836,26073.627345377812,-0.3687902044284502
2025-02-28,CN_SECTOR_CONSUMER_STAPLES,CN,sector,CONSUMER_STAPLES,1000.0,101000.0,194975.2071074222,26762.825559576286,-0.3426861527016432
2025-03-31,CN_SECTOR_CONSUMER_STAPLES,CN,sector,CONSUMER_STAPLES,1000.0,102000.0,199134.33098676504,27418.395804082378,-0.32866462781609673
2025-04-30,CN_SECTOR_CONSUMER_STAPLES,CN,sector,CONSUMER_STAPLES,1000.0,103000.0,200261.87686231974,27550.127306504914,-0.3248633674996611
2025-05-31,CN_SECTOR_CONSUMER_STAPLES,CN,sector,CONSUMER_STAPLES,1000.0,104000.0,199332.87875115869,27670.90202751274,-0.32799526991761185
2025-06-30,CN_SECTOR_CONSUMER_STAPLES,CN,sector,CONSUMER_STAPLES,1000.0,105000.0,186231.42968703917,25966.09472033436,-0.3721637773769996
2025-07-31,CN_SECTOR_CONSUMER_STAPLES,CN,sector,CONSUMER_STAPLES,1000.0,106000.0,188485.01791436595,26264.563439204085,-0.36456632552706103
2025-08-31,CN_SECTOR_CONSUMER_STAPLES,CN,sector,CONSUMER_STAPLES,1000.0,107000.0,199129.2534263215,27838.565192867867,-0.3286817456375857
2025-09-30,CN_SECTOR_CONSUMER_STAPLES,CN,sector,CONSUMER_STAPLES,1000.0,108000.0,191761.70450935868,26935.093385926288,-0.35351973399320014
2025-10-31,CN_SECTOR_CONSUMER_STAPLES,CN,sector,CONSUMER_STAPLES,0.0,108000.0,189771.1780041749,26691.49366930965,-0.3602303340468307
2025-11-30,CN_SECTOR_CONSUMER_STAPLES,CN,sector,CONSUMER_STAPLES,1000.0,109000.0,194291.27948764173,27458.560315410607,-0.34499185659959486
2025-12-31,CN_SECTOR_CONSUMER_STAPLES,CN,sector,CONSUMER_STAPLES,1000.0,110000.0,183232.5618589857,26190.672402877717,-0.38227376714873024
2026-01-31,CN_SECTOR_CONSUMER_STAPLES,CN,sector,CONSUMER_STAPLES,1000.0,111000.0,181783.1835237651,26163.382947816597,-0.3871600112197
2026-02-28,CN_SECTOR_CONSUMER_STAPLES,CN,sector,CONSUMER_STAPLES,1000.0,112000.0,185140.30322721048,27063.734996055173,-0.37584225805071875
2026-03-31,CN_SECTOR_CONSUMER_STAPLES,CN,sector,CONSUMER_STAPLES,1000.0,113000.0,185829.7269485475,26886.64331162699,-0.37351802531665057
2026-04-30,CN_SECTOR_CONSUMER_STAPLES,CN,sector,CONSUMER_STAPLES,1000.0,114000.0,184552.1010735069,27036.638631388483,-0.3778252456642519
2015-01-31,CN_SECTOR_FINANCIALS,CN,sector,FINANCIALS,1000.0,1000.0,880.0422785977062,141.10930468184708,0.0
2015-02-28,CN_SECTOR_FINANCIALS,CN,sector,FINANCIALS,1000.0,2000.0,1925.8711596002713,308.16404862861935,0.0
2015-03-31,CN_SECTOR_FINANCIALS,CN,sector,FINANCIALS,1000.0,3000.0,3241.4815604948017,523.1149281512072,0.0
2015-04-30,CN_SECTOR_FINANCIALS,CN,sector,FINANCIALS,1000.0,4000.0,4728.753836917666,763.9097202003389,0.0
2015-05-31,CN_SECTOR_FINANCIALS,CN,sector,FINANCIALS,1000.0,5000.0,5456.484133453832,881.3290360152527,0.0
2015-06-30,CN_SECTOR_FINANCIALS,CN,sector,FINANCIALS,1000.0,6000.0,6188.979583483818,998.415741215479,0.0
2015-07-31,CN_SECTOR_FINANCIALS,CN,sector,FINANCIALS,1000.0,7000.0,6074.906845196883,979.8711169996087,-0.018431590660171835
2015-08-31,CN_SECTOR_FINANCIALS,CN,sector,FINANCIALS,1000.0,8000.0,6268.263892025897,982.7175522491145,0.0
2015-09-30,CN_SECTOR_FINANCIALS,CN,sector,FINANCIALS,1000.0,9000.0,7228.232333186203,1137.659327710802,0.0
2015-10-31,CN_SECTOR_FINANCIALS,CN,sector,FINANCIALS,0.0,9000.0,7817.327471974648,1231.715259284964,0.0
2015-11-30,CN_SECTOR_FINANCIALS,CN,sector,FINANCIALS,1000.0,10000.0,8942.436951820358,1400.538235123351,0.0
2015-12-31,CN_SECTOR_FINANCIALS,CN,sector,FINANCIALS,1000.0,11000.0,10600.81633287741,1635.6254977446781,0.0
2016-01-31,CN_SECTOR_FINANCIALS,CN,sector,FINANCIALS,1000.0,12000.0,9460.084695063695,1440.9439024459525,-0.10760790508895486
2016-02-29,CN_SECTOR_FINANCIALS,CN,sector,FINANCIALS,1000.0,13000.0,10176.398779005622,1558.3117560464395,-0.04003630857705723
2016-03-31,CN_SECTOR_FINANCIALS,CN,sector,FINANCIALS,1000.0,14000.0,12722.00487596109,1970.8454956046382,0.0
2016-04-30,CN_SECTOR_FINANCIALS,CN,sector,FINANCIALS,1000.0,15000.0,13936.703614663766,2155.415910346394,0.0
2016-05-31,CN_SECTOR_FINANCIALS,CN,sector,FINANCIALS,1000.0,16000.0,15209.444486656561,2313.821787111155,0.0
2016-06-30,CN_SECTOR_FINANCIALS,CN,sector,FINANCIALS,1000.0,17000.0,15769.777780134145,2379.697234970803,0.0
2016-07-31,CN_SECTOR_FINANCIALS,CN,sector,FINANCIALS,1000.0,18000.0,16695.49241563453,2508.2995938443355,0.0
2016-08-31,CN_SECTOR_FINANCIALS,CN,sector,FINANCIALS,1000.0,19000.0,18820.28231295634,2817.2388793442237,0.0
2016-09-30,CN_SECTOR_FINANCIALS,CN,sector,FINANCIALS,1000.0,20000.0,19289.13085318912,2892.4873246729358,0.0
2016-10-31,CN_SECTOR_FINANCIALS,CN,sector,FINANCIALS,0.0,20000.0,19486.68857774332,2872.702245036793,0.0
2016-11-30,CN_SECTOR_FINANCIALS,CN,sector,FINANCIALS,1000.0,21000.0,21529.074275432926,3121.3772061745904,0.0
2016-12-31,CN_SECTOR_FINANCIALS,CN,sector,FINANCIALS,1000.0,22000.0,21303.77167228373,3067.3651762623736,-0.01046503905680202
2017-01-31,CN_SECTOR_FINANCIALS,CN,sector,FINANCIALS,1000.0,23000.0,23336.802636948993,3391.631993715458,0.0
2017-02-28,CN_SECTOR_FINANCIALS,CN,sector,FINANCIALS,0.0,23000.0,23501.583844499888,3420.8503182519385,0.0
2017-03-31,CN_SECTOR_FINANCIALS,CN,sector,FINANCIALS,1000.0,24000.0,24371.779070341676,3537.7818676543393,0.0
2017-04-30,CN_SECTOR_FINANCIALS,CN,sector,FINANCIALS,1000.0,25000.0,25632.51224334613,3716.5264953114706,0.0
2017-05-31,CN_SECTOR_FINANCIALS,CN,sector,FINANCIALS,1000.0,26000.0,30178.55251491849,4401.900849878951,0.0
2017-06-30,CN_SECTOR_FINANCIALS,CN,sector,FINANCIALS,1000.0,27000.0,33404.66364778711,4922.803014275673,0.0
2017-07-31,CN_SECTOR_FINANCIALS,CN,sector,FINANCIALS,1000.0,28000.0,36126.07160846878,5360.826042631919,0.0
2017-08-31,CN_SECTOR_FINANCIALS,CN,sector,FINANCIALS,1000.0,29000.0,39286.52039346904,5956.383956417904,0.0
2017-09-30,CN_SECTOR_FINANCIALS,CN,sector,FINANCIALS,1000.0,30000.0,39071.22716703365,5862.149646010039,-0.005480078772035639
2017-10-31,CN_SECTOR_FINANCIALS,CN,sector,FINANCIALS,0.0,30000.0,42295.44118729331,6367.49405904805,0.0
2017-11-30,CN_SECTOR_FINANCIALS,CN,sector,FINANCIALS,1000.0,31000.0,46983.71426206022,7109.8032437674565,0.0
2017-12-31,CN_SECTOR_FINANCIALS,CN,sector,FINANCIALS,1000.0,32000.0,47384.530773094055,7254.659009149946,0.0
2018-01-31,CN_SECTOR_FINANCIALS,CN,sector,FINANCIALS,1000.0,33000.0,54656.55502787477,8646.683804405995,0.0
2018-02-28,CN_SECTOR_FINANCIALS,CN,sector,FINANCIALS,1000.0,34000.0,49360.064374658126,7814.21699902492,-0.0969049485558583
2018-03-31,CN_SECTOR_FINANCIALS,CN,sector,FINANCIALS,1000.0,35000.0,49155.563405955145,7816.241981757799,-0.10064651200783009
2018-04-30,CN_SECTOR_FINANCIALS,CN,sector,FINANCIALS,1000.0,36000.0,49217.845631856835,7766.742379901281,-0.09950699222159537
2018-05-31,CN_SECTOR_FINANCIALS,CN,sector,FINANCIALS,1000.0,37000.0,50005.05819786216,7791.37682673746,-0.0851040982667193
2018-06-30,CN_SECTOR_FINANCIALS,CN,sector,FINANCIALS,1000.0,38000.0,46940.828920077096,7082.8423630181405,-0.14116744284125962
2018-07-31,CN_SECTOR_FINANCIALS,CN,sector,FINANCIALS,1000.0,39000.0,50446.5044718275,7402.383755231518,-0.07702736760302852
2018-08-31,CN_SECTOR_FINANCIALS,CN,sector,FINANCIALS,1000.0,40000.0,51192.558215176556,7480.901592024285,-0.06337751823055038
2018-09-30,CN_SECTOR_FINANCIALS,CN,sector,FINANCIALS,1000.0,41000.0,56188.84637892585,8166.627328941756,0.0
2018-10-31,CN_SECTOR_FINANCIALS,CN,sector,FINANCIALS,0.0,41000.0,53694.13258964541,7707.697415746999,-0.04439873658299757
2018-11-30,CN_SECTOR_FINANCIALS,CN,sector,FINANCIALS,1000.0,42000.0,54140.01810920778,7799.469372805542,-0.0364632556415415
2018-12-31,CN_SECTOR_FINANCIALS,CN,sector,FINANCIALS,1000.0,43000.0,49544.84854445534,7204.217942193903,-0.1182440691105274
2019-01-31,CN_SECTOR_FINANCIALS,CN,sector,FINANCIALS,1000.0,44000.0,57637.43798443464,8582.74723135035,0.0
2019-02-28,CN_SECTOR_FINANCIALS,CN,sector,FINANCIALS,0.0,44000.0,66106.56789987486,9887.016017594548,0.0
2019-03-31,CN_SECTOR_FINANCIALS,CN,sector,FINANCIALS,1000.0,45000.0,72205.82665609516,10716.051424013842,0.0
2019-04-30,CN_SECTOR_FINANCIALS,CN,sector,FINANCIALS,1000.0,46000.0,74688.46309734392,11093.883868684708,0.0
2019-05-31,CN_SECTOR_FINANCIALS,CN,sector,FINANCIALS,0.0,46000.0,70253.00582365552,10180.267352542538,-0.0593861098454727
2019-06-30,CN_SECTOR_FINANCIALS,CN,sector,FINANCIALS,1000.0,47000.0,79152.7720744634,11526.375736215952,0.0
2019-07-31,CN_SECTOR_FINANCIALS,CN,sector,FINANCIALS,1000.0,48000.0,79891.34286582095,11606.04046408441,0.0
2019-08-31,CN_SECTOR_FINANCIALS,CN,sector,FINANCIALS,1000.0,49000.0,78123.03528234837,10936.087606275421,-0.022133907380208664
2019-09-30,CN_SECTOR_FINANCIALS,CN,sector,FINANCIALS,1000.0,50000.0,79519.67029812215,11165.670322524082,-0.004652225815293031
2019-10-31,CN_SECTOR_FINANCIALS,CN,sector,FINANCIALS,0.0,50000.0,79817.40310695214,11314.555947797397,-0.0009255040185390795
2019-11-30,CN_SECTOR_FINANCIALS,CN,sector,FINANCIALS,1000.0,51000.0,79238.16221132227,11264.381093769902,-0.008175862753936997
2019-12-31,CN_SECTOR_FINANCIALS,CN,sector,FINANCIALS,1000.0,52000.0,85734.71651795538,12272.88817395564,0.0
2020-01-31,CN_SECTOR_FINANCIALS,CN,sector,FINANCIALS,0.0,52000.0,83087.3365786817,11979.661360889664,-0.030878739054549086
2020-02-29,CN_SECTOR_FINANCIALS,CN,sector,FINANCIALS,1000.0,53000.0,79349.66039156707,11330.000794524047,-0.07447456976254298
2020-03-31,CN_SECTOR_FINANCIALS,CN,sector,FINANCIALS,1000.0,54000.0,74249.34148825359,10458.832526779204,-0.133964110411404
2020-04-30,CN_SECTOR_FINANCIALS,CN,sector,FINANCIALS,1000.0,55000.0,81142.12067572681,11468.202801523948,-0.05356751650618395
2020-05-31,CN_SECTOR_FINANCIALS,CN,sector,FINANCIALS,1000.0,56000.0,78208.65437587476,10945.62179239541,-0.08778313439112437
2020-06-30,CN_SECTOR_FINANCIALS,CN,sector,FINANCIALS,1000.0,57000.0,81173.86038372546,11465.882538499241,-0.05319730815549782
2020-07-31,CN_SECTOR_FINANCIALS,CN,sector,FINANCIALS,1000.0,58000.0,90795.92607715953,12957.334119016052,0.0
2020-08-31,CN_SECTOR_FINANCIALS,CN,sector,FINANCIALS,1000.0,59000.0,96435.01012143155,14048.571089414985,0.0
2020-09-30,CN_SECTOR_FINANCIALS,CN,sector,FINANCIALS,1000.0,60000.0,93992.4114732549,13791.180234280828,-0.025328961391728064
2020-10-31,CN_SECTOR_FINANCIALS,CN,sector,FINANCIALS,0.0,60000.0,96546.25099522485,14379.840297705592,0.0
2020-11-30,CN_SECTOR_FINANCIALS,CN,sector,FINANCIALS,1000.0,61000.0,108259.14339426927,16462.764579903185,0.0
2020-12-31,CN_SECTOR_FINANCIALS,CN,sector,FINANCIALS,1000.0,62000.0,106765.74556827173,16369.590599386987,-0.013794657699800298
2021-01-31,CN_SECTOR_FINANCIALS,CN,sector,FINANCIALS,1000.0,63000.0,109718.54520120312,17014.8478460871,0.0
2021-02-28,CN_SECTOR_FINANCIALS,CN,sector,FINANCIALS,1000.0,64000.0,112182.5764771612,17382.406175596734,0.0
2021-03-31,CN_SECTOR_FINANCIALS,CN,sector,FINANCIALS,1000.0,64999.99999999999,106763.70203712923,16247.709698013512,-0.04830406476833929
2021-04-30,CN_SECTOR_FINANCIALS,CN,sector,FINANCIALS,1000.0,66000.0,106449.13726013586,16449.67508898463,-0.05110810784589699
2021-05-31,CN_SECTOR_FINANCIALS,CN,sector,FINANCIALS,0.0,66000.0,113655.21828204201,17849.548521974168,0.0
2021-06-30,CN_SECTOR_FINANCIALS,CN,sector,FINANCIALS,1000.0,67000.0,106326.74662716364,16451.354201945305,-0.0644798520090151
2021-07-31,CN_SECTOR_FINANCIALS,CN,sector,FINANCIALS,1000.0,68000.0,92789.84538501369,14374.211497474078,-0.18358482093844292
2021-08-31,CN_SECTOR_FINANCIALS,CN,sector,FINANCIALS,1000.0,69000.0,97864.86180791075,15137.409268301444,-0.13893208523823847
2021-09-30,CN_SECTOR_FINANCIALS,CN,sector,FINANCIALS,1000.0,70000.0,99097.56695550251,15317.417441884441,-0.12808607951826592
2021-10-31,CN_SECTOR_FINANCIALS,CN,sector,FINANCIALS,0.0,70000.0,103669.5731742153,16222.705036208401,-0.08785909928963187
2021-11-30,CN_SECTOR_FINANCIALS,CN,sector,FINANCIALS,1000.0,71000.0,97336.96215564237,15239.856094670853,-0.14357683151780104
2021-12-31,CN_SECTOR_FINANCIALS,CN,sector,FINANCIALS,1000.0,72000.0,101745.56808920485,15967.353001790441,-0.10478753525669776
2022-01-31,CN_SECTOR_FINANCIALS,CN,sector,FINANCIALS,1000.0,73000.0,102634.68813343192,16160.398495654408,-0.09696457685965645
2022-02-28,CN_SECTOR_FINANCIALS,CN,sector,FINANCIALS,0.0,73000.0,101981.66798944256,16146.559252029687,-0.10271020080776987
2022-03-31,CN_SECTOR_FINANCIALS,CN,sector,FINANCIALS,1000.0,74000.0,95836.94983544844,15101.470170613838,-0.1567747501252121
2022-04-30,CN_SECTOR_FINANCIALS,CN,sector,FINANCIALS,1000.0,75000.0,86624.17178209755,13074.75475674233,-0.23783374761434498
2022-05-31,CN_SECTOR_FINANCIALS,CN,sector,FINANCIALS,0.0,75000.0,86340.00579069323,12963.38132948415,-0.24033399349570114
2022-06-30,CN_SECTOR_FINANCIALS,CN,sector,FINANCIALS,1000.0,76000.0,93518.78156384421,13958.443738843655,-0.17717124671062676
2022-07-31,CN_SECTOR_FINANCIALS,CN,sector,FINANCIALS,1000.0,77000.0,82384.33975853343,12212.686343341407,-0.2751380798540027
2022-08-31,CN_SECTOR_FINANCIALS,CN,sector,FINANCIALS,1000.0,78000.0,84184.41644154332,12181.573288647072,-0.25930003290623393
2022-09-30,CN_SECTOR_FINANCIALS,CN,sector,FINANCIALS,1000.0,79000.0,79737.31338052725,11192.930008746342,-0.29842804768845294
2022-10-31,CN_SECTOR_FINANCIALS,CN,sector,FINANCIALS,0.0,79000.0,69664.74910436204,9607.07575957732,-0.3870519087695127
2022-11-30,CN_SECTOR_FINANCIALS,CN,sector,FINANCIALS,1000.0,80000.0,87296.5250083396,12193.273902252804,-0.2319180207660311
2022-12-31,CN_SECTOR_FINANCIALS,CN,sector,FINANCIALS,1000.0,81000.0,91874.35397541575,13194.461453836731,-0.19163980885220583
2023-01-31,CN_SECTOR_FINANCIALS,CN,sector,FINANCIALS,1000.0,82000.0,101298.03378142425,15012.009200430426,-0.1087251838270434
2023-02-28,CN_SECTOR_FINANCIALS,CN,sector,FINANCIALS,1000.0,83000.0,95555.36915978503,13761.05181079054,-0.15925224900225138
2023-03-31,CN_SECTOR_FINANCIALS,CN,sector,FINANCIALS,1000.0,84000.0,91622.35702264022,13335.811257514622,-0.19385701415597098
2023-04-30,CN_SECTOR_FINANCIALS,CN,sector,FINANCIALS,0.0,84000.0,95187.08823813632,13750.789497278492,-0.16249258347360662
2023-05-31,CN_SECTOR_FINANCIALS,CN,sector,FINANCIALS,0.0,84000.0,89701.6330632,12671.511952470404,-0.21075658100800793
2023-06-30,CN_SECTOR_FINANCIALS,CN,sector,FINANCIALS,1000.0,85000.0,90435.06516462256,12470.705812761726,-0.20430344922480637
2023-07-31,CN_SECTOR_FINANCIALS,CN,sector,FINANCIALS,1000.0,86000.0,104395.99951696233,14697.865785053407,-0.0814676079553373
2023-08-31,CN_SECTOR_FINANCIALS,CN,sector,FINANCIALS,1000.0,87000.0,95992.04803477185,13179.20396031074,-0.15541011239306213
2023-09-30,CN_SECTOR_FINANCIALS,CN,sector,FINANCIALS,1000.0,88000.0,97427.60885043793,13346.43051511618,-0.14277927293522352
2023-10-31,CN_SECTOR_FINANCIALS,CN,sector,FINANCIALS,0.0,88000.0,93393.655410043,12772.480717964163,-0.17827217419721791
2023-11-30,CN_SECTOR_FINANCIALS,CN,sector,FINANCIALS,1000.0,89000.0,89016.55851891908,12574.914220373566,-0.21678423688370096
2023-12-31,CN_SECTOR_FINANCIALS,CN,sector,FINANCIALS,1000.0,90000.0,86995.3574486256,12240.799069868961,-0.23456785562857682
2024-01-31,CN_SECTOR_FINANCIALS,CN,sector,FINANCIALS,1000.0,91000.0,91623.70713670165,12915.480068847226,-0.19384513512321003
2024-02-29,CN_SECTOR_FINANCIALS,CN,sector,FINANCIALS,1000.0,92000.0,96866.79604194558,13461.199931466803,-0.14771360694090607
2024-03-31,CN_SECTOR_FINANCIALS,CN,sector,FINANCIALS,1000.0,93000.0,93406.61405389104,12925.567509877104,-0.17815815704918087
2024-04-30,CN_SECTOR_FINANCIALS,CN,sector,FINANCIALS,1000.0,94000.0,96909.3292711841,13389.520077549025,-0.14733937661623256
2024-05-31,CN_SECTOR_FINANCIALS,CN,sector,FINANCIALS,0.0,94000.0,97341.59991714632,13457.053966380277,-0.1435360259870559
2024-06-30,CN_SECTOR_FINANCIALS,CN,sector,FINANCIALS,1000.0,95000.0,96494.75861398678,13278.120693686757,-0.15098699318381106
2024-07-31,CN_SECTOR_FINANCIALS,CN,sector,FINANCIALS,1000.0,96000.0,99108.36743472594,13668.799905724938,-0.127991051068304
2024-08-31,CN_SECTOR_FINANCIALS,CN,sector,FINANCIALS,1000.0,97000.0,99579.4452568139,14034.168890689325,-0.12384625394232468
2024-09-30,CN_SECTOR_FINANCIALS,CN,sector,FINANCIALS,1000.0,98000.0,129178.62892115314,18426.97544796825,0.0
2024-10-31,CN_SECTOR_FINANCIALS,CN,sector,FINANCIALS,0.0,98000.0,129632.69049954442,18220.145461639306,0.0
2024-11-30,CN_SECTOR_FINANCIALS,CN,sector,FINANCIALS,1000.0,99000.0,131956.9804073762,18218.804943538475,0.0
2024-12-31,CN_SECTOR_FINANCIALS,CN,sector,FINANCIALS,1000.0,100000.0,133477.99236734322,18289.41676121446,0.0
2025-01-31,CN_SECTOR_FINANCIALS,CN,sector,FINANCIALS,0.0,100000.0,130105.62941567335,18118.28986062085,-0.025265310721701826
2025-02-28,CN_SECTOR_FINANCIALS,CN,sector,FINANCIALS,1000.0,101000.0,133183.86180498835,18281.177969842152,-0.002203588450337157
2025-03-31,CN_SECTOR_FINANCIALS,CN,sector,FINANCIALS,1000.0,102000.0,135199.71081070745,18615.369661456443,0.0
2025-04-30,CN_SECTOR_FINANCIALS,CN,sector,FINANCIALS,1000.0,103000.0,129881.74086970736,17867.89653534994,-0.03933418133153967
2025-05-31,CN_SECTOR_FINANCIALS,CN,sector,FINANCIALS,1000.0,104000.0,136820.46849593008,18993.082339595054,0.0
2025-06-30,CN_SECTOR_FINANCIALS,CN,sector,FINANCIALS,1000.0,105000.0,146261.19273093255,20393.077531234703,0.0
2025-07-31,CN_SECTOR_FINANCIALS,CN,sector,FINANCIALS,1000.0,106000.0,150179.70323088966,20926.885258225662,0.0
2025-08-31,CN_SECTOR_FINANCIALS,CN,sector,FINANCIALS,1000.0,107000.0,154384.79499077084,21583.223490205743,0.0
2025-09-30,CN_SECTOR_FINANCIALS,CN,sector,FINANCIALS,1000.0,108000.0,145880.20886993094,20490.520039564304,-0.055086941180627964
2025-10-31,CN_SECTOR_FINANCIALS,CN,sector,FINANCIALS,0.0,108000.0,147555.47502090893,20753.815562582025,-0.04423570320037133
2025-11-30,CN_SECTOR_FINANCIALS,CN,sector,FINANCIALS,1000.0,109000.0,148831.45749661952,21033.870193650866,-0.035970754079009515
2025-12-31,CN_SECTOR_FINANCIALS,CN,sector,FINANCIALS,1000.0,110000.0,157751.94182467618,22548.554620043935,0.0
2026-01-31,CN_SECTOR_FINANCIALS,CN,sector,FINANCIALS,1000.0,111000.0,151830.58727702772,21852.41627480598,-0.03753585838093447
2026-02-28,CN_SECTOR_FINANCIALS,CN,sector,FINANCIALS,1000.0,112000.0,148883.32737497875,21763.704861509326,-0.05621873396369291
2026-03-31,CN_SECTOR_FINANCIALS,CN,sector,FINANCIALS,1000.0,113000.0,139703.04001638584,20212.83606314785,-0.11441318312486887
2026-04-30,CN_SECTOR_FINANCIALS,CN,sector,FINANCIALS,1000.0,114000.0,145619.88610407466,21333.120648524527,-0.07690590417000989
2015-01-31,CN_SECTOR_HEALTHCARE,CN,sector,HEALTHCARE,666.6666666666666,666.6666666666666,,,0.0
2015-02-28,CN_SECTOR_HEALTHCARE,CN,sector,HEALTHCARE,666.6666666666666,1333.3333333333333,,,0.0
2015-03-31,CN_SECTOR_HEALTHCARE,CN,sector,HEALTHCARE,666.6666666666666,2000.0,,,0.0
2015-04-30,CN_SECTOR_HEALTHCARE,CN,sector,HEALTHCARE,666.6666666666666,2666.6666666666665,,,0.0
2015-05-31,CN_SECTOR_HEALTHCARE,CN,sector,HEALTHCARE,666.6666666666666,3333.333333333333,,,0.0
2015-06-30,CN_SECTOR_HEALTHCARE,CN,sector,HEALTHCARE,666.6666666666666,4000.0,,,0.0
2015-07-31,CN_SECTOR_HEALTHCARE,CN,sector,HEALTHCARE,666.6666666666666,4666.666666666666,,,0.0
2015-08-31,CN_SECTOR_HEALTHCARE,CN,sector,HEALTHCARE,666.6666666666666,5333.333333333333,,,0.0
2015-09-30,CN_SECTOR_HEALTHCARE,CN,sector,HEALTHCARE,666.6666666666666,6000.0,,,0.0
2015-10-31,CN_SECTOR_HEALTHCARE,CN,sector,HEALTHCARE,0.0,6000.0,,,0.0
2015-11-30,CN_SECTOR_HEALTHCARE,CN,sector,HEALTHCARE,666.6666666666666,6666.666666666666,,,0.0
2015-12-31,CN_SECTOR_HEALTHCARE,CN,sector,HEALTHCARE,666.6666666666666,7333.333333333333,,,0.0
2016-01-31,CN_SECTOR_HEALTHCARE,CN,sector,HEALTHCARE,666.6666666666666,8000.0,,,0.0
2016-02-29,CN_SECTOR_HEALTHCARE,CN,sector,HEALTHCARE,666.6666666666666,8666.666666666666,,,0.0
2016-03-31,CN_SECTOR_HEALTHCARE,CN,sector,HEALTHCARE,666.6666666666666,9333.333333333332,,,0.0
2016-04-30,CN_SECTOR_HEALTHCARE,CN,sector,HEALTHCARE,666.6666666666666,10000.0,,,0.0
2016-05-31,CN_SECTOR_HEALTHCARE,CN,sector,HEALTHCARE,666.6666666666666,10666.666666666666,,,0.0
2016-06-30,CN_SECTOR_HEALTHCARE,CN,sector,HEALTHCARE,666.6666666666666,11333.333333333332,,,0.0
2016-07-31,CN_SECTOR_HEALTHCARE,CN,sector,HEALTHCARE,666.6666666666666,12000.0,,,0.0
2016-08-31,CN_SECTOR_HEALTHCARE,CN,sector,HEALTHCARE,666.6666666666666,12666.666666666666,,,0.0
2016-09-30,CN_SECTOR_HEALTHCARE,CN,sector,HEALTHCARE,666.6666666666666,13333.333333333332,,,0.0
2016-10-31,CN_SECTOR_HEALTHCARE,CN,sector,HEALTHCARE,0.0,13333.333333333332,,,0.0
2016-11-30,CN_SECTOR_HEALTHCARE,CN,sector,HEALTHCARE,666.6666666666666,14000.0,,,0.0
2016-12-31,CN_SECTOR_HEALTHCARE,CN,sector,HEALTHCARE,666.6666666666666,14666.666666666666,,,0.0
2017-01-31,CN_SECTOR_HEALTHCARE,CN,sector,HEALTHCARE,666.6666666666666,15333.333333333332,,,0.0
2017-02-28,CN_SECTOR_HEALTHCARE,CN,sector,HEALTHCARE,0.0,15333.333333333332,,,0.0
2017-03-31,CN_SECTOR_HEALTHCARE,CN,sector,HEALTHCARE,666.6666666666666,16000.0,,,0.0
2017-04-30,CN_SECTOR_HEALTHCARE,CN,sector,HEALTHCARE,666.6666666666666,16666.666666666664,,,0.0
2017-05-31,CN_SECTOR_HEALTHCARE,CN,sector,HEALTHCARE,666.6666666666666,17333.333333333332,,,0.0
2017-06-30,CN_SECTOR_HEALTHCARE,CN,sector,HEALTHCARE,666.6666666666666,18000.0,,,0.0
2017-07-31,CN_SECTOR_HEALTHCARE,CN,sector,HEALTHCARE,666.6666666666666,18666.666666666664,,,0.0
2017-08-31,CN_SECTOR_HEALTHCARE,CN,sector,HEALTHCARE,666.6666666666666,19333.333333333332,,,0.0
2017-09-30,CN_SECTOR_HEALTHCARE,CN,sector,HEALTHCARE,666.6666666666666,20000.0,,,0.0
2017-10-31,CN_SECTOR_HEALTHCARE,CN,sector,HEALTHCARE,0.0,20000.0,,,0.0
2017-11-30,CN_SECTOR_HEALTHCARE,CN,sector,HEALTHCARE,666.6666666666666,20666.666666666664,,,0.0
2017-12-31,CN_SECTOR_HEALTHCARE,CN,sector,HEALTHCARE,666.6666666666666,21333.333333333332,,,0.0
2018-01-31,CN_SECTOR_HEALTHCARE,CN,sector,HEALTHCARE,666.6666666666666,22000.0,,,0.0
2018-02-28,CN_SECTOR_HEALTHCARE,CN,sector,HEALTHCARE,666.6666666666666,22666.666666666664,,,0.0
2018-03-31,CN_SECTOR_HEALTHCARE,CN,sector,HEALTHCARE,666.6666666666666,23333.333333333332,,,0.0
2018-04-30,CN_SECTOR_HEALTHCARE,CN,sector,HEALTHCARE,666.6666666666666,24000.0,,,0.0
2018-05-31,CN_SECTOR_HEALTHCARE,CN,sector,HEALTHCARE,666.6666666666666,24666.666666666664,,,0.0
2018-06-30,CN_SECTOR_HEALTHCARE,CN,sector,HEALTHCARE,666.6666666666666,25333.333333333332,,,0.0
2018-07-31,CN_SECTOR_HEALTHCARE,CN,sector,HEALTHCARE,666.6666666666666,26000.0,,,0.0
2018-08-31,CN_SECTOR_HEALTHCARE,CN,sector,HEALTHCARE,666.6666666666666,26666.666666666664,,,0.0
2018-09-30,CN_SECTOR_HEALTHCARE,CN,sector,HEALTHCARE,666.6666666666666,27333.333333333332,,,0.0
2018-10-31,CN_SECTOR_HEALTHCARE,CN,sector,HEALTHCARE,0.0,27333.333333333332,65156.677815827396,9353.125434725067,0.0
2018-11-30,CN_SECTOR_HEALTHCARE,CN,sector,HEALTHCARE,1000.0,28333.333333333332,69176.28530509105,9965.610234433125,0.0
2018-12-31,CN_SECTOR_HEALTHCARE,CN,sector,HEALTHCARE,1000.0,29333.333333333332,62336.64430712719,9064.247536665915,-0.09887262618683126
2019-01-31,CN_SECTOR_HEALTHCARE,CN,sector,HEALTHCARE,1000.0,30333.333333333332,67024.98468063104,9980.639699050085,-0.031098816812322898
2019-02-28,CN_SECTOR_HEALTHCARE,CN,sector,HEALTHCARE,0.0,30333.333333333332,77777.83930596041,11632.592153273488,0.0
2019-03-31,CN_SECTOR_HEALTHCARE,CN,sector,HEALTHCARE,1000.0,31333.333333333332,83627.91845722296,12411.201646358953,0.0
2019-04-30,CN_SECTOR_HEALTHCARE,CN,sector,HEALTHCARE,1000.0,32333.333333333332,84875.09070425546,12606.959101432845,0.0
2019-05-31,CN_SECTOR_HEALTHCARE,CN,sector,HEALTHCARE,0.0,32333.333333333332,87045.4248177954,12613.633908919759,0.0
2019-06-30,CN_SECTOR_HEALTHCARE,CN,sector,HEALTHCARE,1000.0,33333.33333333333,92375.71968209528,13451.92626933537,0.0
2019-07-31,CN_SECTOR_HEALTHCARE,CN,sector,HEALTHCARE,1000.0,34333.33333333333,93194.97939470732,13538.697224317479,0.0
2019-08-31,CN_SECTOR_HEALTHCARE,CN,sector,HEALTHCARE,1000.0,35333.33333333333,106541.02385069376,14914.192290180077,0.0
2019-09-30,CN_SECTOR_HEALTHCARE,CN,sector,HEALTHCARE,1000.0,36333.33333333333,110029.7459047131,15449.710289758747,0.0
2019-10-31,CN_SECTOR_HEALTHCARE,CN,sector,HEALTHCARE,0.0,36333.33333333333,121051.14653271795,17159.665895847236,0.0
2019-11-30,CN_SECTOR_HEALTHCARE,CN,sector,HEALTHCARE,1000.0,37333.33333333333,119585.98475974456,17000.168456898435,-0.012103658783416623
2019-12-31,CN_SECTOR_HEALTHCARE,CN,sector,HEALTHCARE,1000.0,38333.33333333333,121138.21103512234,17340.883343513866,0.0
2020-01-31,CN_SECTOR_HEALTHCARE,CN,sector,HEALTHCARE,0.0,38333.33333333333,122276.40267856188,17630.00183704041,0.0
2020-02-29,CN_SECTOR_HEALTHCARE,CN,sector,HEALTHCARE,1000.0,39333.33333333333,122189.0101578156,17446.84949297257,-0.0007147128868029456
2020-03-31,CN_SECTOR_HEALTHCARE,CN,sector,HEALTHCARE,1000.0,40333.33333333333,127493.79071686916,17958.896046545062,0.0
2020-04-30,CN_SECTOR_HEALTHCARE,CN,sector,HEALTHCARE,1000.0,41333.33333333333,135734.98944861518,19184.073244527495,0.0
2020-05-31,CN_SECTOR_HEALTHCARE,CN,sector,HEALTHCARE,1000.0,42333.33333333333,147233.62977478493,20605.950063929078,0.0
2020-06-30,CN_SECTOR_HEALTHCARE,CN,sector,HEALTHCARE,1000.0,43333.33333333333,166166.2946366708,23471.142152846358,0.0
2020-07-31,CN_SECTOR_HEALTHCARE,CN,sector,HEALTHCARE,1000.0,44333.33333333333,173309.15939213982,24732.659064696403,0.0
2020-08-31,CN_SECTOR_HEALTHCARE,CN,sector,HEALTHCARE,1000.0,45333.33333333333,186165.29477299674,27120.403416840712,0.0
2020-09-30,CN_SECTOR_HEALTHCARE,CN,sector,HEALTHCARE,1000.0,46333.33333333333,182611.19924890573,26793.9073183204,-0.019091074565883763
2020-10-31,CN_SECTOR_HEALTHCARE,CN,sector,HEALTHCARE,0.0,46333.33333333333,202054.7244464852,30094.5364422392,0.0
2020-11-30,CN_SECTOR_HEALTHCARE,CN,sector,HEALTHCARE,1000.0,47333.33333333333,197387.31236906236,30016.317815828024,-0.023099742360436683
2020-12-31,CN_SECTOR_HEALTHCARE,CN,sector,HEALTHCARE,1000.0,48333.33333333333,244831.76212303396,37538.216872356024,0.0
2021-01-31,CN_SECTOR_HEALTHCARE,CN,sector,HEALTHCARE,1000.0,49333.33333333333,247681.54484322027,38409.76739222186,0.0
2021-02-28,CN_SECTOR_HEALTHCARE,CN,sector,HEALTHCARE,1000.0,50333.33333333333,234595.62983091653,36349.99883935737,-0.05283362965370303
2021-03-31,CN_SECTOR_HEALTHCARE,CN,sector,HEALTHCARE,1000.0,51333.33333333333,204415.04396239624,31108.665481201122,-0.17468601024840688
2021-04-30,CN_SECTOR_HEALTHCARE,CN,sector,HEALTHCARE,1000.0,52333.33333333333,229119.6857745458,35406.0585598843,-0.07494243901144887
2021-05-31,CN_SECTOR_HEALTHCARE,CN,sector,HEALTHCARE,0.0,52333.33333333333,248158.4759896306,38973.28099202599,0.0
2021-06-30,CN_SECTOR_HEALTHCARE,CN,sector,HEALTHCARE,1000.0,53333.33333333333,259960.35021668297,40222.23885841927,0.0
2021-07-31,CN_SECTOR_HEALTHCARE,CN,sector,HEALTHCARE,1000.0,54333.33333333333,216286.77975560256,33505.30333803905,-0.16800089100002163
2021-08-31,CN_SECTOR_HEALTHCARE,CN,sector,HEALTHCARE,1000.0,55333.33333333333,167741.55245903158,25945.701899181215,-0.35474178150931435
2021-09-30,CN_SECTOR_HEALTHCARE,CN,sector,HEALTHCARE,1000.0,56333.33333333333,202076.51790779154,31234.77674669802,-0.2226640803516533
2021-10-31,CN_SECTOR_HEALTHCARE,CN,sector,HEALTHCARE,0.0,56333.33333333333,189389.15934441797,29636.51122530264,-0.2714690560058189
2021-11-30,CN_SECTOR_HEALTHCARE,CN,sector,HEALTHCARE,1000.0,57333.33333333333,176822.51766244788,27684.752675599026,-0.3198096651467725
2021-12-31,CN_SECTOR_HEALTHCARE,CN,sector,HEALTHCARE,1000.0,58333.33333333333,178418.00483328674,27999.875754298388,-0.3136722400759531
2022-01-31,CN_SECTOR_HEALTHCARE,CN,sector,HEALTHCARE,1000.0,59333.33333333333,143875.28949530135,22653.958950983015,-0.4465491011403164
2022-02-28,CN_SECTOR_HEALTHCARE,CN,sector,HEALTHCARE,0.0,59333.33333333333,152611.62940990896,24162.702624857906,-0.4129426688235201
2022-03-31,CN_SECTOR_HEALTHCARE,CN,sector,HEALTHCARE,1000.0,60333.33333333333,138384.69728331693,21805.914959539445,-0.46766998441119934
2022-04-30,CN_SECTOR_HEALTHCARE,CN,sector,HEALTHCARE,1000.0,61333.33333333333,142853.36711183822,21561.79623697336,-0.4504801713308717
2022-05-31,CN_SECTOR_HEALTHCARE,CN,sector,HEALTHCARE,0.0,61333.33333333333,146130.04055343545,21940.45995293831,-0.4378756589932554
2022-06-30,CN_SECTOR_HEALTHCARE,CN,sector,HEALTHCARE,1000.0,62333.33333333333,172472.0186511465,25742.8607238995,-0.33654490576202456
2022-07-31,CN_SECTOR_HEALTHCARE,CN,sector,HEALTHCARE,1000.0,63333.33333333333,157785.02530912857,23390.113089751077,-0.39304195744616016
2022-08-31,CN_SECTOR_HEALTHCARE,CN,sector,HEALTHCARE,1000.0,64333.33333333333,155599.71769037802,22515.442226226183,-0.401448268704508
2022-09-30,CN_SECTOR_HEALTHCARE,CN,sector,HEALTHCARE,1000.0,65333.33333333333,154772.59676654203,21725.82407702348,-0.4046299882365311
2022-10-31,CN_SECTOR_HEALTHCARE,CN,sector,HEALTHCARE,0.0,65333.33333333333,148927.22510801093,20537.72033446827,-0.427115615962678
2022-11-30,CN_SECTOR_HEALTHCARE,CN,sector,HEALTHCARE,1000.0,66333.33333333333,157023.7951033706,21932.535604180255,-0.39597021248629793
2022-12-31,CN_SECTOR_HEALTHCARE,CN,sector,HEALTHCARE,1000.0,67333.33333333333,168708.84372698652,24228.98490336857,-0.3510208630417531
2023-01-31,CN_SECTOR_HEALTHCARE,CN,sector,HEALTHCARE,1000.0,68333.33333333333,180141.08903375833,26696.27025323605,-0.30704398234728275
2023-02-28,CN_SECTOR_HEALTHCARE,CN,sector,HEALTHCARE,1000.0,69333.33333333333,176316.53171167837,25391.57086951447,-0.3217560617812891
2023-03-31,CN_SECTOR_HEALTHCARE,CN,sector,HEALTHCARE,1000.0,70333.33333333333,175890.7619236199,25601.24056156094,-0.3233938876562873
2023-04-30,CN_SECTOR_HEALTHCARE,CN,sector,HEALTHCARE,0.0,70333.33333333333,176924.78370975086,25558.670852057825,-0.31941627420381624
2023-05-31,CN_SECTOR_HEALTHCARE,CN,sector,HEALTHCARE,0.0,70333.33333333333,164526.99419255077,23241.558734455473,-0.36710735288895513
2023-06-30,CN_SECTOR_HEALTHCARE,CN,sector,HEALTHCARE,1000.0,71333.33333333333,159399.42068253944,21980.669538282324,-0.38683179742727564
2023-07-31,CN_SECTOR_HEALTHCARE,CN,sector,HEALTHCARE,1000.0,72333.33333333333,163205.42195807263,22977.61790137376,-0.3721910982885
2023-08-31,CN_SECTOR_HEALTHCARE,CN,sector,HEALTHCARE,1000.0,73333.33333333333,150763.56548679929,20699.045598177556,-0.42005169110930046
2023-09-30,CN_SECTOR_HEALTHCARE,CN,sector,HEALTHCARE,1000.0,74333.33333333333,154963.9594554002,21228.230289359948,-0.4038938656366859
2023-10-31,CN_SECTOR_HEALTHCARE,CN,sector,HEALTHCARE,0.0,74333.33333333333,160666.0384939639,21972.626188429185,-0.3819594474309447
2023-11-30,CN_SECTOR_HEALTHCARE,CN,sector,HEALTHCARE,1000.0,75333.33333333333,156778.3576160869,22147.27721937641,-0.3969143468017007
2023-12-31,CN_SECTOR_HEALTHCARE,CN,sector,HEALTHCARE,1000.0,76333.33333333333,149468.50934974203,21031.168143696475,-0.4250334359637669
2024-01-31,CN_SECTOR_HEALTHCARE,CN,sector,HEALTHCARE,1000.0,77333.33333333333,127472.36885543367,17968.7865807998,-0.5096468798061607
2024-02-29,CN_SECTOR_HEALTHCARE,CN,sector,HEALTHCARE,1000.0,78333.33333333333,143548.78778083212,19948.413813550025,-0.4478050684991735
2024-03-31,CN_SECTOR_HEALTHCARE,CN,sector,HEALTHCARE,1000.0,79333.33333333333,139756.30682385876,19339.418274391825,-0.46239375848136594
2024-04-30,CN_SECTOR_HEALTHCARE,CN,sector,HEALTHCARE,1000.0,80333.33333333333,143020.042615976,19760.42705589071,-0.4498390139236022
2024-05-31,CN_SECTOR_HEALTHCARE,CN,sector,HEALTHCARE,0.0,80333.33333333333,134335.6056598133,18571.314797673236,-0.48324578902959064
2024-06-30,CN_SECTOR_HEALTHCARE,CN,sector,HEALTHCARE,1000.0,81333.33333333333,123074.8630769122,16935.664794308697,-0.5265629432552831
2024-07-31,CN_SECTOR_HEALTHCARE,CN,sector,HEALTHCARE,1000.0,82333.33333333333,129258.58842631611,17827.049592552437,-0.5027757566929877
2024-08-31,CN_SECTOR_HEALTHCARE,CN,sector,HEALTHCARE,1000.0,83333.33333333333,125929.31150068023,17747.771353123102,-0.5155826209815642
2024-09-30,CN_SECTOR_HEALTHCARE,CN,sector,HEALTHCARE,1000.0,84333.33333333333,167320.93241686653,23867.869935813153,-0.3563597976483696
2024-10-31,CN_SECTOR_HEALTHCARE,CN,sector,HEALTHCARE,0.0,84333.33333333333,152389.91248335293,21418.72055292204,-0.41379555629798
2024-11-30,CN_SECTOR_HEALTHCARE,CN,sector,HEALTHCARE,1000.0,85333.33333333333,158512.19025422703,21885.18308390598,-0.39024474262285214
2024-12-31,CN_SECTOR_HEALTHCARE,CN,sector,HEALTHCARE,1000.0,86333.33333333333,147018.88707903432,20144.816758693254,-0.4344564970908422
2025-01-31,CN_SECTOR_HEALTHCARE,CN,sector,HEALTHCARE,0.0,86333.33333333333,139657.98878186115,19448.53526680892,-0.4627719624725348
2025-02-28,CN_SECTOR_HEALTHCARE,CN,sector,HEALTHCARE,1000.0,87333.33333333333,150937.20184843458,20718.049558447867,-0.4193837570897834
2025-03-31,CN_SECTOR_HEALTHCARE,CN,sector,HEALTHCARE,1000.0,88333.33333333333,151457.5383503527,20853.876443223424,-0.41738215760938413
2025-04-30,CN_SECTOR_HEALTHCARE,CN,sector,HEALTHCARE,1000.0,89333.33333333333,152169.80998386192,20934.077433740757,-0.41464223349051166
2025-05-31,CN_SECTOR_HEALTHCARE,CN,sector,HEALTHCARE,1000.0,90333.33333333333,155411.01866332814,21573.77698235801,-0.40217414488867453
2025-06-30,CN_SECTOR_HEALTHCARE,CN,sector,HEALTHCARE,1000.0,91333.33333333333,153196.31518023403,21360.035937333498,-0.41069353440806894
2025-07-31,CN_SECTOR_HEALTHCARE,CN,sector,HEALTHCARE,1000.0,92333.33333333333,169835.83373988513,23665.88113405351,-0.34668562494886995
2025-08-31,CN_SECTOR_HEALTHCARE,CN,sector,HEALTHCARE,1000.0,93333.33333333333,178496.3720520686,24954.057751743076,-0.31337078172387545
2025-09-30,CN_SECTOR_HEALTHCARE,CN,sector,HEALTHCARE,1000.0,94333.33333333333,181267.83449090747,25461.11103032535,-0.30270968499689843
2025-10-31,CN_SECTOR_HEALTHCARE,CN,sector,HEALTHCARE,0.0,94333.33333333333,169065.7801105343,23779.260090897194,-0.34964782140963396
2025-11-30,CN_SECTOR_HEALTHCARE,CN,sector,HEALTHCARE,1000.0,95333.33333333333,163004.63259247597,23036.91934879941,-0.37296348286726094
2025-12-31,CN_SECTOR_HEALTHCARE,CN,sector,HEALTHCARE,1000.0,96333.33333333333,157186.49525176306,22467.731507589204,-0.3953443472408601
2026-01-31,CN_SECTOR_HEALTHCARE,CN,sector,HEALTHCARE,1000.0,97333.33333333333,156705.1060071445,22553.98777196087,-0.39719612673037574
2026-02-28,CN_SECTOR_HEALTHCARE,CN,sector,HEALTHCARE,1000.0,98333.33333333333,153129.6541530391,22384.431200533643,-0.4109499620792095
2026-03-31,CN_SECTOR_HEALTHCARE,CN,sector,HEALTHCARE,1000.0,99333.33333333333,145126.63840994198,20997.545581197308,-0.44173548662718926
2026-04-30,CN_SECTOR_HEALTHCARE,CN,sector,HEALTHCARE,1000.0,100333.33333333333,154049.99428643825,22568.120343593262,-0.4074096524410972
2015-01-31,CN_SECTOR_INDUSTRIALS,CN,sector,INDUSTRIALS,666.6666666666666,666.6666666666666,,,0.0
2015-02-28,CN_SECTOR_INDUSTRIALS,CN,sector,INDUSTRIALS,666.6666666666666,1333.3333333333333,,,0.0
2015-03-31,CN_SECTOR_INDUSTRIALS,CN,sector,INDUSTRIALS,666.6666666666666,2000.0,,,0.0
2015-04-30,CN_SECTOR_INDUSTRIALS,CN,sector,INDUSTRIALS,666.6666666666666,2666.6666666666665,,,0.0
2015-05-31,CN_SECTOR_INDUSTRIALS,CN,sector,INDUSTRIALS,666.6666666666666,3333.333333333333,,,0.0
2015-06-30,CN_SECTOR_INDUSTRIALS,CN,sector,INDUSTRIALS,666.6666666666666,4000.0,,,0.0
2015-07-31,CN_SECTOR_INDUSTRIALS,CN,sector,INDUSTRIALS,666.6666666666666,4666.666666666666,,,0.0
2015-08-31,CN_SECTOR_INDUSTRIALS,CN,sector,INDUSTRIALS,666.6666666666666,5333.333333333333,,,0.0
2015-09-30,CN_SECTOR_INDUSTRIALS,CN,sector,INDUSTRIALS,666.6666666666666,6000.0,,,0.0
2015-10-31,CN_SECTOR_INDUSTRIALS,CN,sector,INDUSTRIALS,0.0,6000.0,,,0.0
2015-11-30,CN_SECTOR_INDUSTRIALS,CN,sector,INDUSTRIALS,666.6666666666666,6666.666666666666,,,0.0
2015-12-31,CN_SECTOR_INDUSTRIALS,CN,sector,INDUSTRIALS,666.6666666666666,7333.333333333333,,,0.0
2016-01-31,CN_SECTOR_INDUSTRIALS,CN,sector,INDUSTRIALS,666.6666666666666,8000.0,,,0.0
2016-02-29,CN_SECTOR_INDUSTRIALS,CN,sector,INDUSTRIALS,666.6666666666666,8666.666666666666,,,0.0
2016-03-31,CN_SECTOR_INDUSTRIALS,CN,sector,INDUSTRIALS,666.6666666666666,9333.333333333332,,,0.0
2016-04-30,CN_SECTOR_INDUSTRIALS,CN,sector,INDUSTRIALS,666.6666666666666,10000.0,,,0.0
2016-05-31,CN_SECTOR_INDUSTRIALS,CN,sector,INDUSTRIALS,666.6666666666666,10666.666666666666,,,0.0
2016-06-30,CN_SECTOR_INDUSTRIALS,CN,sector,INDUSTRIALS,666.6666666666666,11333.333333333332,,,0.0
2016-07-31,CN_SECTOR_INDUSTRIALS,CN,sector,INDUSTRIALS,666.6666666666666,12000.0,,,0.0
2016-08-31,CN_SECTOR_INDUSTRIALS,CN,sector,INDUSTRIALS,666.6666666666666,12666.666666666666,,,0.0
2016-09-30,CN_SECTOR_INDUSTRIALS,CN,sector,INDUSTRIALS,666.6666666666666,13333.333333333332,,,0.0
2016-10-31,CN_SECTOR_INDUSTRIALS,CN,sector,INDUSTRIALS,0.0,13333.333333333332,,,0.0
2016-11-30,CN_SECTOR_INDUSTRIALS,CN,sector,INDUSTRIALS,666.6666666666666,14000.0,,,0.0
2016-12-31,CN_SECTOR_INDUSTRIALS,CN,sector,INDUSTRIALS,666.6666666666666,14666.666666666666,,,0.0
2017-01-31,CN_SECTOR_INDUSTRIALS,CN,sector,INDUSTRIALS,666.6666666666666,15333.333333333332,,,0.0
2017-02-28,CN_SECTOR_INDUSTRIALS,CN,sector,INDUSTRIALS,0.0,15333.333333333332,,,0.0
2017-03-31,CN_SECTOR_INDUSTRIALS,CN,sector,INDUSTRIALS,666.6666666666666,16000.0,,,0.0
2017-04-30,CN_SECTOR_INDUSTRIALS,CN,sector,INDUSTRIALS,666.6666666666666,16666.666666666664,,,0.0
2017-05-31,CN_SECTOR_INDUSTRIALS,CN,sector,INDUSTRIALS,666.6666666666666,17333.333333333332,,,0.0
2017-06-30,CN_SECTOR_INDUSTRIALS,CN,sector,INDUSTRIALS,666.6666666666666,18000.0,,,0.0
2017-07-31,CN_SECTOR_INDUSTRIALS,CN,sector,INDUSTRIALS,666.6666666666666,18666.666666666664,,,0.0
2017-08-31,CN_SECTOR_INDUSTRIALS,CN,sector,INDUSTRIALS,666.6666666666666,19333.333333333332,,,0.0
2017-09-30,CN_SECTOR_INDUSTRIALS,CN,sector,INDUSTRIALS,666.6666666666666,20000.0,,,0.0
2017-10-31,CN_SECTOR_INDUSTRIALS,CN,sector,INDUSTRIALS,0.0,20000.0,,,0.0
2017-11-30,CN_SECTOR_INDUSTRIALS,CN,sector,INDUSTRIALS,666.6666666666666,20666.666666666664,,,0.0
2017-12-31,CN_SECTOR_INDUSTRIALS,CN,sector,INDUSTRIALS,666.6666666666666,21333.333333333332,,,0.0
2018-01-31,CN_SECTOR_INDUSTRIALS,CN,sector,INDUSTRIALS,666.6666666666666,22000.0,,,0.0
2018-02-28,CN_SECTOR_INDUSTRIALS,CN,sector,INDUSTRIALS,666.6666666666666,22666.666666666664,,,0.0
2018-03-31,CN_SECTOR_INDUSTRIALS,CN,sector,INDUSTRIALS,666.6666666666666,23333.333333333332,,,0.0
2018-04-30,CN_SECTOR_INDUSTRIALS,CN,sector,INDUSTRIALS,666.6666666666666,24000.0,,,0.0
2018-05-31,CN_SECTOR_INDUSTRIALS,CN,sector,INDUSTRIALS,666.6666666666666,24666.666666666664,,,0.0
2018-06-30,CN_SECTOR_INDUSTRIALS,CN,sector,INDUSTRIALS,666.6666666666666,25333.333333333332,44491.8387623027,6713.317332566879,0.0
2018-07-31,CN_SECTOR_INDUSTRIALS,CN,sector,INDUSTRIALS,1000.0,26333.333333333332,42817.51139410095,6282.925925227169,-0.03763223581625462
2018-08-31,CN_SECTOR_INDUSTRIALS,CN,sector,INDUSTRIALS,1000.0,27333.333333333332,42371.55528475957,6191.865506192493,-0.04765555968299559
2018-09-30,CN_SECTOR_INDUSTRIALS,CN,sector,INDUSTRIALS,1000.0,28333.333333333332,44718.65766785168,6499.521441693812,0.0
2018-10-31,CN_SECTOR_INDUSTRIALS,CN,sector,INDUSTRIALS,0.0,28333.333333333332,41160.35485089483,5908.49587123513,-0.07957087718030767
2018-11-30,CN_SECTOR_INDUSTRIALS,CN,sector,INDUSTRIALS,1000.0,29333.333333333332,42645.55069045623,6143.564005200637,-0.04635888207542982
2018-12-31,CN_SECTOR_INDUSTRIALS,CN,sector,INDUSTRIALS,1000.0,30333.333333333332,42529.18739795619,6184.084600528494,-0.04896100160603658
2019-01-31,CN_SECTOR_INDUSTRIALS,CN,sector,INDUSTRIALS,1000.0,31333.333333333332,45772.33113533869,6815.923157971939,0.0
2019-02-28,CN_SECTOR_INDUSTRIALS,CN,sector,INDUSTRIALS,0.0,31333.333333333332,48944.9821896121,7320.298697438364,0.0
2019-03-31,CN_SECTOR_INDUSTRIALS,CN,sector,INDUSTRIALS,1000.0,32333.333333333332,49908.02264726647,7406.839058933606,0.0
2019-04-30,CN_SECTOR_INDUSTRIALS,CN,sector,INDUSTRIALS,1000.0,33333.33333333333,50433.49834593305,7491.161961815502,0.0
2019-05-31,CN_SECTOR_INDUSTRIALS,CN,sector,INDUSTRIALS,0.0,33333.33333333333,46476.41930462242,6734.834596224627,-0.07846132374494953
2019-06-30,CN_SECTOR_INDUSTRIALS,CN,sector,INDUSTRIALS,1000.0,34333.33333333333,48054.96446925193,6997.854426905239,-0.047161786405660336
2019-07-31,CN_SECTOR_INDUSTRIALS,CN,sector,INDUSTRIALS,1000.0,35333.33333333333,51174.835406830905,7434.31251959387,0.0
2019-08-31,CN_SECTOR_INDUSTRIALS,CN,sector,INDUSTRIALS,1000.0,36333.33333333333,49394.85412134026,6914.56047525364,-0.03478235486914832
2019-09-30,CN_SECTOR_INDUSTRIALS,CN,sector,INDUSTRIALS,1000.0,37333.33333333333,51184.30403237267,7186.989865158046,0.0
2019-10-31,CN_SECTOR_INDUSTRIALS,CN,sector,INDUSTRIALS,0.0,37333.33333333333,50888.03788159295,7213.659293242106,-0.00578822270577981
2019-11-30,CN_SECTOR_INDUSTRIALS,CN,sector,INDUSTRIALS,1000.0,38333.33333333333,53528.789835125914,7609.574368763152,0.0
2019-12-31,CN_SECTOR_INDUSTRIALS,CN,sector,INDUSTRIALS,1000.0,39333.33333333333,60664.07008194506,8684.035808723931,0.0
2020-01-31,CN_SECTOR_INDUSTRIALS,CN,sector,INDUSTRIALS,0.0,39333.33333333333,60622.07164419031,8740.58453667326,-0.0006923115725340034
2020-02-29,CN_SECTOR_INDUSTRIALS,CN,sector,INDUSTRIALS,1000.0,40333.33333333333,60871.91526518907,8691.642092926822,0.0
2020-03-31,CN_SECTOR_INDUSTRIALS,CN,sector,INDUSTRIALS,1000.0,41333.33333333333,58404.52554074466,8226.91675364264,-0.040534123391636395
2020-04-30,CN_SECTOR_INDUSTRIALS,CN,sector,INDUSTRIALS,1000.0,42333.33333333333,66571.43368996595,9408.858136648581,0.0
2020-05-31,CN_SECTOR_INDUSTRIALS,CN,sector,INDUSTRIALS,1000.0,43333.33333333333,68280.96901809992,9556.201528522091,0.0
2020-06-30,CN_SECTOR_INDUSTRIALS,CN,sector,INDUSTRIALS,1000.0,44333.33333333333,73341.97001649436,10359.620811133133,0.0
2020-07-31,CN_SECTOR_INDUSTRIALS,CN,sector,INDUSTRIALS,1000.0,45333.33333333333,88245.3333959711,12593.343321195562,0.0
2020-08-31,CN_SECTOR_INDUSTRIALS,CN,sector,INDUSTRIALS,1000.0,46333.33333333333,94369.67535897164,13747.694859948922,0.0
2020-09-30,CN_SECTOR_INDUSTRIALS,CN,sector,INDUSTRIALS,1000.0,47333.33333333333,96488.92679945639,14157.485261267882,0.0
2020-10-31,CN_SECTOR_INDUSTRIALS,CN,sector,INDUSTRIALS,0.0,47333.33333333333,105129.87798071431,15658.307187450688,0.0
2020-11-30,CN_SECTOR_INDUSTRIALS,CN,sector,INDUSTRIALS,1000.0,48333.33333333333,117523.3763829841,17871.55908838309,0.0
2020-12-31,CN_SECTOR_INDUSTRIALS,CN,sector,INDUSTRIALS,1000.0,49333.33333333333,139335.76364724338,21363.307066495523,0.0
2021-01-31,CN_SECTOR_INDUSTRIALS,CN,sector,INDUSTRIALS,1000.0,50333.33333333333,141472.20889512345,21939.117989453436,0.0
2021-02-28,CN_SECTOR_INDUSTRIALS,CN,sector,INDUSTRIALS,1000.0,51333.33333333333,132321.1991741809,20502.834770922804,-0.06468415098916289
2021-03-31,CN_SECTOR_INDUSTRIALS,CN,sector,INDUSTRIALS,1000.0,52333.33333333333,134044.41625968835,20399.393431202723,-0.052503546056466004
2021-04-30,CN_SECTOR_INDUSTRIALS,CN,sector,INDUSTRIALS,1000.0,53333.33333333333,142998.0219669723,22097.605112343954,0.0
2021-05-31,CN_SECTOR_INDUSTRIALS,CN,sector,INDUSTRIALS,0.0,53333.33333333333,154474.759873252,24260.25626852881,0.0
2021-06-30,CN_SECTOR_INDUSTRIALS,CN,sector,INDUSTRIALS,1000.0,54333.33333333333,174264.43413657116,26962.97988722518,0.0
2021-07-31,CN_SECTOR_INDUSTRIALS,CN,sector,INDUSTRIALS,1000.0,55333.33333333333,180491.02196200864,27960.12982144887,0.0
2021-08-31,CN_SECTOR_INDUSTRIALS,CN,sector,INDUSTRIALS,1000.0,56333.33333333333,169197.51854444764,26170.90586011838,-0.06257099824022362
2021-09-30,CN_SECTOR_INDUSTRIALS,CN,sector,INDUSTRIALS,1000.0,57333.33333333333,162429.87016126796,25106.63180467804,-0.10006676013249212
2021-10-31,CN_SECTOR_INDUSTRIALS,CN,sector,INDUSTRIALS,0.0,57333.33333333333,174712.60020822915,27339.853850117463,-0.03201500933933314
2021-11-30,CN_SECTOR_INDUSTRIALS,CN,sector,INDUSTRIALS,1000.0,58333.33333333333,179705.90999825078,28136.199723965387,-0.004349867130361332
2021-12-31,CN_SECTOR_INDUSTRIALS,CN,sector,INDUSTRIALS,1000.0,59333.33333333333,178111.33754107298,27951.749187207155,-0.013184503002241083
2022-01-31,CN_SECTOR_INDUSTRIALS,CN,sector,INDUSTRIALS,1000.0,60333.33333333333,169067.01588666745,26620.535404634848,-0.06329404061851798
2022-02-28,CN_SECTOR_INDUSTRIALS,CN,sector,INDUSTRIALS,0.0,60333.33333333333,168105.3112561783,26615.787153626185,-0.06862230913866393
2022-03-31,CN_SECTOR_INDUSTRIALS,CN,sector,INDUSTRIALS,1000.0,61333.33333333333,160003.6684120056,25212.515943604725,-0.11350898968434793
2022-04-30,CN_SECTOR_INDUSTRIALS,CN,sector,INDUSTRIALS,1000.0,62333.33333333333,156559.47817222314,23630.549531769564,-0.13259132520631872
2022-05-31,CN_SECTOR_INDUSTRIALS,CN,sector,INDUSTRIALS,0.0,62333.33333333333,157492.15496386218,23646.406350123583,-0.1274238837374829
2022-06-30,CN_SECTOR_INDUSTRIALS,CN,sector,INDUSTRIALS,1000.0,63333.33333333333,175340.07975827274,26170.94232348767,-0.028538495420675936
2022-07-31,CN_SECTOR_INDUSTRIALS,CN,sector,INDUSTRIALS,1000.0,64333.33333333333,172977.7769719076,25642.29246381203,-0.041626696488440904
2022-08-31,CN_SECTOR_INDUSTRIALS,CN,sector,INDUSTRIALS,1000.0,65333.33333333333,163788.2555898749,23700.332242288125,-0.09254070474291785
2022-09-30,CN_SECTOR_INDUSTRIALS,CN,sector,INDUSTRIALS,1000.0,66333.33333333333,153847.31453661367,21595.93985094603,-0.14761790994237473
2022-10-31,CN_SECTOR_INDUSTRIALS,CN,sector,INDUSTRIALS,0.0,66333.33333333333,161675.39603799503,22295.749258636606,-0.10424688009121082
2022-11-30,CN_SECTOR_INDUSTRIALS,CN,sector,INDUSTRIALS,1000.0,67333.33333333333,174365.34630149684,24354.742944374993,-0.03393894939439805
2022-12-31,CN_SECTOR_INDUSTRIALS,CN,sector,INDUSTRIALS,1000.0,68333.33333333333,172807.77900066768,24817.650196022812,-0.04256856035176198
2023-01-31,CN_SECTOR_INDUSTRIALS,CN,sector,INDUSTRIALS,1000.0,69333.33333333333,183584.4464215231,27206.56360105199,0.0
2023-02-28,CN_SECTOR_INDUSTRIALS,CN,sector,INDUSTRIALS,1000.0,70333.33333333333,181969.48118711403,26205.659405818195,-0.00879685216198005
2023-03-31,CN_SECTOR_INDUSTRIALS,CN,sector,INDUSTRIALS,1000.0,71333.33333333333,179997.13057119568,26198.930459718813,-0.0195404127106209
2023-04-30,CN_SECTOR_INDUSTRIALS,CN,sector,INDUSTRIALS,0.0,71333.33333333333,173290.01327065012,25033.589519031186,-0.05607464767051254
2023-05-31,CN_SECTOR_INDUSTRIALS,CN,sector,INDUSTRIALS,0.0,71333.33333333333,164300.1668034378,23209.516441866803,-0.10504310138456506
2023-06-30,CN_SECTOR_INDUSTRIALS,CN,sector,INDUSTRIALS,1000.0,72333.33333333333,172889.3099635612,23840.88206053923,-0.05825731245992987
2023-07-31,CN_SECTOR_INDUSTRIALS,CN,sector,INDUSTRIALS,1000.0,73333.33333333333,186912.19763614878,26315.284179056336,0.0
2023-08-31,CN_SECTOR_INDUSTRIALS,CN,sector,INDUSTRIALS,1000.0,74333.33333333333,181274.9133727439,24888.09339041967,-0.03016006624874557
2023-09-30,CN_SECTOR_INDUSTRIALS,CN,sector,INDUSTRIALS,1000.0,75333.33333333333,173116.13338859676,23714.863503048044,-0.07381040093706467
2023-10-31,CN_SECTOR_INDUSTRIALS,CN,sector,INDUSTRIALS,0.0,75333.33333333333,159553.07657386104,21820.417940428502,-0.14637418749709513
2023-11-30,CN_SECTOR_INDUSTRIALS,CN,sector,INDUSTRIALS,1000.0,76333.33333333333,163783.221587059,23136.81854770847,-0.12374246486638407
2023-12-31,CN_SECTOR_INDUSTRIALS,CN,sector,INDUSTRIALS,1000.0,77333.33333333333,159184.51852169307,22398.272314802278,-0.14834601200522818
2024-01-31,CN_SECTOR_INDUSTRIALS,CN,sector,INDUSTRIALS,1000.0,78333.33333333333,149753.20884048246,21109.542982576095,-0.1988045149840974
2024-02-29,CN_SECTOR_INDUSTRIALS,CN,sector,INDUSTRIALS,1000.0,79333.33333333333,164498.42525977612,22859.70302841886,-0.11991604967378455
2024-03-31,CN_SECTOR_INDUSTRIALS,CN,sector,INDUSTRIALS,1000.0,80333.33333333333,167121.19304089123,23126.15958581852,-0.10588396501433019
2024-04-30,CN_SECTOR_INDUSTRIALS,CN,sector,INDUSTRIALS,1000.0,81333.33333333333,168768.89002154573,23318.027876198288,-0.09706861212943194
2024-05-31,CN_SECTOR_INDUSTRIALS,CN,sector,INDUSTRIALS,0.0,81333.33333333333,167198.8922370015,23114.521621459404,-0.10546826610814361
2024-06-30,CN_SECTOR_INDUSTRIALS,CN,sector,INDUSTRIALS,1000.0,82333.33333333333,153282.76254297755,21092.4101012505,-0.17992102986577532
2024-07-31,CN_SECTOR_INDUSTRIALS,CN,sector,INDUSTRIALS,1000.0,83333.33333333333,150444.55028413105,20748.96911297556,-0.1951057652374683
2024-08-31,CN_SECTOR_INDUSTRIALS,CN,sector,INDUSTRIALS,1000.0,84333.33333333333,145074.76375154068,20446.024086749556,-0.22383469037184303
2024-09-30,CN_SECTOR_INDUSTRIALS,CN,sector,INDUSTRIALS,1000.0,85333.33333333333,192473.80337223734,27455.8576657606,0.0
2024-10-31,CN_SECTOR_INDUSTRIALS,CN,sector,INDUSTRIALS,0.0,85333.33333333333,180031.28032371035,25303.772547671473,-0.06464528071107734
2024-11-30,CN_SECTOR_INDUSTRIALS,CN,sector,INDUSTRIALS,1000.0,86333.33333333333,190969.60809373474,26366.456926057817,-0.007815064970652314
2024-12-31,CN_SECTOR_INDUSTRIALS,CN,sector,INDUSTRIALS,1000.0,87333.33333333333,190523.22344239347,26105.86640109259,-0.010134261887429503
2025-01-31,CN_SECTOR_INDUSTRIALS,CN,sector,INDUSTRIALS,0.0,87333.33333333333,188798.25543670222,26291.725673552046,-0.01909635426295773
2025-02-28,CN_SECTOR_INDUSTRIALS,CN,sector,INDUSTRIALS,1000.0,88333.33333333333,207905.25772692694,28537.639364572744,0.0
2025-03-31,CN_SECTOR_INDUSTRIALS,CN,sector,INDUSTRIALS,1000.0,89333.33333333333,199269.08161106083,27436.94933994674,-0.04153899814890344
2025-04-30,CN_SECTOR_INDUSTRIALS,CN,sector,INDUSTRIALS,1000.0,90333.33333333333,202523.03634303168,27861.1961556037,-0.025887856049145883
2025-05-31,CN_SECTOR_INDUSTRIALS,CN,sector,INDUSTRIALS,1000.0,91333.33333333333,199826.346845566,27739.404059789584,-0.03885861747648622
2025-06-30,CN_SECTOR_INDUSTRIALS,CN,sector,INDUSTRIALS,1000.0,92333.33333333333,200077.30564560828,27896.613791311705,-0.03765153496791444
2025-07-31,CN_SECTOR_INDUSTRIALS,CN,sector,INDUSTRIALS,1000.0,93333.33333333333,201201.2438980961,28036.513951518413,-0.03224552328366912
2025-08-31,CN_SECTOR_INDUSTRIALS,CN,sector,INDUSTRIALS,1000.0,94333.33333333333,228069.65291655934,31884.47599730285,0.0
2025-09-30,CN_SECTOR_INDUSTRIALS,CN,sector,INDUSTRIALS,1000.0,95333.33333333333,261867.19903056472,36782.20048495123,0.0
2025-10-31,CN_SECTOR_INDUSTRIALS,CN,sector,INDUSTRIALS,0.0,95333.33333333333,248629.53888493637,34969.977174324435,-0.0505510434091567
2025-11-30,CN_SECTOR_INDUSTRIALS,CN,sector,INDUSTRIALS,1000.0,96333.33333333333,235145.85731718177,33232.40612285672,-0.10204157608247866
2025-12-31,CN_SECTOR_INDUSTRIALS,CN,sector,INDUSTRIALS,1000.0,97333.33333333333,241462.3745643095,34513.85433720962,-0.0779205052858629
2026-01-31,CN_SECTOR_INDUSTRIALS,CN,sector,INDUSTRIALS,1000.0,98333.33333333333,237014.8121525651,34112.66748907874,-0.0949045431043041
2026-02-28,CN_SECTOR_INDUSTRIALS,CN,sector,INDUSTRIALS,1000.0,99333.33333333333,233668.37814574028,34157.549452284155,-0.10768366939126697
2026-03-31,CN_SECTOR_INDUSTRIALS,CN,sector,INDUSTRIALS,1000.0,100333.33333333333,238444.00805411217,34499.10355903764,-0.0894468305429831
2026-04-30,CN_SECTOR_INDUSTRIALS,CN,sector,INDUSTRIALS,1000.0,101333.33333333333,244222.25645066597,35778.23744617783,-0.06738126288905416
2015-01-31,CN_SECTOR_ENERGY,CN,sector,ENERGY,666.6666666666666,666.6666666666666,,,0.0
2015-02-28,CN_SECTOR_ENERGY,CN,sector,ENERGY,666.6666666666666,1333.3333333333333,,,0.0
2015-03-31,CN_SECTOR_ENERGY,CN,sector,ENERGY,666.6666666666666,2000.0,,,0.0
2015-04-30,CN_SECTOR_ENERGY,CN,sector,ENERGY,666.6666666666666,2666.6666666666665,,,0.0
2015-05-31,CN_SECTOR_ENERGY,CN,sector,ENERGY,666.6666666666666,3333.333333333333,,,0.0
2015-06-30,CN_SECTOR_ENERGY,CN,sector,ENERGY,666.6666666666666,4000.0,,,0.0
2015-07-31,CN_SECTOR_ENERGY,CN,sector,ENERGY,666.6666666666666,4666.666666666666,,,0.0
2015-08-31,CN_SECTOR_ENERGY,CN,sector,ENERGY,666.6666666666666,5333.333333333333,,,0.0
2015-09-30,CN_SECTOR_ENERGY,CN,sector,ENERGY,666.6666666666666,6000.0,,,0.0
2015-10-31,CN_SECTOR_ENERGY,CN,sector,ENERGY,0.0,6000.0,,,0.0
2015-11-30,CN_SECTOR_ENERGY,CN,sector,ENERGY,666.6666666666666,6666.666666666666,,,0.0
2015-12-31,CN_SECTOR_ENERGY,CN,sector,ENERGY,666.6666666666666,7333.333333333333,,,0.0
2016-01-31,CN_SECTOR_ENERGY,CN,sector,ENERGY,666.6666666666666,8000.0,,,0.0
2016-02-29,CN_SECTOR_ENERGY,CN,sector,ENERGY,666.6666666666666,8666.666666666666,,,0.0
2016-03-31,CN_SECTOR_ENERGY,CN,sector,ENERGY,666.6666666666666,9333.333333333332,,,0.0
2016-04-30,CN_SECTOR_ENERGY,CN,sector,ENERGY,666.6666666666666,10000.0,,,0.0
2016-05-31,CN_SECTOR_ENERGY,CN,sector,ENERGY,666.6666666666666,10666.666666666666,,,0.0
2016-06-30,CN_SECTOR_ENERGY,CN,sector,ENERGY,666.6666666666666,11333.333333333332,,,0.0
2016-07-31,CN_SECTOR_ENERGY,CN,sector,ENERGY,666.6666666666666,12000.0,,,0.0
2016-08-31,CN_SECTOR_ENERGY,CN,sector,ENERGY,666.6666666666666,12666.666666666666,,,0.0
2016-09-30,CN_SECTOR_ENERGY,CN,sector,ENERGY,666.6666666666666,13333.333333333332,,,0.0
2016-10-31,CN_SECTOR_ENERGY,CN,sector,ENERGY,0.0,13333.333333333332,,,0.0
2016-11-30,CN_SECTOR_ENERGY,CN,sector,ENERGY,666.6666666666666,14000.0,,,0.0
2016-12-31,CN_SECTOR_ENERGY,CN,sector,ENERGY,666.6666666666666,14666.666666666666,,,0.0
2017-01-31,CN_SECTOR_ENERGY,CN,sector,ENERGY,666.6666666666666,15333.333333333332,,,0.0
2017-02-28,CN_SECTOR_ENERGY,CN,sector,ENERGY,0.0,15333.333333333332,,,0.0
2017-03-31,CN_SECTOR_ENERGY,CN,sector,ENERGY,666.6666666666666,16000.0,,,0.0
2017-04-30,CN_SECTOR_ENERGY,CN,sector,ENERGY,666.6666666666666,16666.666666666664,,,0.0
2017-05-31,CN_SECTOR_ENERGY,CN,sector,ENERGY,666.6666666666666,17333.333333333332,,,0.0
2017-06-30,CN_SECTOR_ENERGY,CN,sector,ENERGY,666.6666666666666,18000.0,,,0.0
2017-07-31,CN_SECTOR_ENERGY,CN,sector,ENERGY,666.6666666666666,18666.666666666664,,,0.0
2017-08-31,CN_SECTOR_ENERGY,CN,sector,ENERGY,666.6666666666666,19333.333333333332,,,0.0
2017-09-30,CN_SECTOR_ENERGY,CN,sector,ENERGY,666.6666666666666,20000.0,,,0.0
2017-10-31,CN_SECTOR_ENERGY,CN,sector,ENERGY,0.0,20000.0,,,0.0
2017-11-30,CN_SECTOR_ENERGY,CN,sector,ENERGY,666.6666666666666,20666.666666666664,,,0.0
2017-12-31,CN_SECTOR_ENERGY,CN,sector,ENERGY,666.6666666666666,21333.333333333332,,,0.0
2018-01-31,CN_SECTOR_ENERGY,CN,sector,ENERGY,666.6666666666666,22000.0,,,0.0
2018-02-28,CN_SECTOR_ENERGY,CN,sector,ENERGY,666.6666666666666,22666.666666666664,,,0.0
2018-03-31,CN_SECTOR_ENERGY,CN,sector,ENERGY,666.6666666666666,23333.333333333332,,,0.0
2018-04-30,CN_SECTOR_ENERGY,CN,sector,ENERGY,666.6666666666666,24000.0,,,0.0
2018-05-31,CN_SECTOR_ENERGY,CN,sector,ENERGY,666.6666666666666,24666.666666666664,,,0.0
2018-06-30,CN_SECTOR_ENERGY,CN,sector,ENERGY,666.6666666666666,25333.333333333332,,,0.0
2018-07-31,CN_SECTOR_ENERGY,CN,sector,ENERGY,666.6666666666666,26000.0,,,0.0
2018-08-31,CN_SECTOR_ENERGY,CN,sector,ENERGY,666.6666666666666,26666.666666666664,,,0.0
2018-09-30,CN_SECTOR_ENERGY,CN,sector,ENERGY,666.6666666666666,27333.333333333332,,,0.0
2018-10-31,CN_SECTOR_ENERGY,CN,sector,ENERGY,0.0,27333.333333333332,,,0.0
2018-11-30,CN_SECTOR_ENERGY,CN,sector,ENERGY,666.6666666666666,28000.0,,,0.0
2018-12-31,CN_SECTOR_ENERGY,CN,sector,ENERGY,666.6666666666666,28666.666666666664,,,0.0
2019-01-31,CN_SECTOR_ENERGY,CN,sector,ENERGY,666.6666666666666,29333.333333333332,,,0.0
2019-02-28,CN_SECTOR_ENERGY,CN,sector,ENERGY,0.0,29333.333333333332,,,0.0
2019-03-31,CN_SECTOR_ENERGY,CN,sector,ENERGY,666.6666666666666,30000.0,,,0.0
2019-04-30,CN_SECTOR_ENERGY,CN,sector,ENERGY,666.6666666666666,30666.666666666664,,,0.0
2019-05-31,CN_SECTOR_ENERGY,CN,sector,ENERGY,0.0,30666.666666666664,,,0.0
2019-06-30,CN_SECTOR_ENERGY,CN,sector,ENERGY,666.6666666666666,31333.333333333332,,,0.0
2019-07-31,CN_SECTOR_ENERGY,CN,sector,ENERGY,666.6666666666666,32000.0,,,0.0
2019-08-31,CN_SECTOR_ENERGY,CN,sector,ENERGY,666.6666666666666,32666.666666666664,,,0.0
2019-09-30,CN_SECTOR_ENERGY,CN,sector,ENERGY,666.6666666666666,33333.33333333333,,,0.0
2019-10-31,CN_SECTOR_ENERGY,CN,sector,ENERGY,0.0,33333.33333333333,,,0.0
2019-11-30,CN_SECTOR_ENERGY,CN,sector,ENERGY,666.6666666666666,34000.0,,,0.0
2019-12-31,CN_SECTOR_ENERGY,CN,sector,ENERGY,666.6666666666666,34666.666666666664,,,0.0
2020-01-31,CN_SECTOR_ENERGY,CN,sector,ENERGY,0.0,34666.666666666664,,,0.0
2020-02-29,CN_SECTOR_ENERGY,CN,sector,ENERGY,666.6666666666666,35333.33333333333,,,0.0
2020-03-31,CN_SECTOR_ENERGY,CN,sector,ENERGY,666.6666666666666,36000.0,,,0.0
2020-04-30,CN_SECTOR_ENERGY,CN,sector,ENERGY,666.6666666666666,36666.666666666664,,,0.0
2020-05-31,CN_SECTOR_ENERGY,CN,sector,ENERGY,666.6666666666666,37333.33333333333,,,0.0
2020-06-30,CN_SECTOR_ENERGY,CN,sector,ENERGY,666.6666666666666,38000.0,,,0.0
2020-07-31,CN_SECTOR_ENERGY,CN,sector,ENERGY,666.6666666666666,38666.666666666664,,,0.0
2020-08-31,CN_SECTOR_ENERGY,CN,sector,ENERGY,666.6666666666666,39333.33333333333,,,0.0
2020-09-30,CN_SECTOR_ENERGY,CN,sector,ENERGY,666.6666666666666,40000.0,,,0.0
2020-10-31,CN_SECTOR_ENERGY,CN,sector,ENERGY,0.0,40000.0,,,0.0
2020-11-30,CN_SECTOR_ENERGY,CN,sector,ENERGY,666.6666666666666,40666.666666666664,,,0.0
2020-12-31,CN_SECTOR_ENERGY,CN,sector,ENERGY,666.6666666666666,41333.33333333333,,,0.0
2021-01-31,CN_SECTOR_ENERGY,CN,sector,ENERGY,666.6666666666666,42000.0,,,0.0
2021-02-28,CN_SECTOR_ENERGY,CN,sector,ENERGY,666.6666666666666,42666.666666666664,,,0.0
2021-03-31,CN_SECTOR_ENERGY,CN,sector,ENERGY,666.6666666666666,43333.33333333333,,,0.0
2021-04-30,CN_SECTOR_ENERGY,CN,sector,ENERGY,666.6666666666666,44000.0,,,0.0
2021-05-31,CN_SECTOR_ENERGY,CN,sector,ENERGY,0.0,44000.0,,,0.0
2021-06-30,CN_SECTOR_ENERGY,CN,sector,ENERGY,666.6666666666666,44666.666666666664,,,0.0
2021-07-31,CN_SECTOR_ENERGY,CN,sector,ENERGY,666.6666666666666,45333.33333333333,,,0.0
2021-08-31,CN_SECTOR_ENERGY,CN,sector,ENERGY,666.6666666666666,46000.0,,,0.0
2021-09-30,CN_SECTOR_ENERGY,CN,sector,ENERGY,666.6666666666666,46666.666666666664,,,0.0
2021-10-31,CN_SECTOR_ENERGY,CN,sector,ENERGY,0.0,46666.666666666664,,,0.0
2021-11-30,CN_SECTOR_ENERGY,CN,sector,ENERGY,666.6666666666666,47333.33333333333,,,0.0
2021-12-31,CN_SECTOR_ENERGY,CN,sector,ENERGY,666.6666666666666,48000.0,,,0.0
2022-01-31,CN_SECTOR_ENERGY,CN,sector,ENERGY,666.6666666666666,48666.666666666664,,,0.0
2022-02-28,CN_SECTOR_ENERGY,CN,sector,ENERGY,0.0,48666.666666666664,,,0.0
2022-03-31,CN_SECTOR_ENERGY,CN,sector,ENERGY,666.6666666666666,49333.33333333333,,,0.0
2022-04-30,CN_SECTOR_ENERGY,CN,sector,ENERGY,666.6666666666666,50000.0,66752.65335072855,10075.41606421436,0.0
2022-05-31,CN_SECTOR_ENERGY,CN,sector,ENERGY,0.0,50000.0,68408.80663717033,10271.1302670329,0.0
2022-06-30,CN_SECTOR_ENERGY,CN,sector,ENERGY,1000.0,51000.0,66105.5136654509,9866.789086603094,-0.033669538834900925
2022-07-31,CN_SECTOR_ENERGY,CN,sector,ENERGY,1000.0,52000.0,66797.05840921916,9902.021736177729,-0.02356053711767897
2022-08-31,CN_SECTOR_ENERGY,CN,sector,ENERGY,1000.0,53000.0,69260.93523847904,10022.129917995351,0.0
2022-09-30,CN_SECTOR_ENERGY,CN,sector,ENERGY,1000.0,54000.0,69445.33512682935,9748.2187768112,0.0
2022-10-31,CN_SECTOR_ENERGY,CN,sector,ENERGY,0.0,54000.0,66827.41053125865,9215.794272486333,-0.03769763067295356
2022-11-30,CN_SECTOR_ENERGY,CN,sector,ENERGY,1000.0,55000.0,72280.03124793887,10095.822469282886,0.0
2022-12-31,CN_SECTOR_ENERGY,CN,sector,ENERGY,1000.0,56000.0,71073.79460225863,10207.205848852522,-0.016688380246302648
2023-01-31,CN_SECTOR_ENERGY,CN,sector,ENERGY,1000.0,57000.0,73889.57038509974,10950.172170472833,0.0
2023-02-28,CN_SECTOR_ENERGY,CN,sector,ENERGY,1000.0,58000.0,75929.81345852022,10934.750251858146,0.0
2023-03-31,CN_SECTOR_ENERGY,CN,sector,ENERGY,1000.0,59000.0,85511.23702487751,12446.325923252281,0.0
2023-04-30,CN_SECTOR_ENERGY,CN,sector,ENERGY,0.0,59000.0,100673.43431828884,14543.350667640787,0.0
2023-05-31,CN_SECTOR_ENERGY,CN,sector,ENERGY,0.0,59000.0,96677.53737627502,13656.94835829526,-0.039691672078856474
2023-06-30,CN_SECTOR_ENERGY,CN,sector,ENERGY,1000.0,60000.0,97640.0300422712,13464.247391096163,-0.030131129394346833
2023-07-31,CN_SECTOR_ENERGY,CN,sector,ENERGY,1000.0,61000.0,99857.12045727424,14058.83904511549,-0.008108532966440207
2023-08-31,CN_SECTOR_ENERGY,CN,sector,ENERGY,1000.0,62000.0,99380.56871262225,13644.43004988166,-0.012842172460105742
2023-09-30,CN_SECTOR_ENERGY,CN,sector,ENERGY,1000.0,63000.0,101941.87616859985,13964.831765022634,0.0
2023-10-31,CN_SECTOR_ENERGY,CN,sector,ENERGY,0.0,63000.0,94068.6430627278,12864.791772081588,-0.07723257018392173
2023-11-30,CN_SECTOR_ENERGY,CN,sector,ENERGY,1000.0,64000.0,95510.98702482283,13492.34893960877,-0.06308388059428187
2023-12-31,CN_SECTOR_ENERGY,CN,sector,ENERGY,1000.0,64999.99999999999,96933.8398286695,13639.20663369089,-0.049126389744364174
2024-01-31,CN_SECTOR_ENERGY,CN,sector,ENERGY,1000.0,66000.0,106921.85792106541,15071.941182681858,0.0
2024-02-29,CN_SECTOR_ENERGY,CN,sector,ENERGY,1000.0,67000.0,112707.65210172931,15662.541766020717,0.0
2024-03-31,CN_SECTOR_ENERGY,CN,sector,ENERGY,1000.0,68000.0,120818.81261923737,16718.855883932887,0.0
2024-04-30,CN_SECTOR_ENERGY,CN,sector,ENERGY,1000.0,69000.0,123669.77521809709,17086.888854993445,0.0
2024-05-31,CN_SECTOR_ENERGY,CN,sector,ENERGY,0.0,69000.0,123545.00055737425,17079.560446840518,-0.0010089341595615191
2024-06-30,CN_SECTOR_ENERGY,CN,sector,ENERGY,1000.0,70000.0,125833.95909097041,17315.32904142797,0.0
2024-07-31,CN_SECTOR_ENERGY,CN,sector,ENERGY,1000.0,71000.0,119734.2188809672,16513.47027616124,-0.048474515576462734
2024-08-31,CN_SECTOR_ENERGY,CN,sector,ENERGY,1000.0,72000.0,122800.80365106695,17306.85699148866,-0.024104426673173935
2024-09-30,CN_SECTOR_ENERGY,CN,sector,ENERGY,1000.0,73000.0,125521.26025957463,17905.26188672422,-0.002485011467927525
2024-10-31,CN_SECTOR_ENERGY,CN,sector,ENERGY,0.0,73000.0,114600.735218361,16107.372744043187,-0.0892702093596885
2024-11-30,CN_SECTOR_ENERGY,CN,sector,ENERGY,1000.0,74000.0,116338.46575554406,16062.415254481743,-0.07546049893067161
2024-12-31,CN_SECTOR_ENERGY,CN,sector,ENERGY,1000.0,75000.0,125305.98408240078,17169.672130293737,-0.004195807017308694
2025-01-31,CN_SECTOR_ENERGY,CN,sector,ENERGY,0.0,75000.0,117539.84613865423,16368.400138236955,-0.06591315263568902
2025-02-28,CN_SECTOR_ENERGY,CN,sector,ENERGY,1000.0,76000.0,113497.2505592767,15578.940334377592,-0.09803958025968978
2025-03-31,CN_SECTOR_ENERGY,CN,sector,ENERGY,1000.0,77000.0,116104.7130508609,15986.218756822447,-0.07731812708106763
2025-04-30,CN_SECTOR_ENERGY,CN,sector,ENERGY,1000.0,78000.0,115014.24699993953,15822.567912357028,-0.08598403935784046
2025-05-31,CN_SECTOR_ENERGY,CN,sector,ENERGY,1000.0,79000.0,118726.49219101679,16481.3208642269,-0.056482899777597795
2025-06-30,CN_SECTOR_ENERGY,CN,sector,ENERGY,1000.0,80000.0,120302.16570578297,16773.631792588447,-0.04396105332097423
2025-07-31,CN_SECTOR_ENERGY,CN,sector,ENERGY,1000.0,81000.0,125521.60003514131,17490.886350506575,-0.002482311278176399
2025-08-31,CN_SECTOR_ENERGY,CN,sector,ENERGY,1000.0,82000.0,123460.88173102953,17260.01451670137,-0.018858799143602348
2025-09-30,CN_SECTOR_ENERGY,CN,sector,ENERGY,1000.0,83000.0,118227.42968249985,16606.375435720813,-0.06044893972517786
2025-10-31,CN_SECTOR_ENERGY,CN,sector,ENERGY,0.0,83000.0,125822.73552193819,17697.085426561203,-8.919348253290542e-05
2025-11-30,CN_SECTOR_ENERGY,CN,sector,ENERGY,1000.0,84000.0,132549.77296888456,18732.832196370422,0.0
2025-12-31,CN_SECTOR_ENERGY,CN,sector,ENERGY,1000.0,85000.0,141206.46099977926,20183.596865611275,0.0
2026-01-31,CN_SECTOR_ENERGY,CN,sector,ENERGY,1000.0,86000.0,150838.91189374134,21709.68809549971,0.0
2026-02-28,CN_SECTOR_ENERGY,CN,sector,ENERGY,1000.0,87000.0,150829.3873502801,22048.17912529699,-6.314380912502138e-05
2026-03-31,CN_SECTOR_ENERGY,CN,sector,ENERGY,1000.0,88000.0,157170.1220017373,22740.048532039444,0.0
2026-04-30,CN_SECTOR_ENERGY,CN,sector,ENERGY,1000.0,89000.0,152268.38446422893,22307.11686183924,-0.031187464099914505
2015-01-31,CN_SECTOR_MATERIALS,CN,sector,MATERIALS,1000.0,1000.0,893.4998262830385,143.26713873457686,0.0
2015-02-28,CN_SECTOR_MATERIALS,CN,sector,MATERIALS,1000.0,2000.0,1950.0666479774354,312.0356366212456,0.0
2015-03-31,CN_SECTOR_MATERIALS,CN,sector,MATERIALS,1000.0,3000.0,3323.6201802365567,536.3705760278802,0.0
2015-04-30,CN_SECTOR_MATERIALS,CN,sector,MATERIALS,1000.0,4000.0,5053.7516644747575,816.4117129191403,0.0
2015-05-31,CN_SECTOR_MATERIALS,CN,sector,MATERIALS,1000.0,5000.0,6761.20159322374,1092.0664546473913,0.0
2015-06-30,CN_SECTOR_MATERIALS,CN,sector,MATERIALS,1000.0,6000.0,6748.649624316102,1088.7025762447713,-0.0018564701458122633
2015-07-31,CN_SECTOR_MATERIALS,CN,sector,MATERIALS,1000.0,7000.0,6217.4523233277905,1002.8634361311869,-0.08042198748235961
2015-08-31,CN_SECTOR_MATERIALS,CN,sector,MATERIALS,1000.0,8000.0,6289.9640984636235,986.1196383962711,-0.06969729984569659
2015-09-30,CN_SECTOR_MATERIALS,CN,sector,MATERIALS,1000.0,9000.0,6793.907765196613,1069.3005128234122,0.0
2015-10-31,CN_SECTOR_MATERIALS,CN,sector,MATERIALS,0.0,9000.0,7352.222200269522,1158.432252734853,0.0
2015-11-30,CN_SECTOR_MATERIALS,CN,sector,MATERIALS,1000.0,10000.0,7928.336558505176,1241.7128072513185,0.0
2015-12-31,CN_SECTOR_MATERIALS,CN,sector,MATERIALS,1000.0,11000.0,9153.686776356579,1412.344391190222,0.0
2016-01-31,CN_SECTOR_MATERIALS,CN,sector,MATERIALS,1000.0,12000.0,8457.272267003413,1288.1972304986614,-0.07608022061143306
2016-02-29,CN_SECTOR_MATERIALS,CN,sector,MATERIALS,1000.0,13000.0,9605.347584737876,1470.8666972730311,0.0
2016-03-31,CN_SECTOR_MATERIALS,CN,sector,MATERIALS,1000.0,14000.0,11325.887994945488,1754.564281038657,0.0
2016-04-30,CN_SECTOR_MATERIALS,CN,sector,MATERIALS,1000.0,15000.0,12832.48907092652,1984.640835995029,0.0
2016-05-31,CN_SECTOR_MATERIALS,CN,sector,MATERIALS,1000.0,16000.0,13311.746950346558,2025.123938303234,0.0
2016-06-30,CN_SECTOR_MATERIALS,CN,sector,MATERIALS,1000.0,17000.0,14854.135584339778,2241.524634701231,0.0
2016-07-31,CN_SECTOR_MATERIALS,CN,sector,MATERIALS,1000.0,18000.0,16566.46652708287,2488.914985364836,0.0
2016-08-31,CN_SECTOR_MATERIALS,CN,sector,MATERIALS,1000.0,19000.0,17764.815148880563,2659.2442711305926,0.0
2016-09-30,CN_SECTOR_MATERIALS,CN,sector,MATERIALS,1000.0,20000.0,18571.92700790177,2784.9395534701,0.0
2016-10-31,CN_SECTOR_MATERIALS,CN,sector,MATERIALS,0.0,20000.0,19606.327062774715,2890.3391946483875,0.0
2016-11-30,CN_SECTOR_MATERIALS,CN,sector,MATERIALS,1000.0,21000.0,22063.319059424146,3198.834298380861,0.0
2016-12-31,CN_SECTOR_MATERIALS,CN,sector,MATERIALS,1000.0,22000.0,22825.142125707614,3286.4155313268802,0.0
2017-01-31,CN_SECTOR_MATERIALS,CN,sector,MATERIALS,1000.0,23000.0,26045.68517492129,3785.324858412245,0.0
2017-02-28,CN_SECTOR_MATERIALS,CN,sector,MATERIALS,0.0,23000.0,27112.843744794984,3946.4991281769794,0.0
2017-03-31,CN_SECTOR_MATERIALS,CN,sector,MATERIALS,1000.0,24000.0,27297.03003721106,3962.408227472386,0.0
2017-04-30,CN_SECTOR_MATERIALS,CN,sector,MATERIALS,1000.0,25000.0,28238.59159861046,4094.388910074907,0.0
2017-05-31,CN_SECTOR_MATERIALS,CN,sector,MATERIALS,1000.0,26000.0,29094.91633688051,4243.839623757952,0.0
2017-06-30,CN_SECTOR_MATERIALS,CN,sector,MATERIALS,1000.0,27000.0,33991.56974676813,5009.294623460069,0.0
2017-07-31,CN_SECTOR_MATERIALS,CN,sector,MATERIALS,1000.0,28000.0,40195.61268165276,5964.714060214511,0.0
2017-08-31,CN_SECTOR_MATERIALS,CN,sector,MATERIALS,1000.0,29000.0,43225.2508514672,6553.550380771811,0.0
2017-09-30,CN_SECTOR_MATERIALS,CN,sector,MATERIALS,1000.0,30000.0,46675.298014973145,7003.045503693643,0.0
2017-10-31,CN_SECTOR_MATERIALS,CN,sector,MATERIALS,0.0,30000.0,43743.33395611481,6585.471418895979,-0.06281618293937362
2017-11-30,CN_SECTOR_MATERIALS,CN,sector,MATERIALS,1000.0,31000.0,49148.13977672988,7437.334597701257,0.0
2017-12-31,CN_SECTOR_MATERIALS,CN,sector,MATERIALS,1000.0,32000.0,50466.11160509049,7726.454715059116,0.0
2018-01-31,CN_SECTOR_MATERIALS,CN,sector,MATERIALS,1000.0,33000.0,55406.54761227335,8765.332861772244,0.0
2018-02-28,CN_SECTOR_MATERIALS,CN,sector,MATERIALS,1000.0,34000.0,54828.20968555934,8679.881875740928,-0.010438079101429187
2018-03-31,CN_SECTOR_MATERIALS,CN,sector,MATERIALS,1000.0,35000.0,52335.0190829035,8321.80825380039,-0.055436201346886774
2018-04-30,CN_SECTOR_MATERIALS,CN,sector,MATERIALS,1000.0,36000.0,53907.36687822196,8506.764681527924,-0.02705782617141988
2018-05-31,CN_SECTOR_MATERIALS,CN,sector,MATERIALS,1000.0,37000.0,52156.639292991575,8126.618494072513,-0.05865567264764708
2018-06-30,CN_SECTOR_MATERIALS,CN,sector,MATERIALS,1000.0,38000.0,56190.11948693752,8478.456129582948,0.0
2018-07-31,CN_SECTOR_MATERIALS,CN,sector,MATERIALS,1000.0,39000.0,62335.52650704475,9146.94672347901,0.0
2018-08-31,CN_SECTOR_MATERIALS,CN,sector,MATERIALS,1000.0,40000.0,60121.983774054985,8785.78175836597,-0.03551013133320699
2018-09-30,CN_SECTOR_MATERIALS,CN,sector,MATERIALS,1000.0,41000.0,57200.995010531704,8313.735540063946,-0.08236926491561397
2018-10-31,CN_SECTOR_MATERIALS,CN,sector,MATERIALS,0.0,41000.0,46904.10193671885,6733.000569140382,-0.24755425092273733
2018-11-30,CN_SECTOR_MATERIALS,CN,sector,MATERIALS,1000.0,42000.0,46193.77299386431,6654.724735282296,-0.25894950147499285
2018-12-31,CN_SECTOR_MATERIALS,CN,sector,MATERIALS,1000.0,43000.0,45880.66016350738,6671.4155933499505,-0.2639725252288957
2019-01-31,CN_SECTOR_MATERIALS,CN,sector,MATERIALS,1000.0,44000.0,49830.60877501457,7420.238207252679,-0.20060659519121826
2019-02-28,CN_SECTOR_MATERIALS,CN,sector,MATERIALS,0.0,44000.0,58948.52500198074,8816.446374752115,-0.05433501078524187
2019-03-31,CN_SECTOR_MATERIALS,CN,sector,MATERIALS,1000.0,45000.0,62316.892285907124,9248.436770914546,-0.00029893420625105453
2019-04-30,CN_SECTOR_MATERIALS,CN,sector,MATERIALS,1000.0,46000.0,61349.0605369015,9112.50981510017,-0.015825100475116108
2019-05-31,CN_SECTOR_MATERIALS,CN,sector,MATERIALS,0.0,46000.0,54779.51629413471,7938.025067811027,-0.1212151502731931
2019-06-30,CN_SECTOR_MATERIALS,CN,sector,MATERIALS,1000.0,47000.0,61849.130437723405,9006.586853493513,-0.007802870956201446
2019-07-31,CN_SECTOR_MATERIALS,CN,sector,MATERIALS,1000.0,48000.0,62919.71769274481,9140.524659314226,0.0
2019-08-31,CN_SECTOR_MATERIALS,CN,sector,MATERIALS,1000.0,49000.0,63102.4758997413,8833.427965495073,0.0
2019-09-30,CN_SECTOR_MATERIALS,CN,sector,MATERIALS,1000.0,50000.0,62174.90463499985,8730.223413730337,-0.014699443270897873
2019-10-31,CN_SECTOR_MATERIALS,CN,sector,MATERIALS,0.0,50000.0,63479.39511536368,8998.553443322437,0.0
2019-11-30,CN_SECTOR_MATERIALS,CN,sector,MATERIALS,1000.0,51000.0,66554.64191322683,9461.31042351276,0.0
2019-12-31,CN_SECTOR_MATERIALS,CN,sector,MATERIALS,1000.0,52000.0,78947.88182075413,11301.355676073888,0.0
2020-01-31,CN_SECTOR_MATERIALS,CN,sector,MATERIALS,0.0,52000.0,73514.02127144807,10599.365876594338,-0.0688284526954539
2020-02-29,CN_SECTOR_MATERIALS,CN,sector,MATERIALS,1000.0,53000.0,69635.39560981786,9942.942209114744,-0.11795739158752414
2020-03-31,CN_SECTOR_MATERIALS,CN,sector,MATERIALS,1000.0,54000.0,62952.4609627466,8867.54324228093,-0.20260734663311253
2020-04-30,CN_SECTOR_MATERIALS,CN,sector,MATERIALS,1000.0,55000.0,67954.76734984916,9604.37127854827,-0.13924521111109855
2020-05-31,CN_SECTOR_MATERIALS,CN,sector,MATERIALS,1000.0,56000.0,69521.74387748189,9729.85305658747,-0.11939697083543875
2020-06-30,CN_SECTOR_MATERIALS,CN,sector,MATERIALS,1000.0,57000.0,75497.76322823658,10664.128587728737,-0.04370121798012029
2020-07-31,CN_SECTOR_MATERIALS,CN,sector,MATERIALS,1000.0,58000.0,99148.61012318288,14149.331630919012,0.0
2020-08-31,CN_SECTOR_MATERIALS,CN,sector,MATERIALS,1000.0,59000.0,111828.5674088245,16291.091555774758,0.0
2020-09-30,CN_SECTOR_MATERIALS,CN,sector,MATERIALS,1000.0,60000.0,104233.52275272035,15293.822939587124,-0.06791685552349135
2020-10-31,CN_SECTOR_MATERIALS,CN,sector,MATERIALS,0.0,60000.0,117203.65618435215,17456.605936169766,0.0
2020-11-30,CN_SECTOR_MATERIALS,CN,sector,MATERIALS,1000.0,61000.0,135460.33576617524,20599.198808654444,0.0
2020-12-31,CN_SECTOR_MATERIALS,CN,sector,MATERIALS,1000.0,62000.0,143596.96862408568,22016.645649574813,0.0
2021-01-31,CN_SECTOR_MATERIALS,CN,sector,MATERIALS,1000.0,63000.0,165217.47239963443,25621.467631016756,0.0
2021-02-28,CN_SECTOR_MATERIALS,CN,sector,MATERIALS,1000.0,64000.0,199106.12428817715,30850.98981596791,0.0
2021-03-31,CN_SECTOR_MATERIALS,CN,sector,MATERIALS,1000.0,64999.99999999999,167194.6382280045,25444.32136727782,-0.16027375438228814
2021-04-30,CN_SECTOR_MATERIALS,CN,sector,MATERIALS,1000.0,66000.0,175470.59819666168,27115.619743832325,-0.11870818226217131
2021-05-31,CN_SECTOR_MATERIALS,CN,sector,MATERIALS,0.0,66000.0,178973.03886527,28107.71022781594,-0.10111735887022455
2021-06-30,CN_SECTOR_MATERIALS,CN,sector,MATERIALS,1000.0,67000.0,170604.9325077287,26396.765276053182,-0.143145731364833
2021-07-31,CN_SECTOR_MATERIALS,CN,sector,MATERIALS,1000.0,68000.0,179774.18882353837,27849.08414508185,-0.0970936254911909
2021-08-31,CN_SECTOR_MATERIALS,CN,sector,MATERIALS,1000.0,69000.0,187891.1192633454,29062.369451367184,-0.05632677078581297
2021-09-30,CN_SECTOR_MATERIALS,CN,sector,MATERIALS,1000.0,70000.0,177787.72761897556,27480.481344276686,-0.10707052204153351
2021-10-31,CN_SECTOR_MATERIALS,CN,sector,MATERIALS,0.0,70000.0,173120.79069188822,27090.75996975555,-0.13050996642714482
2021-11-30,CN_SECTOR_MATERIALS,CN,sector,MATERIALS,1000.0,71000.0,161983.71710384547,25361.470952783173,-0.18644533068506922
2021-12-31,CN_SECTOR_MATERIALS,CN,sector,MATERIALS,1000.0,72000.0,167230.12242060105,26244.115074194335,-0.16009553689790185
2022-01-31,CN_SECTOR_MATERIALS,CN,sector,MATERIALS,1000.0,73000.0,159090.5953801347,25049.692896337976,-0.20097588183739534
2022-02-28,CN_SECTOR_MATERIALS,CN,sector,MATERIALS,0.0,73000.0,171917.65664206274,27219.388387808365,-0.13655264368846365
2022-03-31,CN_SECTOR_MATERIALS,CN,sector,MATERIALS,1000.0,74000.0,159975.34508701018,25208.052906662448,-0.19653227313355193
2022-04-30,CN_SECTOR_MATERIALS,CN,sector,MATERIALS,1000.0,75000.0,155661.8079664492,23495.058276251966,-0.21819678564406492
2022-05-31,CN_SECTOR_MATERIALS,CN,sector,MATERIALS,0.0,75000.0,154937.74680256675,23262.87884438894,-0.22183334462220308
2022-06-30,CN_SECTOR_MATERIALS,CN,sector,MATERIALS,1000.0,76000.0,161250.28756121444,24067.92549215341,-0.1901289418509894
2022-07-31,CN_SECTOR_MATERIALS,CN,sector,MATERIALS,1000.0,77000.0,147046.90929979752,21798.290625375626,-0.26146465948496633
2022-08-31,CN_SECTOR_MATERIALS,CN,sector,MATERIALS,1000.0,78000.0,150170.4549311234,21729.822214818167,-0.24577681641889879
2022-09-30,CN_SECTOR_MATERIALS,CN,sector,MATERIALS,1000.0,79000.0,148235.99820019462,20808.26506799038,-0.2554925232453193
2022-10-31,CN_SECTOR_MATERIALS,CN,sector,MATERIALS,0.0,79000.0,136655.43171619487,18845.38597115288,-0.3136553071647057
2022-11-30,CN_SECTOR_MATERIALS,CN,sector,MATERIALS,1000.0,80000.0,160504.45497498635,22418.70202570891,-0.19387484664871732
2022-12-31,CN_SECTOR_MATERIALS,CN,sector,MATERIALS,1000.0,81000.0,165035.76488039986,23701.478638985376,-0.17111658182078518
2023-01-31,CN_SECTOR_MATERIALS,CN,sector,MATERIALS,1000.0,82000.0,182857.83246329884,27098.881990473437,-0.08160618807165003
2023-02-28,CN_SECTOR_MATERIALS,CN,sector,MATERIALS,1000.0,83000.0,190045.30920788852,27368.669802681194,-0.04550746549199266
2023-03-31,CN_SECTOR_MATERIALS,CN,sector,MATERIALS,1000.0,84000.0,188090.80598061977,27376.980568307437,-0.055323854788184745
2023-04-30,CN_SECTOR_MATERIALS,CN,sector,MATERIALS,0.0,84000.0,188364.99207681877,27211.330892114904,-0.05394676959214046
2023-05-31,CN_SECTOR_MATERIALS,CN,sector,MATERIALS,0.0,84000.0,164041.10800892694,23172.92104779271,-0.17611219345768941
2023-06-30,CN_SECTOR_MATERIALS,CN,sector,MATERIALS,1000.0,85000.0,172997.35292967226,23855.780839492465,-0.13112992607257146
2023-07-31,CN_SECTOR_MATERIALS,CN,sector,MATERIALS,1000.0,86000.0,196566.56332295,27674.517978828266,-0.012754810904517898
2023-08-31,CN_SECTOR_MATERIALS,CN,sector,MATERIALS,1000.0,87000.0,188308.66715985746,25853.790837914472,-0.05422965851463181
2023-09-30,CN_SECTOR_MATERIALS,CN,sector,MATERIALS,1000.0,88000.0,183061.74758434077,25077.295059768465,-0.08058203513928316
2023-10-31,CN_SECTOR_MATERIALS,CN,sector,MATERIALS,0.0,88000.0,186201.70168006315,25464.873753136966,-0.06481178142685716
2023-11-30,CN_SECTOR_MATERIALS,CN,sector,MATERIALS,1000.0,89000.0,178007.7800020487,25146.249207209556,-0.10596532056237336
2023-12-31,CN_SECTOR_MATERIALS,CN,sector,MATERIALS,1000.0,90000.0,175939.13521674302,24755.753247941644,-0.11635497980917596
2024-01-31,CN_SECTOR_MATERIALS,CN,sector,MATERIALS,1000.0,91000.0,168817.9114936298,23796.945564615817,-0.1521209500854407
2024-02-29,CN_SECTOR_MATERIALS,CN,sector,MATERIALS,1000.0,92000.0,188126.4559648038,26143.198078358222,-0.05514480462430107
2024-03-31,CN_SECTOR_MATERIALS,CN,sector,MATERIALS,1000.0,93000.0,215521.16600889096,29823.727251778113,0.0
2024-04-30,CN_SECTOR_MATERIALS,CN,sector,MATERIALS,1000.0,94000.0,228899.64810704876,31626.020498983766,0.0
2024-05-31,CN_SECTOR_MATERIALS,CN,sector,MATERIALS,0.0,94000.0,225942.52952111862,31235.574673666186,-0.012918842865792443
2024-06-30,CN_SECTOR_MATERIALS,CN,sector,MATERIALS,1000.0,95000.0,220486.57679215056,30339.962709224812,-0.03675440912414024
2024-07-31,CN_SECTOR_MATERIALS,CN,sector,MATERIALS,1000.0,96000.0,212825.96572998195,29352.471598543394,-0.0702215250656466
2024-08-31,CN_SECTOR_MATERIALS,CN,sector,MATERIALS,1000.0,97000.0,201600.00835432057,28412.375247845786,-0.11926466457458712
2024-09-30,CN_SECTOR_MATERIALS,CN,sector,MATERIALS,1000.0,98000.0,238760.44151492533,34058.51904827845,0.0
2024-10-31,CN_SECTOR_MATERIALS,CN,sector,MATERIALS,0.0,98000.0,212910.74637644304,29925.05018893069,-0.10826623947613358
2024-11-30,CN_SECTOR_MATERIALS,CN,sector,MATERIALS,1000.0,99000.0,206226.93178034306,28472.97833438801,-0.13626005014967502
2024-12-31,CN_SECTOR_MATERIALS,CN,sector,MATERIALS,1000.0,100000.0,202625.40805610406,27764.13151428187,-0.15134430657585465
2025-01-31,CN_SECTOR_MATERIALS,CN,sector,MATERIALS,0.0,100000.0,207254.12079131577,28861.858262166967,-0.13195787595174155
2025-02-28,CN_SECTOR_MATERIALS,CN,sector,MATERIALS,1000.0,101000.0,203091.0095471965,27876.822606657228,-0.1493942285472741
2025-03-31,CN_SECTOR_MATERIALS,CN,sector,MATERIALS,1000.0,102000.0,221252.75444480087,30463.83596464933,-0.0733274195634708
2025-04-30,CN_SECTOR_MATERIALS,CN,sector,MATERIALS,1000.0,103000.0,203642.07603509232,28015.143009894382,-0.1470861976004417
2025-05-31,CN_SECTOR_MATERIALS,CN,sector,MATERIALS,1000.0,104000.0,205556.09248929372,28534.79331691301,-0.13906972534876952
2025-06-30,CN_SECTOR_MATERIALS,CN,sector,MATERIALS,1000.0,105000.0,217513.1375438137,30327.677459552113,-0.08899005143523084
2025-07-31,CN_SECTOR_MATERIALS,CN,sector,MATERIALS,1000.0,106000.0,228264.22668206293,31807.622318903454,-0.04396128088164163
2025-08-31,CN_SECTOR_MATERIALS,CN,sector,MATERIALS,1000.0,107000.0,259242.7303372407,36242.5184903364,0.0
2025-09-30,CN_SECTOR_MATERIALS,CN,sector,MATERIALS,1000.0,108000.0,301161.22358916403,42301.489248590166,0.0
2025-10-31,CN_SECTOR_MATERIALS,CN,sector,MATERIALS,0.0,108000.0,305927.53482201166,43028.99389068233,0.0
2025-11-30,CN_SECTOR_MATERIALS,CN,sector,MATERIALS,1000.0,109000.0,298032.58993250557,42119.98535497971,-0.025806584863632374
2025-12-31,CN_SECTOR_MATERIALS,CN,sector,MATERIALS,1000.0,110000.0,348986.2475123427,49882.97052103424,0.0
2026-01-31,CN_SECTOR_MATERIALS,CN,sector,MATERIALS,1000.0,111000.0,398292.71673343517,57324.801289228024,0.0
2026-02-28,CN_SECTOR_MATERIALS,CN,sector,MATERIALS,1000.0,112000.0,399925.08364046493,58460.88773354669,0.0
2026-03-31,CN_SECTOR_MATERIALS,CN,sector,MATERIALS,1000.0,113000.0,336913.06151516526,48746.02928569441,-0.15755956478575836
2026-04-30,CN_SECTOR_MATERIALS,CN,sector,MATERIALS,1000.0,114000.0,358509.58910542703,52521.18046962972,-0.10355813183318774
2015-01-31,CN_SECTOR_UTILITIES,CN,sector,UTILITIES,333.3333333333333,333.3333333333333,,,0.0
2015-02-28,CN_SECTOR_UTILITIES,CN,sector,UTILITIES,333.3333333333333,666.6666666666666,,,0.0
2015-03-31,CN_SECTOR_UTILITIES,CN,sector,UTILITIES,333.3333333333333,1000.0,,,0.0
2015-04-30,CN_SECTOR_UTILITIES,CN,sector,UTILITIES,333.3333333333333,1333.3333333333333,,,0.0
2015-05-31,CN_SECTOR_UTILITIES,CN,sector,UTILITIES,333.3333333333333,1666.6666666666665,,,0.0
2015-06-30,CN_SECTOR_UTILITIES,CN,sector,UTILITIES,333.3333333333333,2000.0,,,0.0
2015-07-31,CN_SECTOR_UTILITIES,CN,sector,UTILITIES,666.6666666666666,2666.6666666666665,,,0.0
2015-08-31,CN_SECTOR_UTILITIES,CN,sector,UTILITIES,666.6666666666666,3333.333333333333,,,0.0
2015-09-30,CN_SECTOR_UTILITIES,CN,sector,UTILITIES,666.6666666666666,4000.0,,,0.0
2015-10-31,CN_SECTOR_UTILITIES,CN,sector,UTILITIES,0.0,4000.0,,,0.0
2015-11-30,CN_SECTOR_UTILITIES,CN,sector,UTILITIES,666.6666666666666,4666.666666666666,,,0.0
2015-12-31,CN_SECTOR_UTILITIES,CN,sector,UTILITIES,666.6666666666666,5333.333333333333,,,0.0
2016-01-31,CN_SECTOR_UTILITIES,CN,sector,UTILITIES,666.6666666666666,6000.0,,,0.0
2016-02-29,CN_SECTOR_UTILITIES,CN,sector,UTILITIES,666.6666666666666,6666.666666666666,,,0.0
2016-03-31,CN_SECTOR_UTILITIES,CN,sector,UTILITIES,666.6666666666666,7333.333333333333,,,0.0
2016-04-30,CN_SECTOR_UTILITIES,CN,sector,UTILITIES,666.6666666666666,8000.0,,,0.0
2016-05-31,CN_SECTOR_UTILITIES,CN,sector,UTILITIES,666.6666666666666,8666.666666666666,,,0.0
2016-06-30,CN_SECTOR_UTILITIES,CN,sector,UTILITIES,666.6666666666666,9333.333333333332,,,0.0
2016-07-31,CN_SECTOR_UTILITIES,CN,sector,UTILITIES,666.6666666666666,10000.0,,,0.0
2016-08-31,CN_SECTOR_UTILITIES,CN,sector,UTILITIES,666.6666666666666,10666.666666666666,,,0.0
2016-09-30,CN_SECTOR_UTILITIES,CN,sector,UTILITIES,666.6666666666666,11333.333333333332,,,0.0
2016-10-31,CN_SECTOR_UTILITIES,CN,sector,UTILITIES,0.0,11333.333333333332,,,0.0
2016-11-30,CN_SECTOR_UTILITIES,CN,sector,UTILITIES,666.6666666666666,12000.0,,,0.0
2016-12-31,CN_SECTOR_UTILITIES,CN,sector,UTILITIES,666.6666666666666,12666.666666666666,,,0.0
2017-01-31,CN_SECTOR_UTILITIES,CN,sector,UTILITIES,666.6666666666666,13333.333333333332,,,0.0
2017-02-28,CN_SECTOR_UTILITIES,CN,sector,UTILITIES,0.0,13333.333333333332,,,0.0
2017-03-31,CN_SECTOR_UTILITIES,CN,sector,UTILITIES,666.6666666666666,14000.0,,,0.0
2017-04-30,CN_SECTOR_UTILITIES,CN,sector,UTILITIES,666.6666666666666,14666.666666666666,,,0.0
2017-05-31,CN_SECTOR_UTILITIES,CN,sector,UTILITIES,666.6666666666666,15333.333333333332,,,0.0
2017-06-30,CN_SECTOR_UTILITIES,CN,sector,UTILITIES,666.6666666666666,16000.0,,,0.0
2017-07-31,CN_SECTOR_UTILITIES,CN,sector,UTILITIES,666.6666666666666,16666.666666666664,,,0.0
2017-08-31,CN_SECTOR_UTILITIES,CN,sector,UTILITIES,666.6666666666666,17333.333333333332,,,0.0
2017-09-30,CN_SECTOR_UTILITIES,CN,sector,UTILITIES,666.6666666666666,18000.0,,,0.0
2017-10-31,CN_SECTOR_UTILITIES,CN,sector,UTILITIES,0.0,18000.0,,,0.0
2017-11-30,CN_SECTOR_UTILITIES,CN,sector,UTILITIES,666.6666666666666,18666.666666666664,,,0.0
2017-12-31,CN_SECTOR_UTILITIES,CN,sector,UTILITIES,666.6666666666666,19333.333333333332,,,0.0
2018-01-31,CN_SECTOR_UTILITIES,CN,sector,UTILITIES,666.6666666666666,20000.0,,,0.0
2018-02-28,CN_SECTOR_UTILITIES,CN,sector,UTILITIES,666.6666666666666,20666.666666666664,,,0.0
2018-03-31,CN_SECTOR_UTILITIES,CN,sector,UTILITIES,666.6666666666666,21333.333333333332,,,0.0
2018-04-30,CN_SECTOR_UTILITIES,CN,sector,UTILITIES,666.6666666666666,22000.0,,,0.0
2018-05-31,CN_SECTOR_UTILITIES,CN,sector,UTILITIES,666.6666666666666,22666.666666666664,,,0.0
2018-06-30,CN_SECTOR_UTILITIES,CN,sector,UTILITIES,666.6666666666666,23333.333333333332,,,0.0
2018-07-31,CN_SECTOR_UTILITIES,CN,sector,UTILITIES,666.6666666666666,24000.0,,,0.0
2018-08-31,CN_SECTOR_UTILITIES,CN,sector,UTILITIES,666.6666666666666,24666.666666666664,,,0.0
2018-09-30,CN_SECTOR_UTILITIES,CN,sector,UTILITIES,666.6666666666666,25333.333333333332,,,0.0
2018-10-31,CN_SECTOR_UTILITIES,CN,sector,UTILITIES,0.0,25333.333333333332,,,0.0
2018-11-30,CN_SECTOR_UTILITIES,CN,sector,UTILITIES,666.6666666666666,26000.0,,,0.0
2018-12-31,CN_SECTOR_UTILITIES,CN,sector,UTILITIES,666.6666666666666,26666.666666666664,,,0.0
2019-01-31,CN_SECTOR_UTILITIES,CN,sector,UTILITIES,666.6666666666666,27333.333333333332,,,0.0
2019-02-28,CN_SECTOR_UTILITIES,CN,sector,UTILITIES,0.0,27333.333333333332,,,0.0
2019-03-31,CN_SECTOR_UTILITIES,CN,sector,UTILITIES,666.6666666666666,28000.0,,,0.0
2019-04-30,CN_SECTOR_UTILITIES,CN,sector,UTILITIES,666.6666666666666,28666.666666666664,,,0.0
2019-05-31,CN_SECTOR_UTILITIES,CN,sector,UTILITIES,0.0,28666.666666666664,,,0.0
2019-06-30,CN_SECTOR_UTILITIES,CN,sector,UTILITIES,666.6666666666666,29333.333333333332,,,0.0
2019-07-31,CN_SECTOR_UTILITIES,CN,sector,UTILITIES,666.6666666666666,30000.0,,,0.0
2019-08-31,CN_SECTOR_UTILITIES,CN,sector,UTILITIES,666.6666666666666,30666.666666666664,,,0.0
2019-09-30,CN_SECTOR_UTILITIES,CN,sector,UTILITIES,666.6666666666666,31333.333333333332,,,0.0
2019-10-31,CN_SECTOR_UTILITIES,CN,sector,UTILITIES,0.0,31333.333333333332,,,0.0
2019-11-30,CN_SECTOR_UTILITIES,CN,sector,UTILITIES,666.6666666666666,32000.0,,,0.0
2019-12-31,CN_SECTOR_UTILITIES,CN,sector,UTILITIES,666.6666666666666,32666.666666666664,,,0.0
2020-01-31,CN_SECTOR_UTILITIES,CN,sector,UTILITIES,0.0,32666.666666666664,,,0.0
2020-02-29,CN_SECTOR_UTILITIES,CN,sector,UTILITIES,666.6666666666666,33333.33333333333,,,0.0
2020-03-31,CN_SECTOR_UTILITIES,CN,sector,UTILITIES,666.6666666666666,34000.0,,,0.0
2020-04-30,CN_SECTOR_UTILITIES,CN,sector,UTILITIES,666.6666666666666,34666.666666666664,,,0.0
2020-05-31,CN_SECTOR_UTILITIES,CN,sector,UTILITIES,666.6666666666666,35333.33333333333,,,0.0
2020-06-30,CN_SECTOR_UTILITIES,CN,sector,UTILITIES,666.6666666666666,36000.0,,,0.0
2020-07-31,CN_SECTOR_UTILITIES,CN,sector,UTILITIES,666.6666666666666,36666.666666666664,,,0.0
2020-08-31,CN_SECTOR_UTILITIES,CN,sector,UTILITIES,666.6666666666666,37333.33333333333,,,0.0
2020-09-30,CN_SECTOR_UTILITIES,CN,sector,UTILITIES,666.6666666666666,38000.0,,,0.0
2020-10-31,CN_SECTOR_UTILITIES,CN,sector,UTILITIES,0.0,38000.0,,,0.0
2020-11-30,CN_SECTOR_UTILITIES,CN,sector,UTILITIES,666.6666666666666,38666.666666666664,,,0.0
2020-12-31,CN_SECTOR_UTILITIES,CN,sector,UTILITIES,666.6666666666666,39333.33333333333,,,0.0
2021-01-31,CN_SECTOR_UTILITIES,CN,sector,UTILITIES,666.6666666666666,40000.0,,,0.0
2021-02-28,CN_SECTOR_UTILITIES,CN,sector,UTILITIES,666.6666666666666,40666.666666666664,,,0.0
2021-03-31,CN_SECTOR_UTILITIES,CN,sector,UTILITIES,666.6666666666666,41333.33333333333,,,0.0
2021-04-30,CN_SECTOR_UTILITIES,CN,sector,UTILITIES,666.6666666666666,42000.0,,,0.0
2021-05-31,CN_SECTOR_UTILITIES,CN,sector,UTILITIES,0.0,42000.0,,,0.0
2021-06-30,CN_SECTOR_UTILITIES,CN,sector,UTILITIES,666.6666666666666,42666.666666666664,71675.10882127153,11089.896381541974,0.0
2021-07-31,CN_SECTOR_UTILITIES,CN,sector,UTILITIES,1000.0,43666.666666666664,69331.4493887868,10740.23685248858,-0.03269837285254571
2021-08-31,CN_SECTOR_UTILITIES,CN,sector,UTILITIES,1000.0,44666.666666666664,73133.30470052519,11312.014792072765,0.0
2021-09-30,CN_SECTOR_UTILITIES,CN,sector,UTILITIES,1000.0,45666.666666666664,84606.40693811086,13077.532508047441,0.0
2021-10-31,CN_SECTOR_UTILITIES,CN,sector,UTILITIES,0.0,45666.666666666664,82170.26329097197,12858.391361145983,-0.028793843578783746
2021-11-30,CN_SECTOR_UTILITIES,CN,sector,UTILITIES,1000.0,46666.666666666664,80299.57035480023,12572.34527942493,-0.05090437874830272
2021-12-31,CN_SECTOR_UTILITIES,CN,sector,UTILITIES,1000.0,47666.666666666664,91799.68609710378,14406.504586822693,0.0
2022-01-31,CN_SECTOR_UTILITIES,CN,sector,UTILITIES,1000.0,48666.666666666664,86809.35973288803,13668.613136060361,-0.05436103952400329
2022-02-28,CN_SECTOR_UTILITIES,CN,sector,UTILITIES,0.0,48666.666666666664,90160.11107065639,14274.875124837508,-0.017860355477828996
2022-03-31,CN_SECTOR_UTILITIES,CN,sector,UTILITIES,1000.0,49666.666666666664,91558.21333990862,14427.249928147281,-0.0026304311862215017
2022-04-30,CN_SECTOR_UTILITIES,CN,sector,UTILITIES,1000.0,50666.666666666664,89919.26973543405,13572.105516385865,-0.020483908405532762
2022-05-31,CN_SECTOR_UTILITIES,CN,sector,UTILITIES,0.0,50666.666666666664,92654.632041942,13911.480733676364,0.0
2022-06-30,CN_SECTOR_UTILITIES,CN,sector,UTILITIES,1000.0,51666.666666666664,90719.35016050246,13540.605684381606,-0.02088704945224416
2022-07-31,CN_SECTOR_UTILITIES,CN,sector,UTILITIES,1000.0,52666.666666666664,90271.78012711786,13381.923549777272,-0.025717569238691552
2022-08-31,CN_SECTOR_UTILITIES,CN,sector,UTILITIES,1000.0,53666.666666666664,92151.47104454042,13334.414439579721,-0.00543050019532545
2022-09-30,CN_SECTOR_UTILITIES,CN,sector,UTILITIES,1000.0,54666.666666666664,88740.24664791035,12456.694708897901,-0.04224705562760987
2022-10-31,CN_SECTOR_UTILITIES,CN,sector,UTILITIES,0.0,54666.666666666664,85289.7391072916,11761.830705667888,-0.07948758494142547
2022-11-30,CN_SECTOR_UTILITIES,CN,sector,UTILITIES,1000.0,55666.666666666664,88892.47635167975,12416.190815178672,-0.040604075666278876
2022-12-31,CN_SECTOR_UTILITIES,CN,sector,UTILITIES,1000.0,56666.666666666664,88428.7570970575,12699.624829362361,-0.04560889026003106
2023-01-31,CN_SECTOR_UTILITIES,CN,sector,UTILITIES,1000.0,57666.666666666664,89300.1053582835,13233.958776836485,-0.03620463013808093
2023-02-28,CN_SECTOR_UTILITIES,CN,sector,UTILITIES,1000.0,58666.666666666664,90883.19663488222,13088.206226607519,-0.01911869237425605
2023-03-31,CN_SECTOR_UTILITIES,CN,sector,UTILITIES,1000.0,59666.666666666664,93330.04551849728,13584.36862066728,0.0
2023-04-30,CN_SECTOR_UTILITIES,CN,sector,UTILITIES,0.0,59666.666666666664,96522.99622539434,13943.775645510708,0.0
2023-05-31,CN_SECTOR_UTILITIES,CN,sector,UTILITIES,0.0,59666.666666666664,98220.05950931567,13874.849493183221,0.0
2023-06-30,CN_SECTOR_UTILITIES,CN,sector,UTILITIES,1000.0,60666.666666666664,98439.18084231533,13574.447726654524,0.0
2023-07-31,CN_SECTOR_UTILITIES,CN,sector,UTILITIES,1000.0,61666.666666666664,99519.02811055981,14011.239175791427,0.0
2023-08-31,CN_SECTOR_UTILITIES,CN,sector,UTILITIES,1000.0,62666.666666666664,100589.51069567767,13810.411433726063,0.0
2023-09-30,CN_SECTOR_UTILITIES,CN,sector,UTILITIES,1000.0,63666.666666666664,102188.79670507617,13998.65695915108,0.0
2023-10-31,CN_SECTOR_UTILITIES,CN,sector,UTILITIES,0.0,63666.666666666664,103335.83060868233,14132.168808784807,0.0
2023-11-30,CN_SECTOR_UTILITIES,CN,sector,UTILITIES,1000.0,64666.666666666664,102822.93834883391,14525.270928650218,-0.0049633535321419
2023-12-31,CN_SECTOR_UTILITIES,CN,sector,UTILITIES,1000.0,65666.66666666666,106581.69684673412,14996.721364091252,0.0
2024-01-31,CN_SECTOR_UTILITIES,CN,sector,UTILITIES,1000.0,66666.66666666666,113197.31274347188,15956.543151043774,0.0
2024-02-29,CN_SECTOR_UTILITIES,CN,sector,UTILITIES,1000.0,67666.66666666666,117455.6178559548,16322.348004039684,0.0
2024-03-31,CN_SECTOR_UTILITIES,CN,sector,UTILITIES,1000.0,68666.66666666666,120664.28194678127,16697.47199522854,0.0
2024-04-30,CN_SECTOR_UTILITIES,CN,sector,UTILITIES,1000.0,69666.66666666666,123530.56169163989,17067.654356915875,0.0
2024-05-31,CN_SECTOR_UTILITIES,CN,sector,UTILITIES,0.0,69666.66666666666,126628.27880052134,17505.810290141973,0.0
2024-06-30,CN_SECTOR_UTILITIES,CN,sector,UTILITIES,1000.0,70666.66666666666,136532.33130888818,18787.474052990357,0.0
2024-07-31,CN_SECTOR_UTILITIES,CN,sector,UTILITIES,1000.0,71666.66666666666,141922.99946974585,19573.696267874828,0.0
2024-08-31,CN_SECTOR_UTILITIES,CN,sector,UTILITIES,1000.0,72666.66666666666,141065.78333112723,19881.020855867435,-0.006040008609044056
2024-09-30,CN_SECTOR_UTILITIES,CN,sector,UTILITIES,1000.0,73666.66666666666,144944.72019950495,20675.964923417327,0.0
2024-10-31,CN_SECTOR_UTILITIES,CN,sector,UTILITIES,0.0,73666.66666666666,134768.4757183087,18941.990803157933,-0.07020776242963146
2024-11-30,CN_SECTOR_UTILITIES,CN,sector,UTILITIES,1000.0,74666.66666666666,131849.3451853947,18203.94415248156,-0.09034737516541144
2024-12-31,CN_SECTOR_UTILITIES,CN,sector,UTILITIES,1000.0,75666.66666666666,141651.67183498875,19409.390380872566,-0.02271933989719378
2025-01-31,CN_SECTOR_UTILITIES,CN,sector,UTILITIES,0.0,75666.66666666666,136783.48025079464,19048.23607140442,-0.05630587949307162
2025-02-28,CN_SECTOR_UTILITIES,CN,sector,UTILITIES,1000.0,76666.66666666666,133913.54055291502,18381.335653144586,-0.07610611570677699
2025-03-31,CN_SECTOR_UTILITIES,CN,sector,UTILITIES,1000.0,77666.66666666666,134016.6343527868,18452.47430117868,-0.07539485282165864
2025-04-30,CN_SECTOR_UTILITIES,CN,sector,UTILITIES,1000.0,78666.66666666666,138538.58336149095,19058.822718893935,-0.04419710375925707
2025-05-31,CN_SECTOR_UTILITIES,CN,sector,UTILITIES,1000.0,79666.66666666666,142751.56062087943,19816.422022109284,-0.01513100701844682
2025-06-30,CN_SECTOR_UTILITIES,CN,sector,UTILITIES,1000.0,80666.66666666666,142255.78268517967,19834.60651043774,-0.018551469212705188
2025-07-31,CN_SECTOR_UTILITIES,CN,sector,UTILITIES,1000.0,81666.66666666666,138109.69779104705,19244.98275428069,-0.04715606335332561
2025-08-31,CN_SECTOR_UTILITIES,CN,sector,UTILITIES,1000.0,82666.66666666666,137982.91181647376,19290.215877427156,-0.048030782862934336
2025-09-30,CN_SECTOR_UTILITIES,CN,sector,UTILITIES,1000.0,83666.66666666666,136234.19082528923,19135.62805266045,-0.060095527192893725
2025-10-31,CN_SECTOR_UTILITIES,CN,sector,UTILITIES,0.0,83666.66666666666,139362.45880658872,19601.46016953984,-0.03851303714431744
2025-11-30,CN_SECTOR_UTILITIES,CN,sector,UTILITIES,1000.0,84666.66666666666,138105.54908499282,19518.012128199425,-0.047184686031326695
2025-12-31,CN_SECTOR_UTILITIES,CN,sector,UTILITIES,1000.0,85666.66666666666,137312.2066325596,19626.964685443323,-0.052658099973836976
2026-01-31,CN_SECTOR_UTILITIES,CN,sector,UTILITIES,1000.0,86666.66666666666,136418.35613758207,19634.190707594127,-0.05882493719113753
2026-02-28,CN_SECTOR_UTILITIES,CN,sector,UTILITIES,1000.0,87666.66666666666,136430.03355489866,19943.287384062285,-0.05874437256415065
2026-03-31,CN_SECTOR_UTILITIES,CN,sector,UTILITIES,1000.0,88666.66666666666,142652.17907029248,20639.530172431725,-0.01581665842023756
2026-04-30,CN_SECTOR_UTILITIES,CN,sector,UTILITIES,1000.0,89666.66666666666,142800.80479414275,20920.128966469536,-0.014791262506224952
2015-01-31,CN_SECTOR_REAL_ESTATE,CN,sector,REAL_ESTATE,1000.0,1000.0,940.298707136773,150.77104814638577,0.0
2015-02-28,CN_SECTOR_REAL_ESTATE,CN,sector,REAL_ESTATE,1000.0,2000.0,1906.5335406363183,305.0697819529575,0.0
2015-03-31,CN_SECTOR_REAL_ESTATE,CN,sector,REAL_ESTATE,1000.0,3000.0,3456.528728853051,557.819547605428,0.0
2015-04-30,CN_SECTOR_REAL_ESTATE,CN,sector,REAL_ESTATE,1000.0,4000.0,4927.195713701167,795.9671467016359,0.0
2015-05-31,CN_SECTOR_REAL_ESTATE,CN,sector,REAL_ESTATE,1000.0,5000.0,5514.604998171204,890.7166937855156,0.0
2015-06-30,CN_SECTOR_REAL_ESTATE,CN,sector,REAL_ESTATE,1000.0,6000.0,6395.262169177858,1031.6935664074028,0.0
2015-07-31,CN_SECTOR_REAL_ESTATE,CN,sector,REAL_ESTATE,1000.0,7000.0,6893.881716805852,1111.9702327041696,0.0
2015-08-31,CN_SECTOR_REAL_ESTATE,CN,sector,REAL_ESTATE,1000.0,8000.0,7602.144924150808,1191.8389813179945,0.0
2015-09-30,CN_SECTOR_REAL_ESTATE,CN,sector,REAL_ESTATE,1000.0,9000.0,7910.141971338824,1244.985825357878,0.0
2015-10-31,CN_SECTOR_REAL_ESTATE,CN,sector,REAL_ESTATE,0.0,9000.0,8779.5206032228,1383.3205190602928,0.0
2015-11-30,CN_SECTOR_REAL_ESTATE,CN,sector,REAL_ESTATE,1000.0,10000.0,10799.083604271955,1691.3207857728032,0.0
2015-12-31,CN_SECTOR_REAL_ESTATE,CN,sector,REAL_ESTATE,1000.0,11000.0,12676.397863714523,1955.8719738539037,0.0
2016-01-31,CN_SECTOR_REAL_ESTATE,CN,sector,REAL_ESTATE,1000.0,12000.0,12095.334626556836,1842.3406597273724,-0.04583819815414185
2016-02-29,CN_SECTOR_REAL_ESTATE,CN,sector,REAL_ESTATE,1000.0,13000.0,13147.79622176322,2013.321791275026,0.0
2016-03-31,CN_SECTOR_REAL_ESTATE,CN,sector,REAL_ESTATE,1000.0,14000.0,14409.81503242872,2232.314743316956,0.0
2016-04-30,CN_SECTOR_REAL_ESTATE,CN,sector,REAL_ESTATE,1000.0,15000.0,15058.112605865736,2328.8502351675825,0.0
2016-05-31,CN_SECTOR_REAL_ESTATE,CN,sector,REAL_ESTATE,1000.0,16000.0,15796.104245846003,2403.0706833232953,0.0
2016-06-30,CN_SECTOR_REAL_ESTATE,CN,sector,REAL_ESTATE,1000.0,17000.0,16894.47874462571,2549.4173041236613,0.0
2016-07-31,CN_SECTOR_REAL_ESTATE,CN,sector,REAL_ESTATE,1000.0,18000.0,15833.390134076637,2378.778957444361,-0.06280682740132575
2016-08-31,CN_SECTOR_REAL_ESTATE,CN,sector,REAL_ESTATE,1000.0,19000.0,20644.96272971708,3090.378279008675,0.0
2016-09-30,CN_SECTOR_REAL_ESTATE,CN,sector,REAL_ESTATE,1000.0,20000.0,21897.717430357716,3283.6559920016994,0.0
2016-10-31,CN_SECTOR_REAL_ESTATE,CN,sector,REAL_ESTATE,0.0,20000.0,21380.05251775009,3151.8194906082845,-0.023640131180520482
2016-11-30,CN_SECTOR_REAL_ESTATE,CN,sector,REAL_ESTATE,1000.0,21000.0,24548.280002788564,3559.114556956718,0.0
2016-12-31,CN_SECTOR_REAL_ESTATE,CN,sector,REAL_ESTATE,1000.0,22000.0,21304.63957268961,3067.490138523631,-0.13213310381544005
2017-01-31,CN_SECTOR_REAL_ESTATE,CN,sector,REAL_ESTATE,1000.0,23000.0,22516.92118256419,3272.475303100835,-0.08274953764555486
2017-02-28,CN_SECTOR_REAL_ESTATE,CN,sector,REAL_ESTATE,0.0,23000.0,22831.538924611345,3323.3197265858685,-0.0699332530825869
2017-03-31,CN_SECTOR_REAL_ESTATE,CN,sector,REAL_ESTATE,1000.0,24000.0,24084.84313659508,3496.130548698208,-0.01887858807789555
2017-04-30,CN_SECTOR_REAL_ESTATE,CN,sector,REAL_ESTATE,1000.0,25000.0,25088.646635433615,3637.6699664427388,0.0
2017-05-31,CN_SECTOR_REAL_ESTATE,CN,sector,REAL_ESTATE,1000.0,26000.0,27600.746062780046,4025.8971165361318,0.0
2017-06-30,CN_SECTOR_REAL_ESTATE,CN,sector,REAL_ESTATE,1000.0,27000.0,31304.390514134524,4613.288420081217,0.0
2017-07-31,CN_SECTOR_REAL_ESTATE,CN,sector,REAL_ESTATE,1000.0,28000.0,31130.337681912402,4619.498260696584,-0.005560013447427878
2017-08-31,CN_SECTOR_REAL_ESTATE,CN,sector,REAL_ESTATE,1000.0,29000.0,31636.24076463357,4796.4949566560035,0.0
2017-09-30,CN_SECTOR_REAL_ESTATE,CN,sector,REAL_ESTATE,1000.0,30000.0,34022.6462779601,5104.673139187986,0.0
2017-10-31,CN_SECTOR_REAL_ESTATE,CN,sector,REAL_ESTATE,0.0,30000.0,35945.09857761644,5411.46268297187,0.0
2017-11-30,CN_SECTOR_REAL_ESTATE,CN,sector,REAL_ESTATE,1000.0,31000.0,40698.41651213372,6158.6815405913185,0.0
2017-12-31,CN_SECTOR_REAL_ESTATE,CN,sector,REAL_ESTATE,1000.0,32000.0,43309.8381973488,6630.816064588557,0.0
2018-01-31,CN_SECTOR_REAL_ESTATE,CN,sector,REAL_ESTATE,1000.0,33000.0,54835.743157280056,8675.03142155238,0.0
2018-02-28,CN_SECTOR_REAL_ESTATE,CN,sector,REAL_ESTATE,1000.0,34000.0,47858.64871364273,7576.527118966088,-0.12723625215811518
2018-03-31,CN_SECTOR_REAL_ESTATE,CN,sector,REAL_ESTATE,1000.0,35000.0,47808.01651169314,7601.968115739167,-0.12815959520107112
2018-04-30,CN_SECTOR_REAL_ESTATE,CN,sector,REAL_ESTATE,1000.0,36000.0,45290.687102131735,7147.0234914811745,-0.17406632071660197
2018-05-31,CN_SECTOR_REAL_ESTATE,CN,sector,REAL_ESTATE,1000.0,37000.0,43417.665730414985,6764.983520356164,-0.2082232640508893
2018-06-30,CN_SECTOR_REAL_ESTATE,CN,sector,REAL_ESTATE,1000.0,38000.0,42228.67446841947,6371.831331915319,-0.2299060423545451
2018-07-31,CN_SECTOR_REAL_ESTATE,CN,sector,REAL_ESTATE,1000.0,39000.0,42374.95643027945,6217.9866056590745,-0.2272384034490156
2018-08-31,CN_SECTOR_REAL_ESTATE,CN,sector,REAL_ESTATE,1000.0,40000.0,43390.4018909189,6340.752208943486,-0.2087204550786079
2018-09-30,CN_SECTOR_REAL_ESTATE,CN,sector,REAL_ESTATE,1000.0,41000.0,44889.90787140353,6524.411374172261,-0.18137504323320378
2018-10-31,CN_SECTOR_REAL_ESTATE,CN,sector,REAL_ESTATE,0.0,41000.0,45477.6587922389,6528.237187963453,-0.17065665250857032
2018-11-30,CN_SECTOR_REAL_ESTATE,CN,sector,REAL_ESTATE,1000.0,42000.0,48012.17033345584,6916.68501629157,-0.12443658881858903
2018-12-31,CN_SECTOR_REAL_ESTATE,CN,sector,REAL_ESTATE,1000.0,43000.0,45072.28976279479,6553.872060251314,-0.17804907588252608
2019-01-31,CN_SECTOR_REAL_ESTATE,CN,sector,REAL_ESTATE,1000.0,44000.0,51800.23352790235,7713.533537263911,-0.05535640541373263
2019-02-28,CN_SECTOR_REAL_ESTATE,CN,sector,REAL_ESTATE,0.0,44000.0,53845.308075510125,8053.200163427172,-0.018061852083032074
2019-03-31,CN_SECTOR_REAL_ESTATE,CN,sector,REAL_ESTATE,1000.0,45000.0,59598.88852207245,8845.058408630304,0.0
2019-04-30,CN_SECTOR_REAL_ESTATE,CN,sector,REAL_ESTATE,1000.0,46000.0,56718.770914095454,8424.747699994965,-0.048325022150544676
2019-05-31,CN_SECTOR_REAL_ESTATE,CN,sector,REAL_ESTATE,0.0,46000.0,53635.550413889905,7772.254530785018,-0.10005787450170352
2019-06-30,CN_SECTOR_REAL_ESTATE,CN,sector,REAL_ESTATE,1000.0,47000.0,55700.783704092406,8111.253023091498,-0.06540566300219473
2019-07-31,CN_SECTOR_REAL_ESTATE,CN,sector,REAL_ESTATE,1000.0,48000.0,59328.275487568666,8618.785731634649,-0.004540571833039475
2019-08-31,CN_SECTOR_REAL_ESTATE,CN,sector,REAL_ESTATE,1000.0,49000.0,56235.65907244214,7872.173578384009,-0.056431076703464624
2019-09-30,CN_SECTOR_REAL_ESTATE,CN,sector,REAL_ESTATE,1000.0,50000.0,57992.175559357056,8142.909938561587,-0.0269587739395567
2019-10-31,CN_SECTOR_REAL_ESTATE,CN,sector,REAL_ESTATE,0.0,50000.0,58431.739395375174,8283.020479007602,-0.019583404248638293
2019-11-30,CN_SECTOR_REAL_ESTATE,CN,sector,REAL_ESTATE,1000.0,51000.0,59857.40916096326,8509.241623709187,0.0
2019-12-31,CN_SECTOR_REAL_ESTATE,CN,sector,REAL_ESTATE,1000.0,52000.0,68744.52155263993,9840.748997063969,0.0
2020-01-31,CN_SECTOR_REAL_ESTATE,CN,sector,REAL_ESTATE,0.0,52000.0,63326.657938131306,9130.535993259362,-0.0788115691569689
2020-02-29,CN_SECTOR_REAL_ESTATE,CN,sector,REAL_ESTATE,1000.0,53000.0,65569.37222240822,9362.37200903358,-0.04618767079207024
2020-03-31,CN_SECTOR_REAL_ESTATE,CN,sector,REAL_ESTATE,1000.0,54000.0,60232.62281389233,8484.424266022908,-0.12381930292772136
2020-04-30,CN_SECTOR_REAL_ESTATE,CN,sector,REAL_ESTATE,1000.0,55000.0,65148.99364014262,9207.817902199005,-0.052302755642049184
2020-05-31,CN_SECTOR_REAL_ESTATE,CN,sector,REAL_ESTATE,1000.0,56000.0,61084.501452707795,8549.026391184336,-0.11142735343741689
2020-06-30,CN_SECTOR_REAL_ESTATE,CN,sector,REAL_ESTATE,1000.0,57000.0,63500.74572184196,8969.538815967451,-0.076279181414953
2020-07-31,CN_SECTOR_REAL_ESTATE,CN,sector,REAL_ESTATE,1000.0,58000.0,67130.16912409621,9580.033690804352,-0.02348336117675288
2020-08-31,CN_SECTOR_REAL_ESTATE,CN,sector,REAL_ESTATE,1000.0,59000.0,68912.75917112999,10039.152740942158,0.0
2020-09-30,CN_SECTOR_REAL_ESTATE,CN,sector,REAL_ESTATE,1000.0,60000.0,68678.17343180977,10076.909966596542,-0.003404097327429216
2020-10-31,CN_SECTOR_REAL_ESTATE,CN,sector,REAL_ESTATE,0.0,60000.0,66183.98385662356,9857.60822728625,-0.03959753385770128
2020-11-30,CN_SECTOR_REAL_ESTATE,CN,sector,REAL_ESTATE,1000.0,61000.0,74039.63714222865,11259.068542736028,0.0
2020-12-31,CN_SECTOR_REAL_ESTATE,CN,sector,REAL_ESTATE,1000.0,62000.0,69205.21595425619,10610.716447335877,-0.06529504160974797
2021-01-31,CN_SECTOR_REAL_ESTATE,CN,sector,REAL_ESTATE,1000.0,63000.0,64136.359728601914,9946.088878437875,-0.13375642825751208
2021-02-28,CN_SECTOR_REAL_ESTATE,CN,sector,REAL_ESTATE,1000.0,64000.0,74529.85860391936,11548.212878912322,0.0
2021-03-31,CN_SECTOR_REAL_ESTATE,CN,sector,REAL_ESTATE,1000.0,64999.99999999999,69428.50446800166,10565.896122363962,-0.06844711946963809
2021-04-30,CN_SECTOR_REAL_ESTATE,CN,sector,REAL_ESTATE,1000.0,66000.0,67454.82095102023,10423.850454685215,-0.0949289021263093
2021-05-31,CN_SECTOR_REAL_ESTATE,CN,sector,REAL_ESTATE,0.0,66000.0,65095.56756192581,10223.256875708552,-0.1265840458940227
2021-06-30,CN_SECTOR_REAL_ESTATE,CN,sector,REAL_ESTATE,1000.0,67000.0,59645.39234389316,9228.60434547238,-0.19971145174349572
2021-07-31,CN_SECTOR_REAL_ESTATE,CN,sector,REAL_ESTATE,1000.0,68000.0,51575.590025302736,7989.650549093935,-0.3079875503401198
2021-08-31,CN_SECTOR_REAL_ESTATE,CN,sector,REAL_ESTATE,1000.0,69000.0,55171.090143152,8533.679564320762,-0.2597451387053795
2021-09-30,CN_SECTOR_REAL_ESTATE,CN,sector,REAL_ESTATE,1000.0,70000.0,66892.37592477899,10339.491444622268,-0.10247547522837695
2021-10-31,CN_SECTOR_REAL_ESTATE,CN,sector,REAL_ESTATE,0.0,70000.0,57483.916630584674,8995.355100544703,-0.22871292516363742
2021-11-30,CN_SECTOR_REAL_ESTATE,CN,sector,REAL_ESTATE,1000.0,71000.0,62555.956648102285,9794.262693930648,-0.16065912615574712
2021-12-31,CN_SECTOR_REAL_ESTATE,CN,sector,REAL_ESTATE,1000.0,72000.0,71393.33232399008,11204.051052050048,-0.04208415712416688
2022-01-31,CN_SECTOR_REAL_ESTATE,CN,sector,REAL_ESTATE,1000.0,73000.0,73438.6324741055,11563.318282942857,-0.014641462499118128
2022-02-28,CN_SECTOR_REAL_ESTATE,CN,sector,REAL_ESTATE,0.0,73000.0,72458.33866163228,11472.187909544646,-0.02779449714638453
2022-03-31,CN_SECTOR_REAL_ESTATE,CN,sector,REAL_ESTATE,1000.0,74000.0,79583.09155257183,12540.274760725539,0.0
2022-04-30,CN_SECTOR_REAL_ESTATE,CN,sector,REAL_ESTATE,1000.0,75000.0,82396.14271169712,12436.590580824775,0.0
2022-05-31,CN_SECTOR_REAL_ESTATE,CN,sector,REAL_ESTATE,0.0,75000.0,70585.28849561767,10597.914635754805,-0.1433423195234448
2022-06-30,CN_SECTOR_REAL_ESTATE,CN,sector,REAL_ESTATE,1000.0,76000.0,80161.33051935682,11964.734819833104,-0.02712277685327903
2022-07-31,CN_SECTOR_REAL_ESTATE,CN,sector,REAL_ESTATE,1000.0,77000.0,76102.16788237472,11281.414758191147,-0.07638676547450675
2022-08-31,CN_SECTOR_REAL_ESTATE,CN,sector,REAL_ESTATE,1000.0,78000.0,79217.63617362632,11462.874978440816,-0.038575914277836326
2022-09-30,CN_SECTOR_REAL_ESTATE,CN,sector,REAL_ESTATE,1000.0,79000.0,85797.0807647669,12043.555008831212,0.0
2022-10-31,CN_SECTOR_REAL_ESTATE,CN,sector,REAL_ESTATE,0.0,79000.0,66493.78624128291,9169.786013356159,-0.2249877775726258
2022-11-30,CN_SECTOR_REAL_ESTATE,CN,sector,REAL_ESTATE,1000.0,80000.0,83491.71099527105,11661.830761714937,-0.026870025750836128
2022-12-31,CN_SECTOR_REAL_ESTATE,CN,sector,REAL_ESTATE,1000.0,81000.0,76332.19203373839,10962.386366771367,-0.11031714187314542
2023-01-31,CN_SECTOR_REAL_ESTATE,CN,sector,REAL_ESTATE,1000.0,82000.0,82362.86109565488,12205.883790495425,-0.04002723214473636
2023-02-28,CN_SECTOR_REAL_ESTATE,CN,sector,REAL_ESTATE,1000.0,83000.0,80410.6018401113,11580.034359014453,-0.06278161071032144
2023-03-31,CN_SECTOR_REAL_ESTATE,CN,sector,REAL_ESTATE,1000.0,84000.0,74743.90557544192,10879.120007328373,-0.12882926890752708
2023-04-30,CN_SECTOR_REAL_ESTATE,CN,sector,REAL_ESTATE,0.0,84000.0,74174.87332085641,10715.351082813677,-0.1354615721224308
2023-05-31,CN_SECTOR_REAL_ESTATE,CN,sector,REAL_ESTATE,0.0,84000.0,68698.32304029696,9704.523672456107,-0.19929300125432292
2023-06-30,CN_SECTOR_REAL_ESTATE,CN,sector,REAL_ESTATE,1000.0,85000.0,70633.11613865929,9740.080469897548,-0.17674219788063916
2023-07-31,CN_SECTOR_REAL_ESTATE,CN,sector,REAL_ESTATE,1000.0,86000.0,78204.93966804596,11010.438257094096,-0.08848950371093159
2023-08-31,CN_SECTOR_REAL_ESTATE,CN,sector,REAL_ESTATE,1000.0,87000.0,75407.3484057984,10353.03283024273,-0.12109657189216518
2023-09-30,CN_SECTOR_REAL_ESTATE,CN,sector,REAL_ESTATE,1000.0,88000.0,70429.39155751056,9647.99394889388,-0.1791166910374318
2023-10-31,CN_SECTOR_REAL_ESTATE,CN,sector,REAL_ESTATE,0.0,88000.0,61509.52981754209,8412.019854200034,-0.28308132084138043
2023-11-30,CN_SECTOR_REAL_ESTATE,CN,sector,REAL_ESTATE,1000.0,89000.0,59713.64171511258,8435.440943204636,-0.30401312978431366
2023-12-31,CN_SECTOR_REAL_ESTATE,CN,sector,REAL_ESTATE,1000.0,90000.0,56858.603469345806,8000.366466367246,-0.337289766009205
2024-01-31,CN_SECTOR_REAL_ESTATE,CN,sector,REAL_ESTATE,1000.0,91000.0,54325.43700339254,7657.833553950109,-0.3668148552473639
2024-02-29,CN_SECTOR_REAL_ESTATE,CN,sector,REAL_ESTATE,1000.0,92000.0,57813.70866702986,8034.145062560624,-0.32615762504158047
2024-03-31,CN_SECTOR_REAL_ESTATE,CN,sector,REAL_ESTATE,1000.0,93000.0,55676.12012585907,7704.4378137892745,-0.35107209208541257
2024-04-30,CN_SECTOR_REAL_ESTATE,CN,sector,REAL_ESTATE,1000.0,94000.0,51700.99020176768,7143.290037624623,-0.3974038540598107
2024-05-31,CN_SECTOR_REAL_ESTATE,CN,sector,REAL_ESTATE,0.0,94000.0,58777.30780667315,8125.7078559032325,-0.3149264837130635
2024-06-30,CN_SECTOR_REAL_ESTATE,CN,sector,REAL_ESTATE,1000.0,95000.0,52025.47373894404,7158.9434428804225,-0.39362186597485466
2024-07-31,CN_SECTOR_REAL_ESTATE,CN,sector,REAL_ESTATE,1000.0,96000.0,53416.92073618674,7367.13982907436,-0.3774039832119472
2024-08-31,CN_SECTOR_REAL_ESTATE,CN,sector,REAL_ESTATE,1000.0,97000.0,52885.778974367,7453.425273938711,-0.38359465726618436
2024-09-30,CN_SECTOR_REAL_ESTATE,CN,sector,REAL_ESTATE,1000.0,98000.0,73593.38793562779,10497.8939933659,-0.1422390216585391
2024-10-31,CN_SECTOR_REAL_ESTATE,CN,sector,REAL_ESTATE,0.0,98000.0,70147.23370986419,9859.340240491463,-0.1824053559329191
2024-11-30,CN_SECTOR_REAL_ESTATE,CN,sector,REAL_ESTATE,1000.0,99000.0,69376.50105806591,9578.553074949268,-0.19138855961453874
2024-12-31,CN_SECTOR_REAL_ESTATE,CN,sector,REAL_ESTATE,1000.0,100000.0,60656.59039443833,8311.285189134896,-0.2930226780006327
2025-01-31,CN_SECTOR_REAL_ESTATE,CN,sector,REAL_ESTATE,0.0,100000.0,58153.18902439803,8098.314729313249,-0.32220084289535644
2025-02-28,CN_SECTOR_REAL_ESTATE,CN,sector,REAL_ESTATE,1000.0,101000.0,61246.71245227457,8406.889808070144,-0.28614456451966
2025-03-31,CN_SECTOR_REAL_ESTATE,CN,sector,REAL_ESTATE,1000.0,102000.0,58159.84901418841,8007.909797746891,-0.3221232179956394
2025-04-30,CN_SECTOR_REAL_ESTATE,CN,sector,REAL_ESTATE,1000.0,103000.0,58954.434760535805,8110.3912955556725,-0.31286199675985005
2025-05-31,CN_SECTOR_REAL_ESTATE,CN,sector,REAL_ESTATE,1000.0,104000.0,57779.538514866814,8020.814024542778,-0.3265558921138219
2025-06-30,CN_SECTOR_REAL_ESTATE,CN,sector,REAL_ESTATE,1000.0,105000.0,58448.22812765835,8149.388265712866,-0.31876204170736216
2025-07-31,CN_SECTOR_REAL_ESTATE,CN,sector,REAL_ESTATE,1000.0,106000.0,58967.300007015016,8216.835528946212,-0.31271204706034356
2025-08-31,CN_SECTOR_REAL_ESTATE,CN,sector,REAL_ESTATE,1000.0,107000.0,61760.05211515077,8634.146955001228,-0.2801613811957001
2025-09-30,CN_SECTOR_REAL_ESTATE,CN,sector,REAL_ESTATE,1000.0,108000.0,65184.81704472075,9155.942470037784,-0.24024434789989615
2025-10-31,CN_SECTOR_REAL_ESTATE,CN,sector,REAL_ESTATE,0.0,108000.0,60357.00985089023,8489.269884271123,-0.29651441152906677
2025-11-30,CN_SECTOR_REAL_ESTATE,CN,sector,REAL_ESTATE,1000.0,109000.0,57041.42916387613,8061.4813351576095,-0.3351588579071965
2025-12-31,CN_SECTOR_REAL_ESTATE,CN,sector,REAL_ESTATE,1000.0,110000.0,52623.144453325716,7521.782827263227,-0.3866557698203674
2026-01-31,CN_SECTOR_REAL_ESTATE,CN,sector,REAL_ESTATE,1000.0,111000.0,61434.65257663315,8842.062893118979,-0.2839540456502144
2026-02-28,CN_SECTOR_REAL_ESTATE,CN,sector,REAL_ESTATE,1000.0,112000.0,60613.95022728444,8860.522843597704,-0.2935196665551827
2026-03-31,CN_SECTOR_REAL_ESTATE,CN,sector,REAL_ESTATE,1000.0,113000.0,52174.63380562751,7548.8501871127955,-0.39188334450822776
2026-04-30,CN_SECTOR_REAL_ESTATE,CN,sector,REAL_ESTATE,1000.0,114000.0,52117.23618603806,7635.106146352685,-0.392552337195133
